"","InterZone","InterZone_Name","CPP","Typology_Group","Typology_Name","Indicator","Type","Year","value","IndicatorFullName","High is Positive","CPPScore","TypeScore","CombinedCPPScore","CombinedTypeScore","FilterRef","CPPScoreRank","TypeScoreRank"
"1","S02001738","Kincardine","Fife",55,"Accessible Rural, Dep -OP, HH Inc 40-70%","Child Poverty","Raw data","2023/24",16.9441369538349,"Child Poverty (%)","No",0.100753028119309,-0.762548082432283,-0.136602093706164,-7.93469161171301,"Child Poverty",50,9
"2","S02001739","Oakley Comrie and Blairhall","Fife",47,"Accessible Small Town, Dep - Child, HH Inc 0-100%","Child Poverty","Raw data","2023/24",21.7532169095936,"Child Poverty (%)","No",-0.503945435647179,-0.953116824385461,-1.43988117684984,-3.50353704678092,"Child Poverty",38,28
"3","S02001740","Saline and Gowkhall","Fife",60,"Accessible Rural, Dep - not OP or Child, HH Inc 60-80%","Child Poverty","Raw data","2023/24",9.00111124921896,"Child Poverty (%)","No",1.09951692587638,0.902657433235144,1.69151549556717,-1.47910228804164,"Child Poverty",61,39
"4","S02001741","Valleyfield Culross and Torryburn","Fife",49,"Accessible Small Town, Dep - Student & Adult, HH Inc 60-100%","Child Poverty","Raw data","2023/24",18.5141600297394,"Child Poverty (%)","No",-0.096663224222374,-1.77185951018584,-1.1094196417846,-10.6722315921405,"Child Poverty",41,4
"5","S02001742","Cairneyhill and Crombie","Fife",61,"Accessible Rural, Dep - not OP or Child, HH Inc 80-100%","Child Poverty","Raw data","2023/24",14.4872915876131,"Child Poverty (%)","No",0.409679191196952,-1.84926307773007,7.0072039069066,0.542282698957683,"Child Poverty",91,58
"6","S02001743","Crossford Charlestown and Limekilns","Fife",56,"Accessible Rural, Dep -OP, HH Inc 70-100%","Child Poverty","Raw data","2023/24",8.06529106515848,"Child Poverty (%)","No",1.21718788016888,0.511494271464418,8.1900605818342,3.49236854917756,"Child Poverty",96,80
"7","S02001744","Dunfermline Milesmark and Wellwood","Fife",37,"Other Urban, Dep - Adult, HH Inc 70-100%","Child Poverty","Raw data","2023/24",10.3849824640263,"Child Poverty (%)","No",0.925507592419036,-0.481745299532804,5.10118474886978,-6.34436961428895,"Child Poverty",85,15
"8","S02001745","Dunfermline Baldridgeburn","Fife",35,"Other Urban, Dep - Adult, HH Inc 0-40%","Child Poverty","Raw data","2023/24",19.3313877918823,"Child Poverty (%)","No",-0.199422250244259,0.387149638035155,-3.4184728720423,-1.5972783085517,"Child Poverty",27,36
"9","S02001746","Dunfermline Headwell","Fife",40,"Other Urban, Dep - Average, HH Inc 30-40%","Child Poverty","Raw data","2023/24",19.3275685694573,"Child Poverty (%)","No",-0.198942017444134,0.116771250335513,-1.06814599543463,0.566369333790581,"Child Poverty",42,59
"10","S02001747","Dunfermline Central","Fife",41,"Other Urban, Dep - Average, HH Inc 40-50%","Child Poverty","Raw data","2023/24",14.8201935616267,"Child Poverty (%)","No",0.36781976816328,0.637765094678233,0.254012559655268,1.95681517624701,"Child Poverty",52,74
"11","S02001748","Dunfermline Brucefield","Fife",39,"Other Urban, Dep - Average, HH Inc 20-30%","Child Poverty","Raw data","2023/24",24.063012335763,"Child Poverty (%)","No",-0.794381394015258,-0.0250563515624578,-0.48866094352381,3.87340895401826,"Child Poverty",48,84
"12","S02001749","Dunfermline Garvock Hill","Fife",26,"Other Urban, Dep - OP, HH Inc 70-100%","Child Poverty","Raw data","2023/24",6.39454819910522,"Child Poverty (%)","No",1.42726873840902,0.300617724559363,10.3468666907828,5.06364376678291,"Child Poverty",103,92
"13","S02001750","Dunfermline Bellyeoman and Townhill","Fife",25,"Other Urban, Dep - OP, HH Inc 50-70%","Child Poverty","Raw data","2023/24",9.24690005205531,"Child Poverty (%)","No",1.06861119903186,0.384378584587374,4.78241534985194,-1.11900033642765,"Child Poverty",81,42
"14","S02001751","Dunfermline Duloch North and Lynebank","Fife",31,"Other Urban, Dep - Child, HH Inc 80-100%","Child Poverty","Raw data","2023/24",7.76766814126596,"Child Poverty (%)","No",1.25461128059373,0.220344790229118,1.62550500025326,-0.664512525647256,"Child Poverty",59,45
"15","S02001752","Dunfermline Touch and Woodmill","Fife",27,"Other Urban, Dep - Child, HH Inc 0-20%","Child Poverty","Raw data","2023/24",22.9505919184197,"Child Poverty (%)","No",-0.654504551954344,0.805967907380568,-6.53921931181954,0.521537658981238,"Child Poverty",17,57
"16","S02001753","Dunfermline Abbeyview North","Fife",27,"Other Urban, Dep - Child, HH Inc 0-20%","Child Poverty","Raw data","2023/24",25.5712815080733,"Child Poverty (%)","No",-0.984032649522093,0.3409229578233,-7.83796215144548,-0.893967986065353,"Child Poverty",10,44
"17","S02001754","Dunfermline Abbeyview South","Fife",29,"Other Urban, Dep - Child, HH Inc 40-60%","Child Poverty","Raw data","2023/24",18.197636515982,"Child Poverty (%)","No",-0.056863244959007,0.337047365652882,0.653153286877352,4.30975171568164,"Child Poverty",55,87
"18","S02001755","Dunfermline Duloch South","Fife",31,"Other Urban, Dep - Child, HH Inc 80-100%","Child Poverty","Raw data","2023/24",4.80969035611692,"Child Poverty (%)","No",1.62655032901674,0.824982352745453,9.25308860284071,6.58917511338755,"Child Poverty",100,99
"19","S02001756","Dunfermline Masterton","Fife",31,"Other Urban, Dep - Child, HH Inc 80-100%","Child Poverty","Raw data","2023/24",5.31659552593085,"Child Poverty (%)","No",1.5628115722729,0.72136632566032,4.71626537808099,5.25382737391221,"Child Poverty",80,93
"20","S02001757","Dunfermline Pitcorthie East","Fife",37,"Other Urban, Dep - Adult, HH Inc 70-100%","Child Poverty","Raw data","2023/24",6.70694127762744,"Child Poverty (%)","No",1.38798812415192,0.429763640115795,9.59164451305734,3.2147650004568,"Child Poverty",101,79
"21","S02001758","Dunfermline Pitcorthie West","Fife",25,"Other Urban, Dep - OP, HH Inc 50-70%","Child Poverty","Raw data","2023/24",13.3476665704351,"Child Poverty (%)","No",0.552976766512202,-0.536179613640993,5.79100569099305,1.08628136454182,"Child Poverty",87,63
"22","S02001759","Rosyth North","Fife",40,"Other Urban, Dep - Average, HH Inc 30-40%","Child Poverty","Raw data","2023/24",14.0488747800173,"Child Poverty (%)","No",0.464806153626663,1.32988717273204,1.14115273796465,4.38455443701982,"Child Poverty",57,88
"23","S02001760","Rosyth East","Fife",38,"Other Urban, Dep - Average, HH Inc 0-20%","Child Poverty","Raw data","2023/24",19.6154666818217,"Child Poverty (%)","No",-0.235142610461839,1.24611962478099,-2.04456731627937,3.77769103484067,"Child Poverty",37,82
"24","S02001761","Rosyth Central","Fife",38,"Other Urban, Dep - Average, HH Inc 0-20%","Child Poverty","Raw data","2023/24",20.8810637842617,"Child Poverty (%)","No",-0.39428004020583,1.0058325477823,-1.16662604175963,4.88094439738597,"Child Poverty",39,90
"25","S02001762","Rosyth South","Fife",34,"Other Urban, Dep -Student, HH Inc 70-100%","Child Poverty","Raw data","2023/24",15.6678578340254,"Child Poverty (%)","No",0.261233625278416,-0.887031361365823,2.14476404349893,-5.70767384908236,"Child Poverty",62,16
"26","S02001763","North Queensferry and Inverkeithing West","Fife",36,"Other Urban, Dep - Adult, HH Inc 40-70%","Child Poverty","Raw data","2023/24",14.2549441204062,"Child Poverty (%)","No",0.438894791222857,0.142546354235041,2.25744514593785,0.295795042966285,"Child Poverty",64,56
"27","S02001764","Inverkeithing East","Fife",41,"Other Urban, Dep - Average, HH Inc 40-50%","Child Poverty","Raw data","2023/24",19.3996448095889,"Child Poverty (%)","No",-0.208004955070998,-0.635542524443888,-2.73610091333902,-4.85266318479933,"Child Poverty",33,22
"28","S02001765","Dalgety Bay West and Hillend","Fife",49,"Accessible Small Town, Dep - Student & Adult, HH Inc 60-100%","Child Poverty","Raw data","2023/24",2.34700276279475,"Child Poverty (%)","No",1.93621109950059,1.58629882550543,9.22331056328362,5.35435550979598,"Child Poverty",99,94
"29","S02001766","Dalgety Bay Central","Fife",46,"Accessible Small Town, Dep - OP, HH Inc 50-100%","Child Poverty","Raw data","2023/24",7.17833568215827,"Child Poverty (%)","No",1.32871452611025,0.311111287952471,9.67154943270663,7.12551957721302,"Child Poverty",102,100
"30","S02001767","Dalgety Bay East","Fife",45,"Accessible Small Town, Dep - OP, HH Inc 0-50%","Child Poverty","Raw data","2023/24",7.26835741749516,"Child Poverty (%)","No",1.31739510419076,2.73944570353262,7.18748542920899,12.3198729860342,"Child Poverty",92,104
"31","S02001768","Crossgates and Halbeath","Fife",43,"Other Urban, Dep - Average, HH Inc 60-80%","Child Poverty","Raw data","2023/24",13.2289837508756,"Child Poverty (%)","No",0.567900061471598,-0.248357533564949,-1.13979507194467,-6.46305178523953,"Child Poverty",40,14
"32","S02001769","Hill of Beath and Kingseat","Fife",29,"Other Urban, Dep - Child, HH Inc 40-60%","Child Poverty","Raw data","2023/24",24.1463922252418,"Child Poverty (%)","No",-0.804865663676126,-0.734449272623968,-4.12982044676235,-3.92158968114887,"Child Poverty",25,25
"33","S02001770","Cowdenbeath South","Fife",38,"Other Urban, Dep - Average, HH Inc 0-20%","Child Poverty","Raw data","2023/24",25.4926284419262,"Child Poverty (%)","No",-0.974142735295833,0.130277926296277,-5.23333911220679,0.114432486537088,"Child Poverty",22,53
"34","S02001771","Cowdenbeath North","Fife",41,"Other Urban, Dep - Average, HH Inc 40-50%","Child Poverty","Raw data","2023/24",16.1154211320745,"Child Poverty (%)","No",0.204956574104736,0.27762955776601,-2.36420113405329,-3.61911297295668,"Child Poverty",36,27
"35","S02001772","Kelty West","Fife",47,"Accessible Small Town, Dep - Child, HH Inc 0-100%","Child Poverty","Raw data","2023/24",20.8775217700316,"Child Poverty (%)","No",-0.393834663837942,-0.851723292272173,-2.93106649004811,-5.48475104923538,"Child Poverty",30,18
"36","S02001773","Kelty East","Fife",50,"Accessible Small Town, Dep - Average, HH Inc 0 -50%","Child Poverty","Raw data","2023/24",16.5526267588683,"Child Poverty (%)","No",0.149981906745401,0.692435940538096,-0.620857759345577,1.80251340584529,"Child Poverty",45,71
"37","S02001774","Lochore and Crosshill","Fife",50,"Accessible Small Town, Dep - Average, HH Inc 0 -50%","Child Poverty","Raw data","2023/24",34.5201949166527,"Child Poverty (%)","No",-2.10927786073288,-2.81159632054308,-7.61428495200324,-11.4141001154909,"Child Poverty",12,3
"38","S02001775","Ballingry","Fife",47,"Accessible Small Town, Dep - Child, HH Inc 0-100%","Child Poverty","Raw data","2023/24",28.8341804284645,"Child Poverty (%)","No",-1.3943127826738,-1.77299564922713,-9.04017263399196,-12.4039093706694,"Child Poverty",7,2
"39","S02001776","Cardenden","Fife",50,"Accessible Small Town, Dep - Average, HH Inc 0 -50%","Child Poverty","Raw data","2023/24",17.8801613463792,"Child Poverty (%)","No",-0.0169436035496489,0.433540358148225,-3.54481232052453,-4.5154747101481,"Child Poverty",26,23
"40","S02001777","Lochgelly East","Fife",41,"Other Urban, Dep - Average, HH Inc 40-50%","Child Poverty","Raw data","2023/24",15.1839497824349,"Child Poverty (%)","No",0.322080701661625,0.536623376516203,-0.56210843762067,0.0446662120093786,"Child Poverty",46,51
"41","S02001778","Lochgelly West and Lumphinnans","Fife",38,"Other Urban, Dep - Average, HH Inc 0-20%","Child Poverty","Raw data","2023/24",29.3195342549218,"Child Poverty (%)","No",-1.45534165221681,-0.596300864047943,-5.80223844891783,-1.08076229374052,"Child Poverty",19,43
"42","S02001779","Aberdour and Auchtertool","Fife",60,"Accessible Rural, Dep - not OP or Child, HH Inc 60-80%","Child Poverty","Raw data","2023/24",10.3869670391812,"Child Poverty (%)","No",0.925258049978811,0.452367517303793,2.6495496892941,0.147180057549547,"Child Poverty",66,55
"43","S02001780","Burntisland West","Fife",47,"Accessible Small Town, Dep - Child, HH Inc 0-100%","Child Poverty","Raw data","2023/24",18.1701171546195,"Child Poverty (%)","No",-0.0534029332792621,-0.53824283039162,1.06269341598992,-2.38477729846562,"Child Poverty",56,30
"44","S02001781","Burntisland East","Fife",45,"Accessible Small Town, Dep - OP, HH Inc 0-50%","Child Poverty","Raw data","2023/24",15.9045667295031,"Child Poverty (%)","No",0.231469614953775,0.504592823193183,3.0321351051286,3.65444938445161,"Child Poverty",70,81
"45","S02001782","Kinghorn","Fife",54,"Accessible Rural, Dep -OP, HH Inc 0-40%","Child Poverty","Raw data","2023/24",19.8174292150174,"Child Poverty (%)","No",-0.260537578872707,-0.531005292217257,1.54991309677793,-1.37780589508789,"Child Poverty",58,40
"46","S02001783","Kirkcaldy Linktown & Seafield","Fife",29,"Other Urban, Dep - Child, HH Inc 40-60%","Child Poverty","Raw data","2023/24",31.4732545322851,"Child Poverty (%)","No",-1.72615256721206,-2.05417203731809,-6.66708995662923,-7.54597556913462,"Child Poverty",16,10
"47","S02001784","Kirkcaldy Central","Fife",38,"Other Urban, Dep - Average, HH Inc 0-20%","Child Poverty","Raw data","2023/24",24.0018860239667,"Child Poverty (%)","No",-0.786695311192977,0.413311237196598,-5.52957028994769,3.86800428412458,"Child Poverty",20,83
"48","S02001785","Kirkcaldy Bennochy East","Fife",23,"Other Urban, Dep - OP, HH Inc 0-30%","Child Poverty","Raw data","2023/24",28.9656432109455,"Child Poverty (%)","No",-1.41084304279425,-1.50567675586324,-3.35498537080704,-2.05996054877836,"Child Poverty",28,34
"49","S02001786","Kirkcaldy Bennochy West","Fife",41,"Other Urban, Dep - Average, HH Inc 40-50%","Child Poverty","Raw data","2023/24",26.1986163206964,"Child Poverty (%)","No",-1.06291434850615,-2.52598348746097,-4.27115306538687,-7.07805253853792,"Child Poverty",24,12
"50","S02001787","Kirkcaldy Raith","Fife",26,"Other Urban, Dep - OP, HH Inc 70-100%","Child Poverty","Raw data","2023/24",6.4913154845382,"Child Poverty (%)","No",1.41510112435758,0.275750522686698,8.51619710033354,2.34707379948703,"Child Poverty",97,75
"51","S02001788","Kirkcaldy Newliston and Redcraigs","Fife",24,"Other Urban, Dep - OP, HH Inc 30-50%","Child Poverty","Raw data","2023/24",17.4317294889115,"Child Poverty (%)","No",0.0394426611432388,-0.428336194282462,3.8627593183566,1.59962370645123,"Child Poverty",76,68
"52","S02001789","Kirkcaldy Templehall West","Fife",27,"Other Urban, Dep - Child, HH Inc 0-20%","Child Poverty","Raw data","2023/24",28.6332207641394,"Child Poverty (%)","No",-1.3690439159853,-0.202422348124548,-7.84962353531152,-0.0800304345539446,"Child Poverty",9,50
"53","S02001790","Kirkcaldy Templehall East","Fife",28,"Other Urban, Dep - Child, HH Inc 20-40%","Child Poverty","Raw data","2023/24",34.2317462889159,"Child Poverty (%)","No",-2.07300804536849,-1.82735946363187,-9.18688797857245,-5.38910478643981,"Child Poverty",6,19
"54","S02001791","Kirkcaldy Dunnikier","Fife",26,"Other Urban, Dep - OP, HH Inc 70-100%","Child Poverty","Raw data","2023/24",9.26742222578962,"Child Poverty (%)","No",1.0660307206359,-0.437651805857262,8.12620356356037,1.30541915924285,"Child Poverty",95,66
"55","S02001792","Kirkcaldy Chapel","Fife",30,"Other Urban, Dep - Child, HH Inc 60-80%","Child Poverty","Raw data","2023/24",11.134019229486,"Child Poverty (%)","No",0.831322969675195,0.56183484565959,0.378101473463736,-0.158562096662628,"Child Poverty",53,49
"56","S02001793","Kirkcaldy Hayfield and Smeaton","Fife",28,"Other Urban, Dep - Child, HH Inc 20-40%","Child Poverty","Raw data","2023/24",29.4596905357242,"Child Poverty (%)","No",-1.47296504140313,-1.02201181233015,-11.022128192811,-7.38191923155646,"Child Poverty",5,11
"57","S02001794","Kirkcaldy Pathhead","Fife",23,"Other Urban, Dep - OP, HH Inc 0-30%","Child Poverty","Raw data","2023/24",20.6943894015841,"Child Poverty (%)","No",-0.370807418941855,0.0611115060415617,-0.533034040764482,2.80980331904946,"Child Poverty",47,77
"58","S02001795","Kirkcaldy Gallatown and Sinclairtown","Fife",27,"Other Urban, Dep - Child, HH Inc 0-20%","Child Poverty","Raw data","2023/24",28.0865251575023,"Child Poverty (%)","No",-1.30030187041264,-0.105410465521033,-15.0257281774011,-8.272047300113,"Child Poverty",2,8
"59","S02001796","Dysart","Fife",38,"Other Urban, Dep - Average, HH Inc 0-20%","Child Poverty","Raw data","2023/24",28.397901832563,"Child Poverty (%)","No",-1.33945468109453,-0.421319141658676,-5.30648414590369,0.798508951385343,"Child Poverty",21,61
"60","S02001797","Wemyss","Fife",59,"Accessible Rural, Dep - not OP or Child, HH Inc 0-60%","Child Poverty","Raw data","2023/24",16.9219389166563,"Child Poverty (%)","No",0.103544231240076,-0.0108844683363126,-2.7013814446105,-4.01554116731402,"Child Poverty",34,24
"61","S02001798","Thornton and Kinglassie","Fife",57,"Accessible Rural, Dep -Child, HH Inc 0-90%","Child Poverty","Raw data","2023/24",19.6472235001851,"Child Poverty (%)","No",-0.239135744170391,-1.10655482279283,-3.00782628494723,-8.98970616368818,"Child Poverty",29,6
"62","S02001799","Leslie and Newcastle","Fife",40,"Other Urban, Dep - Average, HH Inc 30-40%","Child Poverty","Raw data","2023/24",19.3038865448641,"Child Poverty (%)","No",-0.195964216280059,0.122213703005541,-0.128776746288005,1.62281490083239,"Child Poverty",51,69
"63","S02001800","Glenrothes Macedonia and Tanshall","Fife",27,"Other Urban, Dep - Child, HH Inc 0-20%","Child Poverty","Raw data","2023/24",26.3870563656769,"Child Poverty (%)","No",-1.08660898589211,0.196162594367016,-7.51218803766362,-0.614035043543241,"Child Poverty",13,46
"64","S02001801","Glenrothes South Parks","Fife",24,"Other Urban, Dep - OP, HH Inc 30-50%","Child Poverty","Raw data","2023/24",18.5297139906458,"Child Poverty (%)","No",-0.0986189946300422,-0.71848088276291,-0.849738879063409,-5.31323764163442,"Child Poverty",43,20
"65","S02001802","Glenrothes Caskieberran and Rimbleton","Fife",39,"Other Urban, Dep - Average, HH Inc 20-30%","Child Poverty","Raw data","2023/24",26.4350587682294,"Child Poverty (%)","No",-1.09264485540304,-0.527123739052673,-0.33736433793517,4.16862732818382,"Child Poverty",49,85
"66","S02001803","Glenrothes Auchmuty","Fife",27,"Other Urban, Dep - Child, HH Inc 0-20%","Child Poverty","Raw data","2023/24",30.3060788332123,"Child Poverty (%)","No",-1.5793907419424,-0.499273298889497,-11.0755356744879,-3.01912599903314,"Child Poverty",4,29
"67","S02001804","Glenrothes Stenton and Finglassie","Fife",36,"Other Urban, Dep - Adult, HH Inc 40-70%","Child Poverty","Raw data","2023/24",20.45140877164,"Child Poverty (%)","No",-0.340254794530554,-1.14293415142656,2.94383825044309,1.15341929951419,"Child Poverty",69,64
"68","S02001805","Glenrothes Pitteuchar","Fife",33,"Other Urban, Dep -Student, HH Inc 30-70%","Child Poverty","Raw data","2023/24",15.6998484595313,"Child Poverty (%)","No",0.257211092428825,0.238693611728673,-0.827604445584495,-2.3216168819038,"Child Poverty",44,31
"69","S02001806","Glenrothes Woodside","Fife",39,"Other Urban, Dep - Average, HH Inc 20-30%","Child Poverty","Raw data","2023/24",21.3619832844305,"Child Poverty (%)","No",-0.454751333181358,0.546643502528358,-4.83853367238066,-2.18666014012551,"Child Poverty",23,32
"70","S02001807","Glenrothes Balgeddie and Town Park","Fife",26,"Other Urban, Dep - OP, HH Inc 70-100%","Child Poverty","Raw data","2023/24",16.601757252682,"Child Poverty (%)","No",0.143804189925024,-2.32242504197134,5.45918643511791,-5.15902427537792,"Child Poverty",86,21
"71","S02001808","Glenrothes Collydean","Fife",27,"Other Urban, Dep - Child, HH Inc 0-20%","Child Poverty","Raw data","2023/24",28.2521739686894,"Child Poverty (%)","No",-1.32113071554956,-0.134805073469588,-7.32730358946768,-0.236348831762013,"Child Poverty",14,48
"72","S02001809","Glenrothes Cadham and Pitcoudie","Fife",38,"Other Urban, Dep - Average, HH Inc 0-20%","Child Poverty","Raw data","2023/24",28.9032364786796,"Child Poverty (%)","No",-1.4029959586374,-0.517262301442641,-6.38021374202829,-1.24413150185217,"Child Poverty",18,41
"73","S02001810","Glenrothes Balfarg Pitcairn and Coul","Fife",35,"Other Urban, Dep - Adult, HH Inc 0-40%","Child Poverty","Raw data","2023/24",16.1989057489896,"Child Poverty (%)","No",0.194459135912583,0.942186150370367,3.09428208017499,6.26270066467185,"Child Poverty",71,98
"74","S02001811","Markinch and Star","Fife",43,"Other Urban, Dep - Average, HH Inc 60-80%","Child Poverty","Raw data","2023/24",14.3523594110315,"Child Poverty (%)","No",0.426645696358476,-0.533316649348747,2.70109366665176,0.068463245497405,"Child Poverty",67,52
"75","S02001812","Windygates and Coaltown","Fife",36,"Other Urban, Dep - Adult, HH Inc 40-70%","Child Poverty","Raw data","2023/24",14.7358588161715,"Child Poverty (%)","No",0.378424102357772,0.0427787446240703,3.51735032785903,1.82635550864771,"Child Poverty",74,72
"76","S02001813","Buckhaven, Denbeath and Muiredge","Fife",39,"Other Urban, Dep - Average, HH Inc 20-30%","Child Poverty","Raw data","2023/24",28.0285340921993,"Child Poverty (%)","No",-1.29301001658124,-0.864398752722552,-8.72091327542017,-9.10455195203114,"Child Poverty",8,5
"77","S02001814","Methil Methilhill","Fife",27,"Other Urban, Dep - Child, HH Inc 0-20%","Child Poverty","Raw data","2023/24",32.9332893715595,"Child Poverty (%)","No",-1.90973879003989,-0.965475399705065,-7.06437920104403,-0.237861923087679,"Child Poverty",15,47
"78","S02001815","Methil West","Fife",27,"Other Urban, Dep - Child, HH Inc 0-20%","Child Poverty","Raw data","2023/24",38.9731603230429,"Child Poverty (%)","No",-2.66919812931254,-2.03725875514483,-20.1619500026234,-15.4653973986178,"Child Poverty",1,1
"79","S02001816","Methil East","Fife",28,"Other Urban, Dep - Child, HH Inc 20-40%","Child Poverty","Raw data","2023/24",27.7099004224579,"Child Poverty (%)","No",-1.25294470422015,-0.726711541152992,-12.3244220932457,-8.66812249966192,"Child Poverty",3,7
"80","S02001817","Leven East","Fife",23,"Other Urban, Dep - OP, HH Inc 0-30%","Child Poverty","Raw data","2023/24",12.9255108668649,"Child Poverty (%)","No",0.606059041659962,1.53273696657159,-7.71320948892963,-5.52393381486822,"Child Poverty",11,17
"81","S02001818","Leven West","Fife",28,"Other Urban, Dep - Child, HH Inc 20-40%","Child Poverty","Raw data","2023/24",16.2469127653849,"Child Poverty (%)","No",0.188422686252501,1.20781954230093,-2.83318346525286,2.76008604949115,"Child Poverty",32,76
"82","S02001819","Leven North","Fife",41,"Other Urban, Dep - Average, HH Inc 40-50%","Child Poverty","Raw data","2023/24",17.5354598682662,"Child Poverty (%)","No",0.0263995007843449,-0.117209483930535,0.44982528600717,1.19102507760342,"Child Poverty",54,65
"83","S02001820","Largo","Fife",55,"Accessible Rural, Dep -OP, HH Inc 40-70%","Child Poverty","Raw data","2023/24",13.261471290116,"Child Poverty (%)","No",0.563815046198209,0.451997457303923,7.42605145043063,6.0141500560818,"Child Poverty",93,97
"84","S02001821","Kennoway and Bonnybank","Fife",38,"Other Urban, Dep - Average, HH Inc 0-20%","Child Poverty","Raw data","2023/24",21.0776508123609,"Child Poverty (%)","No",-0.418999087296253,0.96850840863348,-2.88377942155224,3.0262782825398,"Child Poverty",31,78
"85","S02001822","Kettle and Ladybank","Fife",55,"Accessible Rural, Dep -OP, HH Inc 40-70%","Child Poverty","Raw data","2023/24",14.5373654224851,"Child Poverty (%)","No",0.403382857740125,0.0312067396150388,3.30720156565495,-2.01636814934018,"Child Poverty",73,35
"86","S02001823","Falkland and Freuchie","Fife",55,"Accessible Rural, Dep -OP, HH Inc 40-70%","Child Poverty","Raw data","2023/24",11.3995923939505,"Child Poverty (%)","No",0.797929537657708,1.0660463325915,4.82367113702883,1.93555544916537,"Child Poverty",82,73
"87","S02001824","Auchtermuchty and Gateside","Fife",59,"Accessible Rural, Dep - not OP or Child, HH Inc 0-60%","Child Poverty","Raw data","2023/24",11.234219979476,"Child Poverty (%)","No",0.818723628398982,0.841828659893663,3.87692074932543,4.59059415448279,"Child Poverty",77,89
"88","S02001825","Newburgh","Fife",55,"Accessible Rural, Dep -OP, HH Inc 40-70%","Child Poverty","Raw data","2023/24",14.2843534565045,"Child Poverty (%)","No",0.435196832253026,0.114650251147745,3.17519448470958,-2.16918508963288,"Child Poverty",72,33
"89","S02001826","Cupar West and Springfield","Fife",49,"Accessible Small Town, Dep - Student & Adult, HH Inc 60-100%","Child Poverty","Raw data","2023/24",13.8986593412405,"Child Poverty (%)","No",0.483694391272529,-0.813151565768065,3.54622782605907,-3.85631813698992,"Child Poverty",75,26
"90","S02001827","Cupar Central","Fife",50,"Accessible Small Town, Dep - Average, HH Inc 0 -50%","Child Poverty","Raw data","2023/24",20.7443333045245,"Child Poverty (%)","No",-0.377087414629262,-0.125029997867207,-2.55853572759569,-1.57974721052211,"Child Poverty",35,37
"91","S02001828","Cupar East","Fife",46,"Accessible Small Town, Dep - OP, HH Inc 50-100%","Child Poverty","Raw data","2023/24",7.1752308661709,"Child Poverty (%)","No",1.32910492873926,0.311880717867721,6.59829182302613,1.62434918149051,"Child Poverty",89,70
"92","S02001829","Dairsie Ceres and Dunino","Fife",56,"Accessible Rural, Dep -OP, HH Inc 70-100%","Child Poverty","Raw data","2023/24",10.0784819779905,"Child Poverty (%)","No",0.964047266276526,0.0303985684868111,6.70121859951915,0.132421159178805,"Child Poverty",90,54
"93","S02001830","Elie Colinsburgh and Largoward","Fife",55,"Accessible Rural, Dep -OP, HH Inc 40-70%","Child Poverty","Raw data","2023/24",13.4777934345992,"Child Poverty (%)","No",0.536614486080462,0.380654272850159,4.66025236034746,0.998970303858152,"Child Poverty",79,62
"94","S02001831","St Monans and Pittenweem","Fife",54,"Accessible Rural, Dep -OP, HH Inc 0-40%","Child Poverty","Raw data","2023/24",20.4383742807122,"Child Poverty (%)","No",-0.33861582476658,-0.658389762218045,2.17420349459534,-1.52538255329088,"Child Poverty",63,38
"95","S02001832","Anstruther","Fife",46,"Accessible Small Town, Dep - OP, HH Inc 50-100%","Child Poverty","Raw data","2023/24",14.5157811221223,"Child Poverty (%)","No",0.40609688898746,-1.50724124758949,2.60077502941747,-6.7520559878465,"Child Poverty",65,13
"96","S02001833","Crail and Boarhills","Fife",54,"Accessible Rural, Dep -OP, HH Inc 0-40%","Child Poverty","Raw data","2023/24",14.6050596694004,"Child Poverty (%)","No",0.394870916268557,0.538292088016724,6.00537106556994,5.02316204885104,"Child Poverty",88,91
"97","S02001834","St Andrews South East","Fife",32,"Other Urban, Dep -Student, HH Inc 0-30%","Child Poverty","Raw data","2023/24",21.8177765118359,"Child Poverty (%)","No",-0.512063223801345,0.447871504754892,4.21911375755236,9.7278052748733,"Child Poverty",78,103
"98","S02001835","St Andrews Central","Fife",33,"Other Urban, Dep -Student, HH Inc 30-70%","Child Poverty","Raw data","2023/24",8.88187505017764,"Child Poverty (%)","No",1.11450980331842,1.3406234965547,4.90508995425796,5.70123452758752,"Child Poverty",83,95
"99","S02001836","St Andrews South West","Fife",25,"Other Urban, Dep - OP, HH Inc 50-70%","Child Poverty","Raw data","2023/24",3.92002315392691,"Child Poverty (%)","No",1.73841796178161,1.58017946170311,10.5927900172988,9.23275372423603,"Child Poverty",104,102
"100","S02001837","St Andrews North and Strathkinness","Fife",33,"Other Urban, Dep -Student, HH Inc 30-70%","Child Poverty","Raw data","2023/24",2.82918417383954,"Child Poverty (%)","No",1.87558113260508,2.31886740567595,7.96186028624284,8.55980676137357,"Child Poverty",94,101
"101","S02001838","Leuchars and Guardbridge","Fife",47,"Accessible Small Town, Dep - Child, HH Inc 0-100%","Child Poverty","Raw data","2023/24",22.1721600694675,"Child Poverty (%)","No",-0.556623762377402,-1.001624718075,1.62853483416073,0.648210777034884,"Child Poverty",60,60
"102","S02001839","Balmullo and Gauldry","Fife",55,"Accessible Rural, Dep -OP, HH Inc 40-70%","Child Poverty","Raw data","2023/24",11.3243904186247,"Child Poverty (%)","No",0.807385508315311,1.09084799314167,4.96143986551936,1.53823689435246,"Child Poverty",84,67
"103","S02001840","Tayport","Fife",48,"Accessible Small Town, Dep - Student & Adult, HH Inc 0-60%","Child Poverty","Raw data","2023/24",13.6769776918419,"Child Poverty (%)","No",0.511568860832144,1.07596577932792,2.80192078814808,4.27384914141542,"Child Poverty",68,86
"104","S02001841","Newport and Wormit","Fife",46,"Accessible Small Town, Dep - OP, HH Inc 50-100%","Child Poverty","Raw data","2023/24",3.16930837337411,"Child Poverty (%)","No",1.8328135798007,1.304621227022,9.02299249286494,5.93044001675156,"Child Poverty",98,96
