"","InterZone","InterZone_Name","CPP","Typology_Group","Typology_Name","Indicator","Type","Year","value","IndicatorFullName","High is Positive","Change","OverallZScore","CPPChangeScore","TypeChangeScore","CombinedCPPChangeScore","CombinedTypeChangeScore","FilterRef","CPPChangeRank","TypeChangeRank"
"1","S02001738","Kincardine","Fife",55,"Accessible Rural, Dep -OP, HH Inc 40-70%","Child Poverty","Raw data","2023/24",16.9441369538349,"Child Poverty (%)","No",0.027889602930022,0.382937767211211,0.264571682924454,0.416581825622204,-5.90599438579477,-4.42288210653411,"Child Poverty",5,12
"2","S02001739","Oakley Comrie and Blairhall","Fife",47,"Accessible Small Town, Dep - Child, HH Inc 0-100%","Child Poverty","Raw data","2023/24",21.7532169095936,"Child Poverty (%)","No",0.174163279201076,0.722362017912987,0.516286040419795,0.669295091828091,4.56949739718009,2.93085305133243,"Child Poverty",98,99
"3","S02001740","Saline and Gowkhall","Fife",60,"Accessible Rural, Dep - not OP or Child, HH Inc 60-80%","Child Poverty","Raw data","2023/24",9.00111124921896,"Child Poverty (%)","No",-0.164222389814376,-0.0628531013197669,-0.0660233226402965,-0.417687865735212,-5.00290266289175,-5.2803207503708,"Child Poverty",9,6
"4","S02001741","Valleyfield Culross and Torryburn","Fife",49,"Accessible Small Town, Dep - Student & Adult, HH Inc 60-100%","Child Poverty","Raw data","2023/24",18.5141600297394,"Child Poverty (%)","No",-0.035020174085763,0.236957270448212,0.156313693480341,0.236320713619634,0.2089021034001,-1.5173956834788,"Child Poverty",51,40
"5","S02001742","Cairneyhill and Crombie","Fife",61,"Accessible Rural, Dep - not OP or Child, HH Inc 80-100%","Child Poverty","Raw data","2023/24",14.4872915876131,"Child Poverty (%)","No",-1.04296079917184,-2.10194266112767,-1.57819611925485,-2.26991046991935,0.0256311392234135,-0.131893784880843,"Child Poverty",47,66
"6","S02001743","Crossford Charlestown and Limekilns","Fife",56,"Accessible Rural, Dep -OP, HH Inc 70-100%","Child Poverty","Raw data","2023/24",8.06529106515848,"Child Poverty (%)","No",-0.696624110314136,-1.29827740772813,-0.982204281657671,-1.63402519656444,-6.27395044572867,-3.33910838884746,"Child Poverty",4,18
"7","S02001744","Dunfermline Milesmark and Wellwood","Fife",37,"Other Urban, Dep - Adult, HH Inc 70-100%","Child Poverty","Raw data","2023/24",10.3849824640263,"Child Poverty (%)","No",-1.67577727337691,-3.57037678450863,-2.66717532780242,-2.46474191208116,-4.43072893241772,-6.80732976674525,"Child Poverty",10,3
"8","S02001745","Dunfermline Baldridgeburn","Fife",35,"Other Urban, Dep - Adult, HH Inc 0-40%","Child Poverty","Raw data","2023/24",19.3313877918823,"Child Poverty (%)","No",-0.302121410824126,-0.382844182914025,-0.303326194610123,-0.12050362681354,2.17306264110639,-0.0401559974087987,"Child Poverty",79,68
"9","S02001746","Dunfermline Headwell","Fife",40,"Other Urban, Dep - Average, HH Inc 30-40%","Child Poverty","Raw data","2023/24",19.3275685694573,"Child Poverty (%)","No",-0.0657951173902385,0.165544817177026,0.103354779215501,-0.000921297258836832,-0.0366257478283535,-2.42787867160177,"Child Poverty",44,29
"10","S02001747","Dunfermline Central","Fife",41,"Other Urban, Dep - Average, HH Inc 40-50%","Child Poverty","Raw data","2023/24",14.8201935616267,"Child Poverty (%)","No",-0.0636107098172394,0.170613677976822,0.107113806559058,0.209158802557921,2.32933015925953,1.24465653418095,"Child Poverty",82,86
"11","S02001748","Dunfermline Brucefield","Fife",39,"Other Urban, Dep - Average, HH Inc 20-30%","Child Poverty","Raw data","2023/24",24.063012335763,"Child Poverty (%)","No",-0.271078927589573,-0.310810910213025,-0.249906885533855,0.0769868495830978,2.69017651587946,0.876875013991263,"Child Poverty",85,79
"12","S02001749","Dunfermline Garvock Hill","Fife",26,"Other Urban, Dep - OP, HH Inc 70-100%","Child Poverty","Raw data","2023/24",6.39454819910522,"Child Poverty (%)","No",0.306521149814369,1.02949500453561,0.744053450183526,0.956675425234145,6.17584172421405,6.37823500634564,"Child Poverty",103,104
"13","S02001750","Dunfermline Bellyeoman and Townhill","Fife",25,"Other Urban, Dep - OP, HH Inc 50-70%","Child Poverty","Raw data","2023/24",9.24690005205531,"Child Poverty (%)","No",0.194548099094186,0.769664460801536,0.551365160415003,0.80284990804793,-0.259190442024651,-1.97778245970616,"Child Poverty",40,35
"14","S02001751","Dunfermline Duloch North and Lynebank","Fife",31,"Other Urban, Dep - Child, HH Inc 80-100%","Child Poverty","Raw data","2023/24",7.76766814126596,"Child Poverty (%)","No",0.290776341688202,0.992959587932255,0.716959072285883,0.697670640384367,-1.91726063044052,-0.801378650965056,"Child Poverty",25,49
"15","S02001752","Dunfermline Touch and Woodmill","Fife",27,"Other Urban, Dep - Child, HH Inc 0-20%","Child Poverty","Raw data","2023/24",22.9505919184197,"Child Poverty (%)","No",0.204760262369211,0.793361519329321,0.568938712833601,0.982802767496934,-1.37427608040406,-2.33227882938263,"Child Poverty",31,31
"16","S02001753","Dunfermline Abbeyview North","Fife",27,"Other Urban, Dep - Child, HH Inc 0-20%","Child Poverty","Raw data","2023/24",25.5712815080733,"Child Poverty (%)","No",0.253619943816309,0.90673913577739,0.653018662393992,1.19384689793109,4.29717038652843,2.05404186272379,"Child Poverty",97,95
"17","S02001754","Dunfermline Abbeyview South","Fife",29,"Other Urban, Dep - Child, HH Inc 40-60%","Child Poverty","Raw data","2023/24",18.197636515982,"Child Poverty (%)","No",-0.392590203747679,-0.592774657301423,-0.459008985011403,-1.14981155837125,2.74449041703581,-2.36151516213397,"Child Poverty",86,30
"18","S02001755","Dunfermline Duloch South","Fife",31,"Other Urban, Dep - Child, HH Inc 80-100%","Child Poverty","Raw data","2023/24",4.80969035611692,"Child Poverty (%)","No",0.365941096972941,1.1673774421361,0.846305982578426,0.93623821126151,-2.84184308094409,-0.656897634021261,"Child Poverty",17,51
"19","S02001756","Dunfermline Masterton","Fife",31,"Other Urban, Dep - Child, HH Inc 80-100%","Child Poverty","Raw data","2023/24",5.31659552593085,"Child Poverty (%)","No",-0.0280250902717218,0.253189179994105,0.168351150066956,-0.314182360755865,-5.09144095625743,0.268622815336662,"Child Poverty",7,73
"20","S02001757","Dunfermline Pitcorthie East","Fife",37,"Other Urban, Dep - Adult, HH Inc 70-100%","Child Poverty","Raw data","2023/24",6.70694127762744,"Child Poverty (%)","No",-0.0793469992496958,0.134098028780038,0.0800340880148174,0.574652977250235,0.0815519348626507,-1.63750031871946,"Child Poverty",48,37
"21","S02001758","Dunfermline Pitcorthie West","Fife",25,"Other Urban, Dep - OP, HH Inc 50-70%","Child Poverty","Raw data","2023/24",13.3476665704351,"Child Poverty (%)","No",-0.652465037768943,-1.19580743163644,-0.90621335248525,-0.961721259116737,0.364498783179646,-1.046063353859,"Child Poverty",57,45
"22","S02001759","Rosyth North","Fife",40,"Other Urban, Dep - Average, HH Inc 30-40%","Child Poverty","Raw data","2023/24",14.0488747800173,"Child Poverty (%)","No",0.0211947349169499,0.367402500601289,0.253050851265696,0.289163471808689,0.913865953820784,-0.849261528226812,"Child Poverty",66,48
"23","S02001760","Rosyth East","Fife",38,"Other Urban, Dep - Average, HH Inc 0-20%","Child Poverty","Raw data","2023/24",19.6154666818217,"Child Poverty (%)","No",0.179984687325773,0.735870443633368,0.526303782799572,1.14144798503395,0.825166561091104,-1.21606118542639,"Child Poverty",64,43
"24","S02001761","Rosyth Central","Fife",38,"Other Urban, Dep - Average, HH Inc 0-20%","Child Poverty","Raw data","2023/24",20.8810637842617,"Child Poverty (%)","No",0.00327628897395704,0.32582321413644,0.222215979107991,0.527085997197328,3.68096674918625,1.26852323561368,"Child Poverty",95,87
"25","S02001762","Rosyth South","Fife",34,"Other Urban, Dep -Student, HH Inc 70-100%","Child Poverty","Raw data","2023/24",15.6678578340254,"Child Poverty (%)","No",0.184901047151053,0.747278728380267,0.53476407713403,0.657254643953701,5.10544758067924,0.973936021317166,"Child Poverty",101,80
"26","S02001763","North Queensferry and Inverkeithing West","Fife",36,"Other Urban, Dep - Adult, HH Inc 40-70%","Child Poverty","Raw data","2023/24",14.2549441204062,"Child Poverty (%)","No",-0.00955887646577391,0.296039547498152,0.200128645936564,0.469165658149094,2.7764305826741,-0.175999137481489,"Child Poverty",87,65
"27","S02001764","Inverkeithing East","Fife",41,"Other Urban, Dep - Average, HH Inc 40-50%","Child Poverty","Raw data","2023/24",19.3996448095889,"Child Poverty (%)","No",0.379570734081198,1.19900465955993,0.869760478527801,1.68810268847671,1.4019319758606,1.81192493916439,"Child Poverty",69,92
"28","S02001765","Dalgety Bay West and Hillend","Fife",49,"Accessible Small Town, Dep - Student & Adult, HH Inc 60-100%","Child Poverty","Raw data","2023/24",2.34700276279475,"Child Poverty (%)","No",0.611483030153864,1.73715109389939,1.26884564606695,1.37646117875113,-0.100387400420433,-1.07768700554102,"Child Poverty",42,44
"29","S02001766","Dalgety Bay Central","Fife",46,"Accessible Small Town, Dep - OP, HH Inc 50-100%","Child Poverty","Raw data","2023/24",7.17833568215827,"Child Poverty (%)","No",-0.357533097363006,-0.51142555628929,-0.398681130853204,-1.40954631167813,-0.481802140943128,-0.448490964679813,"Child Poverty",37,57
"30","S02001767","Dalgety Bay East","Fife",45,"Accessible Small Town, Dep - OP, HH Inc 0-50%","Child Poverty","Raw data","2023/24",7.26835741749516,"Child Poverty (%)","No",0.154838296183747,0.677518898852203,0.483030735652577,1.18642206087836,-0.994137220282164,1.75993325405574,"Child Poverty",33,91
"31","S02001768","Crossgates and Halbeath","Fife",43,"Other Urban, Dep - Average, HH Inc 60-80%","Child Poverty","Raw data","2023/24",13.2289837508756,"Child Poverty (%)","No",0.078409358348315,0.500167542011671,0.351508362852925,0.458896628480738,-0.363446401032443,-1.3733701325648,"Child Poverty",39,41
"32","S02001769","Hill of Beath and Kingseat","Fife",29,"Other Urban, Dep - Child, HH Inc 40-60%","Child Poverty","Raw data","2023/24",24.1463922252418,"Child Poverty (%)","No",0.122378793704868,0.6021974699532,0.42717295577461,0.499464870400974,4.94921084162909,0.828210284534729,"Child Poverty",100,78
"33","S02001770","Cowdenbeath South","Fife",38,"Other Urban, Dep - Average, HH Inc 0-20%","Child Poverty","Raw data","2023/24",25.4926284419262,"Child Poverty (%)","No",-0.00973934575704116,0.295620773214736,0.199818086218253,0.481834547346193,0.0225869319860573,-2.14676973454324,"Child Poverty",46,34
"34","S02001771","Cowdenbeath North","Fife",41,"Other Urban, Dep - Average, HH Inc 40-50%","Child Poverty","Raw data","2023/24",16.1154211320745,"Child Poverty (%)","No",0.091722675746192,0.53106074779776,0.374418521538814,0.727522926374326,-0.828793354937717,-2.21669295889656,"Child Poverty",34,32
"35","S02001772","Kelty West","Fife",47,"Accessible Small Town, Dep - Child, HH Inc 0-100%","Child Poverty","Raw data","2023/24",20.8775217700316,"Child Poverty (%)","No",0.235176716090524,0.863942106872843,0.621280722010697,0.749122467574479,3.3864186522499,1.90149736749016,"Child Poverty",94,93
"36","S02001773","Kelty East","Fife",50,"Accessible Small Town, Dep - Average, HH Inc 0 -50%","Child Poverty","Raw data","2023/24",16.5526267588683,"Child Poverty (%)","No",0.0769135640576316,0.496696590373193,0.348934332388778,0.487234297548725,2.19951582696028,-0.305130193966839,"Child Poverty",80,61
"37","S02001774","Lochore and Crosshill","Fife",50,"Accessible Small Town, Dep - Average, HH Inc 0 -50%","Child Poverty","Raw data","2023/24",34.5201949166527,"Child Poverty (%)","No",-0.0942503718611674,0.0995151413423538,0.0543876904055944,-0.148845083811525,1.63745852583162,-0.67653147033092,"Child Poverty",73,50
"38","S02001775","Ballingry","Fife",47,"Accessible Small Town, Dep - Child, HH Inc 0-100%","Child Poverty","Raw data","2023/24",28.8341804284645,"Child Poverty (%)","No",0.0686121432786563,0.477433359971829,0.334648872072554,0.531196492285105,3.75931091163339,2.22930449565442,"Child Poverty",96,96
"39","S02001776","Cardenden","Fife",50,"Accessible Small Town, Dep - Average, HH Inc 0 -50%","Child Poverty","Raw data","2023/24",17.8801613463792,"Child Poverty (%)","No",0.323114519118313,1.06799948521997,0.772608070532886,1.40216623309147,2.9568214310936,0.128380471418265,"Child Poverty",91,72
"40","S02001777","Lochgelly East","Fife",41,"Other Urban, Dep - Average, HH Inc 40-50%","Child Poverty","Raw data","2023/24",15.1839497824349,"Child Poverty (%)","No",0.313635219440658,1.04600301755546,0.756295662937106,1.46806882292325,2.25106437211743,2.62043161612551,"Child Poverty",81,98
"41","S02001778","Lochgelly West and Lumphinnans","Fife",38,"Other Urban, Dep - Average, HH Inc 0-20%","Child Poverty","Raw data","2023/24",29.3195342549218,"Child Poverty (%)","No",0.0529641913313977,0.441122695605443,0.30772116866799,0.699835899004333,-0.708734761509111,-2.42916668413225,"Child Poverty",36,28
"42","S02001779","Aberdour and Auchtertool","Fife",60,"Accessible Rural, Dep - not OP or Child, HH Inc 60-80%","Child Poverty","Raw data","2023/24",10.3869670391812,"Child Poverty (%)","No",0.181237232770438,0.738776942669035,0.528459219648327,0.687858592241182,0.015724883139506,0.441417843333092,"Child Poverty",45,75
"43","S02001780","Burntisland West","Fife",47,"Accessible Small Town, Dep - Child, HH Inc 0-100%","Child Poverty","Raw data","2023/24",18.1701171546195,"Child Poverty (%)","No",0.0730943235359177,0.48783414235534,0.342362010570176,0.537060785558859,6.57195894856523,4.40950902495312,"Child Poverty",104,102
"44","S02001781","Burntisland East","Fife",45,"Accessible Small Town, Dep - OP, HH Inc 0-50%","Child Poverty","Raw data","2023/24",15.9045667295031,"Child Poverty (%)","No",-0.186977040398335,-0.115654674516908,-0.105180554466196,0.241557408886123,-5.0876111562987,-2.53692222533815,"Child Poverty",8,26
"45","S02001782","Kinghorn","Fife",54,"Accessible Rural, Dep -OP, HH Inc 0-40%","Child Poverty","Raw data","2023/24",19.8174292150174,"Child Poverty (%)","No",-0.73536722399214,-1.38817979252662,-1.04887518386947,-1.4708743885498,-1.39824490035412,-1.34512528269855,"Child Poverty",30,42
"46","S02001783","Kirkcaldy Linktown & Seafield","Fife",29,"Other Urban, Dep - Child, HH Inc 40-60%","Child Poverty","Raw data","2023/24",31.4732545322851,"Child Poverty (%)","No",-0.232933766114181,-0.222296057905008,-0.184264966515277,-0.638484467627434,1.78220945932428,-2.95681283516995,"Child Poverty",76,23
"47","S02001784","Kirkcaldy Central","Fife",38,"Other Urban, Dep - Average, HH Inc 0-20%","Child Poverty","Raw data","2023/24",24.0018860239667,"Child Poverty (%)","No",-1.03998575286609,-2.09503914376983,-1.57307652502258,-3.10002254907149,0.45687492297973,-4.59152214422527,"Child Poverty",60,10
"48","S02001785","Kirkcaldy Bennochy East","Fife",23,"Other Urban, Dep - OP, HH Inc 0-30%","Child Poverty","Raw data","2023/24",28.9656432109455,"Child Poverty (%)","No",-0.670158137525063,-1.23686380815209,-0.936660438733085,-0.865786124564793,-3.82218741337576,-5.1551559953589,"Child Poverty",11,7
"49","S02001786","Kirkcaldy Bennochy West","Fife",41,"Other Urban, Dep - Average, HH Inc 40-50%","Child Poverty","Raw data","2023/24",26.1986163206964,"Child Poverty (%)","No",-0.248704287030731,-0.25889114036781,-0.211403592145496,-0.408518264276725,-2.81359058678459,-2.67701321371794,"Child Poverty",18,24
"50","S02001787","Kirkcaldy Raith","Fife",26,"Other Urban, Dep - OP, HH Inc 70-100%","Child Poverty","Raw data","2023/24",6.4913154845382,"Child Poverty (%)","No",-0.105264455817489,0.0739572467891791,0.0354341566109851,0.334137191420633,0.735595732448234,1.57228287760687,"Child Poverty",62,89
"51","S02001788","Kirkcaldy Newliston and Redcraigs","Fife",24,"Other Urban, Dep - OP, HH Inc 30-50%","Child Poverty","Raw data","2023/24",17.4317294889115,"Child Poverty (%)","No",0.0392643872728428,0.409332657603531,0.284145926257175,0.444447471707191,2.12014562336174,1.24229359574861,"Child Poverty",78,85
"52","S02001789","Kirkcaldy Templehall West","Fife",27,"Other Urban, Dep - Child, HH Inc 0-20%","Child Poverty","Raw data","2023/24",28.6332207641394,"Child Poverty (%)","No",-0.057958953507597,0.183728431085198,0.116839604422821,-0.151984583155318,-2.78643750310385,-3.84011264771109,"Child Poverty",19,15
"53","S02001790","Kirkcaldy Templehall East","Fife",28,"Other Urban, Dep - Child, HH Inc 20-40%","Child Poverty","Raw data","2023/24",34.2317462889159,"Child Poverty (%)","No",-0.0185670804647393,0.275136245069001,0.184626921090428,0.0407738871242163,0.436329389692208,-2.15210947183417,"Child Poverty",59,33
"54","S02001791","Kirkcaldy Dunnikier","Fife",26,"Other Urban, Dep - OP, HH Inc 70-100%","Child Poverty","Raw data","2023/24",9.26742222578962,"Child Poverty (%)","No",-0.00726890248660971,0.30135337239009,0.204069336726192,0.482287048671164,-3.40880713892983,-3.21289203231937,"Child Poverty",14,19
"55","S02001792","Kirkcaldy Chapel","Fife",30,"Other Urban, Dep - Child, HH Inc 60-80%","Child Poverty","Raw data","2023/24",11.134019229486,"Child Poverty (%)","No",0.330393208060867,1.08488949306964,0.785133567650962,0.781034756849863,-1.58422153496683,-3.00860338633548,"Child Poverty",28,21
"56","S02001793","Kirkcaldy Hayfield and Smeaton","Fife",28,"Other Urban, Dep - Child, HH Inc 20-40%","Child Poverty","Raw data","2023/24",29.4596905357242,"Child Poverty (%)","No",-0.0813200321859846,0.12951965731169,0.0766388037057338,-0.221022298628889,0.0927366513742077,-3.05391388155009,"Child Poverty",49,20
"57","S02001794","Kirkcaldy Pathhead","Fife",23,"Other Urban, Dep - OP, HH Inc 0-30%","Child Poverty","Raw data","2023/24",20.6943894015841,"Child Poverty (%)","No",-1.09138861154175,-2.21431813664606,-1.66153288897552,-1.82056908372316,-3.4854302682389,-4.36448677327816,"Child Poverty",13,13
"58","S02001795","Kirkcaldy Gallatown and Sinclairtown","Fife",27,"Other Urban, Dep - Child, HH Inc 0-20%","Child Poverty","Raw data","2023/24",28.0865251575023,"Child Poverty (%)","No",0.293682227015335,0.999702619043059,0.721959651178281,1.36689161436258,0.107170566266838,-1.57843354033037,"Child Poverty",50,38
"59","S02001796","Dysart","Fife",38,"Other Urban, Dep - Average, HH Inc 0-20%","Child Poverty","Raw data","2023/24",28.397901832563,"Child Poverty (%)","No",-0.160806783586714,-0.0549272761537408,-0.0601455929696504,-0.0433815276568999,-0.0733815886156779,-2.63856913229717,"Child Poverty",43,25
"60","S02001797","Wemyss","Fife",59,"Accessible Rural, Dep - not OP or Child, HH Inc 0-60%","Child Poverty","Raw data","2023/24",16.9219389166563,"Child Poverty (%)","No",0.220502181489719,0.829890232070396,0.596028119199648,0.892285711884412,2.97316667705358,2.41720159793538,"Child Poverty",92,97
"61","S02001798","Thornton and Kinglassie","Fife",57,"Accessible Rural, Dep -Child, HH Inc 0-90%","Child Poverty","Raw data","2023/24",19.6472235001851,"Child Poverty (%)","No",0.126824730243688,0.61251414973337,0.434823724442381,-0.245436325458335,-0.47710346166478,-2.52698923900256,"Child Poverty",38,27
"62","S02001799","Leslie and Newcastle","Fife",40,"Other Urban, Dep - Average, HH Inc 30-40%","Child Poverty","Raw data","2023/24",19.3038865448641,"Child Poverty (%)","No",-0.00926196520873601,0.296728522326119,0.200639584255773,0.187599615931348,4.90213334098408,3.34838016197999,"Child Poverty",99,101
"63","S02001800","Glenrothes Macedonia and Tanshall","Fife",27,"Other Urban, Dep - Child, HH Inc 0-20%","Child Poverty","Raw data","2023/24",26.3870563656769,"Child Poverty (%)","No",0.197277238304306,0.775997357157673,0.55606158659573,0.95048065118298,1.525454448145,-0.522648515861033,"Child Poverty",71,56
"64","S02001801","Glenrothes South Parks","Fife",24,"Other Urban, Dep - OP, HH Inc 30-50%","Child Poverty","Raw data","2023/24",18.5297139906458,"Child Poverty (%)","No",0.126840634495404,0.612551055134666,0.434851093198019,0.65540405423223,2.82631340435536,1.17077757197905,"Child Poverty",89,83
"65","S02001802","Glenrothes Caskieberran and Rimbleton","Fife",39,"Other Urban, Dep - Average, HH Inc 20-30%","Child Poverty","Raw data","2023/24",26.4350587682294,"Child Poverty (%)","No",-0.254923378698286,-0.273322380377079,-0.222105686351446,0.135920581900514,5.80714717099041,5.07867785692878,"Child Poverty",102,103
"66","S02001803","Glenrothes Auchmuty","Fife",27,"Other Urban, Dep - Child, HH Inc 0-20%","Child Poverty","Raw data","2023/24",30.3060788332123,"Child Poverty (%)","No",0.0337915222153086,0.396633016979861,0.274727972550568,0.244321712595433,2.53121252396096,1.19932205610556,"Child Poverty",84,84
"67","S02001804","Glenrothes Stenton and Finglassie","Fife",36,"Other Urban, Dep - Adult, HH Inc 40-70%","Child Poverty","Raw data","2023/24",20.45140877164,"Child Poverty (%)","No",-0.804019088107973,-1.54748465264113,-1.16701441648677,-1.11455889964648,-1.56054048517955,-2.9996631854349,"Child Poverty",29,22
"68","S02001805","Glenrothes Pitteuchar","Fife",33,"Other Urban, Dep -Student, HH Inc 30-70%","Child Poverty","Raw data","2023/24",15.6998484595313,"Child Poverty (%)","No",-0.0137412887874131,0.286334368790757,0.192931361659855,0.472727334321569,-2.46268761512893,-3.83124337141019,"Child Poverty",20,16
"69","S02001806","Glenrothes Woodside","Fife",39,"Other Urban, Dep - Average, HH Inc 20-30%","Child Poverty","Raw data","2023/24",21.3619832844305,"Child Poverty (%)","No",-0.378478994988787,-0.560029965422568,-0.434725778786074,-0.314797228170621,-3.18326994070183,-5.10340119950939,"Child Poverty",15,9
"70","S02001807","Glenrothes Balgeddie and Town Park","Fife",26,"Other Urban, Dep - OP, HH Inc 70-100%","Child Poverty","Raw data","2023/24",16.601757252682,"Child Poverty (%)","No",-2.49429258902473,-5.46972022609182,-4.07571350111391,-3.27759992186559,-8.35242196353231,-6.57200333488168,"Child Poverty",2,4
"71","S02001808","Glenrothes Collydean","Fife",27,"Other Urban, Dep - Child, HH Inc 0-20%","Child Poverty","Raw data","2023/24",28.2521739686894,"Child Poverty (%)","No",0.240492589813151,0.876277453198483,0.63042851792811,1.13714470650364,2.7920958846422,1.05892670008118,"Child Poverty",88,82
"72","S02001809","Glenrothes Cadham and Pitcoudie","Fife",38,"Other Urban, Dep - Average, HH Inc 0-20%","Child Poverty","Raw data","2023/24",28.9032364786796,"Child Poverty (%)","No",-0.0971551485466664,0.0927746828055459,0.04938901931386,0.17791607560924,2.87117470200278,0.0178496254334776,"Child Poverty",90,69
"73","S02001810","Glenrothes Balfarg Pitcairn and Coul","Fife",35,"Other Urban, Dep - Adult, HH Inc 0-40%","Child Poverty","Raw data","2023/24",16.1989057489896,"Child Poverty (%)","No",0.0597559046540714,0.456882689230393,0.319408656115434,0.85138250933774,3.34135489621306,1.36056823185229,"Child Poverty",93,88
"74","S02001811","Markinch and Star","Fife",43,"Other Urban, Dep - Average, HH Inc 60-80%","Child Poverty","Raw data","2023/24",14.3523594110315,"Child Poverty (%)","No",-0.577660699432678,-1.0222259155612,-0.777486663977844,-1.42650045181859,-2.86280447140434,-5.11922584564408,"Child Poverty",16,8
"75","S02001812","Windygates and Coaltown","Fife",36,"Other Urban, Dep - Adult, HH Inc 40-70%","Child Poverty","Raw data","2023/24",14.7358588161715,"Child Poverty (%)","No",0.163085831057444,0.696657088415813,0.497223466665956,0.813325956010677,0.691626267553259,-1.57490869931527,"Child Poverty",61,39
"76","S02001813","Buckhaven, Denbeath and Muiredge","Fife",39,"Other Urban, Dep - Average, HH Inc 20-30%","Child Poverty","Raw data","2023/24",28.0285340921993,"Child Poverty (%)","No",0.00650182081476002,0.33330797664525,0.227766620177434,1.08957203830127,0.2500950891292,-0.55873003013099,"Child Poverty",54,54
"77","S02001814","Methil Methilhill","Fife",27,"Other Urban, Dep - Child, HH Inc 0-20%","Child Poverty","Raw data","2023/24",32.9332893715595,"Child Poverty (%)","No",-0.210270695164599,-0.169706992860873,-0.14526532906599,-0.809878742938539,1.67972428943651,-0.974668088495834,"Child Poverty",74,46
"78","S02001815","Methil West","Fife",27,"Other Urban, Dep - Child, HH Inc 0-20%","Child Poverty","Raw data","2023/24",38.9731603230429,"Child Poverty (%)","No",0.0481612681867909,0.42997763771741,0.299456081303918,0.306390282289135,-3.63648818582349,-6.16610092739079,"Child Poverty",12,5
"79","S02001816","Methil East","Fife",28,"Other Urban, Dep - Child, HH Inc 20-40%","Child Poverty","Raw data","2023/24",27.7099004224579,"Child Poverty (%)","No",0.196303519692248,0.773737868514757,0.554385967570738,0.937182773218662,0.424695891905301,-0.59655716559484,"Child Poverty",58,52
"80","S02001817","Leven East","Fife",23,"Other Urban, Dep - OP, HH Inc 0-30%","Child Poverty","Raw data","2023/24",12.9255108668649,"Child Poverty (%)","No",0.16795072071231,0.707945937974703,0.505595188803377,1.03391512006317,-2.17851681674582,-3.58776246171631,"Child Poverty",23,17
"81","S02001818","Leven West","Fife",28,"Other Urban, Dep - Child, HH Inc 20-40%","Child Poverty","Raw data","2023/24",16.2469127653849,"Child Poverty (%)","No",0.102950744732391,0.557115189031645,0.393740290450517,0.547728576346446,1.56895987838443,-0.257811620524758,"Child Poverty",72,62
"82","S02001819","Leven North","Fife",41,"Other Urban, Dep - Average, HH Inc 40-50%","Child Poverty","Raw data","2023/24",17.5354598682662,"Child Poverty (%)","No",-0.164052578168861,-0.0624590578253486,-0.0657311030807994,-0.126026456513831,0.238152585131834,0.107282418633174,"Child Poverty",53,70
"83","S02001820","Largo","Fife",55,"Accessible Rural, Dep -OP, HH Inc 40-70%","Child Poverty","Raw data","2023/24",13.261471290116,"Child Poverty (%)","No",0.0761391293276572,0.494899534780963,0.34760165008088,0.540420831779178,0.216243312852426,0.630129300703859,"Child Poverty",52,77
"84","S02001821","Kennoway and Bonnybank","Fife",38,"Other Urban, Dep - Average, HH Inc 0-20%","Child Poverty","Raw data","2023/24",21.0776508123609,"Child Poverty (%)","No",0.0330679377008426,0.394953957986451,0.273482795593268,0.630662605346647,1.93142642632926,-0.528084804742322,"Child Poverty",77,55
"85","S02001822","Kettle and Ladybank","Fife",55,"Accessible Rural, Dep -OP, HH Inc 40-70%","Child Poverty","Raw data","2023/24",14.5373654224851,"Child Poverty (%)","No",-0.208419936030119,-0.165412354560498,-0.14208045904501,-0.189938914271954,-2.23673264296273,-0.237402787333297,"Child Poverty",22,63
"86","S02001823","Falkland and Freuchie","Fife",55,"Accessible Rural, Dep -OP, HH Inc 40-70%","Child Poverty","Raw data","2023/24",11.3995923939505,"Child Poverty (%)","No",-0.125503490037109,0.0269930957536054,0.000605911196015598,0.022877480675001,-1.59915901338405,-0.0586797774037457,"Child Poverty",27,67
"87","S02001824","Auchtermuchty and Gateside","Fife",59,"Accessible Rural, Dep - not OP or Child, HH Inc 0-60%","Child Poverty","Raw data","2023/24",11.234219979476,"Child Poverty (%)","No",0.17789970982027,0.731032307711876,0.522715859212983,0.714980802745619,1.75016078688324,0.574927816200787,"Child Poverty",75,76
"88","S02001825","Newburgh","Fife",55,"Accessible Rural, Dep -OP, HH Inc 40-70%","Child Poverty","Raw data","2023/24",14.2843534565045,"Child Poverty (%)","No",-0.132078965669072,0.0117348760500766,-0.0107094646536935,0.00600062346896819,0.750006342124453,2.03444935470053,"Child Poverty",63,94
"89","S02001826","Cupar West and Springfield","Fife",49,"Accessible Small Town, Dep - Student & Adult, HH Inc 60-100%","Child Poverty","Raw data","2023/24",13.8986593412405,"Child Poverty (%)","No",-0.992025350083295,-1.98374828000745,-1.49054409485846,-1.45140537859421,-2.42441636860401,-4.10347017317141,"Child Poverty",21,14
"90","S02001827","Cupar Central","Fife",50,"Accessible Small Town, Dep - Average, HH Inc 0 -50%","Child Poverty","Raw data","2023/24",20.7443333045245,"Child Poverty (%)","No",0.16430772136647,0.69949245300877,0.499326150770895,0.812008445894309,2.46246222794564,0.320267614868827,"Child Poverty",83,74
"91","S02001828","Cupar East","Fife",46,"Accessible Small Town, Dep - OP, HH Inc 50-100%","Child Poverty","Raw data","2023/24",7.1752308661709,"Child Poverty (%)","No",0.273288631634841,0.952379812864916,0.686865429927502,0.254785960504118,-0.77656427117583,0.123679254230351,"Child Poverty",35,71
"92","S02001829","Dairsie Ceres and Dunino","Fife",56,"Accessible Rural, Dep -OP, HH Inc 70-100%","Child Poverty","Raw data","2023/24",10.0784819779905,"Child Poverty (%)","No",0.288929069492629,0.988673040982667,0.713780202747074,1.06687145760951,-0.153566536100903,2.94148045612104,"Child Poverty",41,100
"93","S02001830","Elie Colinsburgh and Largoward","Fife",55,"Accessible Rural, Dep -OP, HH Inc 40-70%","Child Poverty","Raw data","2023/24",13.4777934345992,"Child Poverty (%)","No",0.390617956356305,1.22463945071754,0.88877103824009,1.34757373677738,-1.94543657858945,-0.229649707408541,"Child Poverty",24,64
"94","S02001831","St Monans and Pittenweem","Fife",54,"Accessible Rural, Dep -OP, HH Inc 0-40%","Child Poverty","Raw data","2023/24",20.4383742807122,"Child Poverty (%)","No",0.147499943283993,0.660490442346,0.470402566098592,0.495725072871743,0.269395561364477,1.69064783298468,"Child Poverty",55,90
"95","S02001832","Anstruther","Fife",46,"Accessible Small Town, Dep - OP, HH Inc 50-100%","Child Poverty","Raw data","2023/24",14.5157811221223,"Child Poverty (%)","No",0.187659571198588,0.753679811485216,0.539511070071939,0.0288660180393803,1.38175796357334,-0.353069825923904,"Child Poverty",68,60
"96","S02001833","Crail and Boarhills","Fife",54,"Accessible Rural, Dep -OP, HH Inc 0-40%","Child Poverty","Raw data","2023/24",14.6050596694004,"Child Poverty (%)","No",0.182464081955348,0.741623814204146,0.530570437211158,0.573608200514033,-1.36126806901134,-0.566861798556698,"Child Poverty",32,53
"97","S02001834","St Andrews South East","Fife",32,"Other Urban, Dep -Student, HH Inc 0-30%","Child Poverty","Raw data","2023/24",21.8177765118359,"Child Poverty (%)","No",-2.12035112450213,-4.60199881074496,-3.43221811709998,-3.00076459753215,1.47062222638793,-1.82412192438138,"Child Poverty",70,36
"98","S02001835","St Andrews Central","Fife",33,"Other Urban, Dep -Student, HH Inc 30-70%","Child Poverty","Raw data","2023/24",8.88187505017764,"Child Poverty (%)","No",0.415136751904181,1.28153467629132,0.930964090505054,1.43173816312051,0.277421304186978,-0.421970235186988,"Child Poverty",56,58
"99","S02001836","St Andrews South West","Fife",25,"Other Urban, Dep - OP, HH Inc 50-70%","Child Poverty","Raw data","2023/24",3.92002315392691,"Child Poverty (%)","No",0.487521373004443,1.44950130163107,1.0555268201587,1.41319722073124,0.889564834061262,1.01633880452162,"Child Poverty",65,81
"100","S02001837","St Andrews North and Strathkinness","Fife",33,"Other Urban, Dep -Student, HH Inc 30-70%","Child Poverty","Raw data","2023/24",2.82918417383954,"Child Poverty (%)","No",-1.20213793947062,-2.47130906355983,-1.85211534122071,-2.18463711146765,-6.41641029154557,-8.31174776574557,"Child Poverty",3,2
"101","S02001838","Leuchars and Guardbridge","Fife",47,"Accessible Small Town, Dep - Child, HH Inc 0-100%","Child Poverty","Raw data","2023/24",22.1721600694675,"Child Poverty (%)","No",-3.11759184650081,-6.91606989627959,-5.14831505268893,-3.6374967671624,-5.41717718858129,-4.53330566703624,"Child Poverty",6,11
"102","S02001839","Balmullo and Gauldry","Fife",55,"Accessible Rural, Dep -OP, HH Inc 40-70%","Child Poverty","Raw data","2023/24",11.3243904186247,"Child Poverty (%)","No",-0.478875046029747,-0.792996383350346,-0.607491843925611,-0.884098930608825,-10.7549508607605,-9.65734966557137,"Child Poverty",1,1
"103","S02001840","Tayport","Fife",48,"Accessible Small Town, Dep - Student & Adult, HH Inc 0-60%","Child Poverty","Raw data","2023/24",13.6769776918419,"Child Poverty (%)","No",0.0743274025569793,0.490695470062755,0.344483948716807,0.948806979388771,1.01144033265029,-0.957140403450929,"Child Poverty",67,47
"104","S02001841","Newport and Wormit","Fife",46,"Accessible Small Town, Dep - OP, HH Inc 50-100%","Child Poverty","Raw data","2023/24",3.16930837337411,"Child Poverty (%)","No",0.645914486309559,1.81704838987329,1.32809685301549,1.23790560727003,-1.80796314866029,-0.385429641931748,"Child Poverty",26,59
