"","year","la","total.pop","crime","CP","Attain","PD","EA","Depop","EM"
"1",2009,"Aberdeen City",226984.754504,-0.338178662980178,-0.385688602641128,0.374458020033188,0.257530665393027,-0.30856037331478,0.0505196115941651,-0.316848977780129
"2",2009,"Aberdeenshire",286973.375024,-0.24247961858989,-0.315776364624107,0.253078171679636,0.127332325536774,-0.219908991565493,-0.16324135894866,-0.298589979309064
"3",2009,"Angus",124726.421531,-0.292765172203206,-0.275128715874845,0.290494387962273,0.13064065058602,-0.0717969020011724,-0.0717481130251585,-0.276543377008673
"4",2009,"Argyll and Bute",95155.921869,-0.17281744662372,-0.0944067236995041,0.189839943128367,0.0428830200471282,-0.157904801505433,-0.000658552898683773,-0.211220856542123
"5",2009,"Clackmannanshire",61215.61948,-0.207957882246308,-0.223699373469856,0.196378729927052,0.23789622089674,-0.0154640291920614,-0.0785699101752249,-0.207989092324515
"6",2009,"Dumfries and Galloway",157522.884827,-0.182371040799591,-0.1492587761065,0.173055634107751,0.135844502001165,-0.117581439154486,-0.0326150301688379,-0.187821475009159
"7",2009,"Dundee City",155431.196751,-0.244781428487249,-0.258580043315874,0.275646084708093,0.247604048900666,-0.231245288437867,0.005254409294837,-0.25687144461722
"8",2009,"East Ayrshire",130870.357487,-0.215930618959856,-0.253369293175357,0.223425725663787,0.186348070536745,-0.236808381154502,-0.0491071322007688,-0.26977353276016
"9",2009,"East Dunbartonshire",108266.643652,-0.339307308752023,-0.343010778533275,0.343707674743106,0.258630477278516,-0.344778837792579,0.0213411951061691,-0.363868009199202
"10",2009,"East Lothian",109823.743721,-0.179691945257964,-0.170783712461875,0.200856422952928,0.187746854519199,-0.167663305760899,0.00572958405820678,-0.186725807739399
"11",2009,"East Renfrewshire",91699.634442,-0.355746721384817,-0.367083669895645,0.368952846029642,0.305533300482479,-0.281398184700115,-0.0359492470495093,-0.364028204832295
"12",2009,"Edinburgh, City of",527536.353253,-0.408359120014719,-0.406317054045815,0.431857386586486,0.34735801736722,-0.324619894735477,0.127553223229413,-0.427345224704585
"13",2009,"Eilean Siar",26333.589699,0.0222125860624551,-0.0467961772458567,0.0357696807476882,-0.0136902065787581,0.0334745035972599,-0.0220077444832896,0.0276730394879676
"14",2009,"Falkirk",177079.917579,-0.226382249917053,-0.261324312575569,0.199829963179395,0.199978242367278,-0.169369132410443,-0.114751224623314,-0.209762300753075
"15",2009,"Fife",464590.041673,-0.323259756006465,-0.350711423333216,0.297735502819059,0.280460422147343,-0.245455605191225,-0.175472760128379,-0.339902945474865
"16",2009,"Glasgow City",652564.775334,-0.225398985972902,-0.197351901278857,0.230176990919055,0.168563788663796,-0.226708286201188,-0.0437523050687929,-0.246164604128303
"17",2009,"Highland",242535.132423,-0.200507546769895,-0.226344896410659,0.194380908759985,0.133333451988161,-0.158437757192797,-0.0704467438675955,-0.229382438661098
"18",2009,"Inverclyde",86411.983538,-0.333965820613184,-0.358703330191231,0.326029812725547,0.309461377918875,-0.309464289614922,-0.280439474928947,-0.361110340811207
"19",2009,"Midlothian",83563.82858,-0.239846055161154,-0.244083501308773,0.236100582389677,0.216667657010412,-0.138245862860862,-0.09572515128486,-0.250742811361389
"20",2009,"Moray",99938.933122,-0.129200014539012,-0.119627156373567,0.0796486348440961,0.0489624229281684,-0.0903443050790589,-0.0127794341949841,-0.0951884703610633
"21",2009,"North Ayrshire",144259.141003,-0.280547725810438,-0.321248191303608,0.253281304897961,0.212906670668627,-0.220330536564576,-0.116586231287966,-0.330011136622954
"22",2009,"North Lanarkshire",364804.313114,-0.177860068588654,-0.202190393519547,0.194017690256558,0.172888922199736,-0.122050552520392,-0.0203175785878607,-0.188564232939001
"23",2009,"Orkney Islands",21721.610349,0.00562230359422089,-0.0935246933774179,-0.0244265645219024,-0.0466254546767564,0.0114579945844997,-0.140429954583906,-0.0291458633757584
"24",2009,"Perth and Kinross",154646.609741,-0.236672756087968,-0.259447603574795,0.225284421787439,0.117657290571332,-0.195722157014597,-0.0454662207013907,-0.257558734139071
"25",2009,"Renfrewshire",183424.947693,-0.299552783965904,-0.349687125881905,0.325354984260226,0.270051121114966,-0.3273245383955,-0.0363243922196936,-0.354988810783462
"26",2009,"Scottish Borders",126748.855025,-0.193455306773659,-0.187211161390676,0.177701141783974,0.145825220212913,-0.0722280606197714,-0.0964134441590634,-0.158783573438518
"27",2009,"Shetland Islands",21925.501237,-0.0762533926399889,-0.0818487208614735,0.105634074505624,0.0352374823398298,-0.0489019047833783,-0.0724830941548491,-0.0154446457082866
"28",2009,"South Ayrshire",118610.144404,-0.208655492332027,-0.26736292499569,0.241284889136626,0.22733431446942,-0.217567237970481,0.00584841853145157,-0.263728432222265
"29",2009,"South Lanarkshire",359314.898682,-0.238844998245924,-0.264097539872978,0.241170328360454,0.221893462292101,-0.178611291546954,-0.0667516312785352,-0.265134946372896
"30",2009,"Stirling",101715.049242,-0.307709515004517,-0.331324142223294,0.35106781400591,0.316028967438099,-0.312581898856108,-0.083250375523173,-0.318705348655853
"31",2009,"West Dunbartonshire",94476.696286,-0.200902250738452,-0.201907318130131,0.203358245170437,0.185750182359517,-0.111689293541278,-0.00725312599436734,-0.211675314054385
"32",2009,"West Lothian",205654.660496,-0.204397527244399,-0.244836066473137,0.234742903394102,0.225777334734294,-0.179248357763251,-0.0427395703862476,-0.225933690162551
"33",2010,"Aberdeen City",236643.516003,-0.315805272451827,-0.353555741504747,0.355399782502772,0.242552583658892,-0.288222002050164,0.0487201084488902,-0.297666353714048
"34",2010,"Aberdeenshire",301718.628199,-0.252807634222766,-0.309536812690798,0.257355939988624,0.139576671723397,-0.186259548968614,-0.153777461541999,-0.28375368165127
"35",2010,"Angus",126420.334888,-0.306700542096814,-0.278157571961037,0.285373128637685,0.164712388456985,-0.10855666391868,-0.0975705686077202,-0.28251099352071
"36",2010,"Argyll and Bute",92844.874075,-0.196233324497541,-0.109026915430227,0.203968390281064,0.0717570540840846,-0.142805680382158,-0.00186662599752374,-0.22063003923535
"37",2010,"Clackmannanshire",63020.336382,-0.178527734651523,-0.173004836020798,0.157146498158951,0.231177010270489,-0.12316925647189,-0.0984000866540251,-0.176558901081142
"38",2010,"Dumfries and Galloway",158069.126919,-0.175893820063553,-0.144872243238371,0.164711109281024,0.142548539968381,-0.125949313338273,-0.0307753782746527,-0.168366632055541
"39",2010,"Dundee City",161884.753043,-0.237636853303134,-0.250970383815282,0.292904288344161,0.247183317064938,-0.276899807552796,-0.0420502137919527,-0.262978255867168
"40",2010,"East Ayrshire",134188.457609,-0.229173213929601,-0.255689338499383,0.244313298221302,0.218847571936417,-0.21883799155319,-0.0685496892399016,-0.258768239466468
"41",2010,"East Dunbartonshire",108352.269994,-0.336278550845603,-0.327695325951646,0.329744750368368,0.257167758328482,-0.304921467479016,0.0299648144536953,-0.34809027000613
"42",2010,"East Lothian",117273.818446,-0.199295832350317,-0.178836002543269,0.199202041427821,0.18981658895297,-0.170432623949499,-0.00179501708251806,-0.158738007259671
"43",2010,"East Renfrewshire",92208.068925,-0.368798138399983,-0.381543068815154,0.403459885600428,0.32955804256498,-0.231421112853857,-0.000261540308722275,-0.378023528114328
"44",2010,"Edinburgh, City of",559377.677072,-0.376297901591208,-0.372874948252459,0.404022714112202,0.315776123052103,-0.366502884679079,0.102065097423669,-0.387583626285938
"45",2010,"Eilean Siar",26235.256685,-0.0270412850834378,-0.0492278845607044,0.0449678942126894,-0.0437851889350851,0.0153372570040808,-0.04102828188286,0.0119748772139903
"46",2010,"Falkirk",182555.091502,-0.238858964923683,-0.269304826806364,0.221042807606782,0.21640674035128,-0.14425385523376,-0.126977204433741,-0.209805068507212
"47",2010,"Fife",504870.015394,-0.360160193375073,-0.372237202876377,0.317830356393486,0.294556616538202,-0.298284963121674,-0.218707151054041,-0.366607218884283
"48",2010,"Glasgow City",676296.780179,-0.207933043423125,-0.16086817046213,0.223946100273572,0.158656679917755,-0.195087487230317,-0.0770909451380106,-0.227909060711475
"49",2010,"Highland",252629.301559,-0.211296172102685,-0.222597256423299,0.200882997882928,0.136283756405163,-0.160308864318431,-0.0770567735631396,-0.221105733282769
"50",2010,"Inverclyde",86171.875692,-0.321161361547047,-0.334991482923333,0.298355417016963,0.294315680237623,-0.269826210520498,-0.236807690100798,-0.341202464819605
"51",2010,"Midlothian",87018.669468,-0.247340605502284,-0.246517871821445,0.226409354245308,0.210238584567753,-0.216254662235471,-0.126175946946709,-0.236633288960421
"52",2010,"Moray",103534.453538,-0.135450815394061,-0.106954139052623,0.0795171135024688,0.0609541454727864,-0.11462532063905,-0.0343365688976789,-0.0945804337819762
"53",2010,"North Ayrshire",145372.70839,-0.287185613104141,-0.308751465855751,0.24715437995525,0.220661287539031,-0.202841823464393,-0.0932501714758303,-0.311323571660983
"54",2010,"North Lanarkshire",373863.664329,-0.183321366611157,-0.20024610218022,0.197807706448504,0.172325354389937,-0.136850477481094,-0.0391103811234146,-0.178059033697537
"55",2010,"Orkney Islands",21959.19503,-0.126504840442969,0.0121485646361448,0.0593223961527516,-0.0109660187189029,-0.0112610588093078,-0.133540598455695,-0.131947377589362
"56",2010,"Perth and Kinross",162117.086206,-0.249602290933419,-0.279767470656504,0.238751622079397,0.161835389418448,-0.213011809059955,-0.0250005741714716,-0.275555669793489
"57",2010,"Renfrewshire",186155.984748,-0.287504928600683,-0.328059270159084,0.322473264613071,0.27925975515352,-0.273142043633023,-0.0331844408844351,-0.321756453205515
"58",2010,"Scottish Borders",129225.827866,-0.234642185529163,-0.215802383018122,0.193818042629569,0.169942723931376,-0.124556599189013,-0.119634286482396,-0.184591120526203
"59",2010,"Shetland Islands",22401.127714,-0.0727982191612118,-0.0583616883355611,0.0969228671793547,-0.000553813800556302,-0.0687549063119977,-0.0328035610589046,0.00517288855120257
"60",2010,"South Ayrshire",118664.044992,-0.22387511598854,-0.263130247810574,0.228059835084935,0.224022944029501,-0.228285818465627,0.00940203242051574,-0.271808214061998
"61",2010,"South Lanarkshire",369899.57284,-0.248045000189148,-0.264934325886646,0.238356127159577,0.225734858511565,-0.165189675943839,-0.0948060535984823,-0.262770838178589
"62",2010,"Stirling",104601.416335,-0.301930275695774,-0.32308533452208,0.344805619917285,0.311210920561757,-0.30690199890949,-0.088469392801783,-0.330070145036215
"63",2010,"West Dunbartonshire",93960.889447,-0.188975091256597,-0.190359769909771,0.184901304335035,0.161894976163699,-0.0739765886545518,0.0144074094051732,-0.208878518254841
"64",2010,"West Lothian",218381.890091,-0.195186062772601,-0.222638641066144,0.218146152897621,0.206387450493088,-0.111587856745981,-0.0387888236135332,-0.200287580159904
"65",2011,"Aberdeen City",222460,-0.315818161498344,-0.353321727196247,0.359599722251403,0.251661215095186,-0.283600979741294,0.0591171466340974,-0.289082087259832
"66",2011,"Aberdeenshire",253650,-0.262532851439481,-0.309877565312568,0.267604628351918,0.151780879773128,-0.202352619072595,-0.153276005182409,-0.289224307912338
"67",2011,"Angus",116200,-0.310415322079297,-0.288387789187503,0.287783547744459,0.166416810038335,-0.132834113920656,-0.0810336489787655,-0.260000539425838
"68",2011,"Argyll and Bute",88930,-0.18867644709419,-0.120295869141108,0.202751433752884,0.0911604952478022,-0.147439618121091,0.00944639859649321,-0.240374385179166
"69",2011,"Clackmannanshire",51500,-0.192954361169316,-0.18155363714384,0.168769148194569,0.231179641204185,-0.0719853124657175,-0.0983977813060495,-0.171597955440908
"70",2011,"Dumfries and Galloway",151410,-0.172453379522896,-0.15780860914054,0.171774041783118,0.146673503958251,-0.107059728491606,-0.0259493002073778,-0.180308424336761
"71",2011,"Dundee City",147200,-0.234932388367327,-0.257760328369404,0.318304351273179,0.25826158175472,-0.260153070185876,-0.0486795539060978,-0.244315435357583
"72",2011,"East Ayrshire",122690,-0.243881815333584,-0.261163421834185,0.263956424521018,0.222764154308177,-0.2489529080463,-0.0858553492436673,-0.254561952185856
"73",2011,"East Dunbartonshire",105000,-0.330775877838501,-0.338718972475933,0.335447435207493,0.267492716128794,-0.288657254727966,0.0273017398692215,-0.345001798959339
"74",2011,"East Lothian",99920,-0.199561802675989,-0.178516311547791,0.198052230749937,0.189816201933283,-0.143893483416384,-0.000112547908535987,-0.155124031436814
"75",2011,"East Renfrewshire",90810,-0.369037042052248,-0.381366668451303,0.405313131848463,0.337323143588105,-0.264167388839551,0.0427600521086724,-0.378859137906126
"76",2011,"Edinburgh, City of",477940,-0.377561612149361,-0.376891687311847,0.412631034392795,0.323594579401906,-0.343481181930443,0.0941385002421171,-0.378803385679962
"77",2011,"Eilean Siar",27690,-0.0374695482735761,-0.049212405193253,0.0217761487091779,-0.04869922438911,-0.00952593101193822,-0.0424480377437244,-0.00611610836141763
"78",2011,"Falkirk",156250,-0.249101975258855,-0.278098085686086,0.240712166213768,0.222246548416006,-0.180035000301038,-0.127231062172701,-0.205413448468281
"79",2011,"Fife",365300,-0.36179366638293,-0.375603878562892,0.326307777367347,0.304836781332028,-0.328301632647445,-0.213608440562815,-0.360948080366512
"80",2011,"Glasgow City",593060,-0.205949322308278,-0.1656621972271,0.234710423740104,0.165593677872899,-0.19462100788099,-0.0860374271659552,-0.228802600529242
"81",2011,"Highland",232730,-0.206483986860125,-0.22661556936572,0.209315305920576,0.144214059430361,-0.175957182124719,-0.075571766987327,-0.228243006853575
"82",2011,"Inverclyde",81220,-0.314386870462079,-0.333187329434356,0.316230761173538,0.294322724040378,-0.326765099961114,-0.245171041519294,-0.334318290906872
"83",2011,"Midlothian",83450,-0.247295154644347,-0.250387700133492,0.230728701914662,0.210164369660234,-0.12213353990803,-0.118612966372299,-0.247407175188524
"84",2011,"Moray",93470,-0.137893695863994,-0.111223362530289,0.0861305072552732,0.0646985327484124,-0.120978936719826,-0.0317481088539306,-0.102857957991636
"85",2011,"North Ayrshire",138090,-0.290974255252046,-0.307432035446428,0.260564503101277,0.240637115921494,-0.194818074849076,-0.0893769186507498,-0.322267917901687
"86",2011,"North Lanarkshire",337720,-0.186606417076462,-0.203937770009176,0.203351354332092,0.176453992722504,-0.155086612496969,-0.0348644616191116,-0.18229585942813
"87",2011,"Orkney Islands",21420,-0.110367274641038,0.0121540527090356,0.0593376097174427,-0.0109590058026467,-0.039969082600446,-0.144245058801246,-0.123650682709188
"88",2011,"Perth and Kinross",146850,-0.253264562050367,-0.282589704356702,0.254255454756475,0.181976451259601,-0.190008262439902,-0.0184646627930523,-0.267452386329278
"89",2011,"Renfrewshire",174700,-0.287322434549081,-0.334351043887741,0.329189699221264,0.289239766543847,-0.236199538365469,-0.0298640840309332,-0.327961571894786
"90",2011,"Scottish Borders",113880,-0.22829661119027,-0.220358142050284,0.205752871878742,0.173399957084598,-0.085503911152836,-0.129075158048835,-0.162595920327323
"91",2011,"Shetland Islands",23240,-0.0829053363466645,-0.0743336291201357,0.0969016067191117,-0.0106681279083629,0.0146719886146851,-0.0327923874624665,-0.0504578128710995
"92",2011,"South Ayrshire",112980,-0.231997016607859,-0.273533874175295,0.229806889936036,0.232798436962433,-0.206789983773555,0.032035120378815,-0.265285291913344
"93",2011,"South Lanarkshire",313900,-0.249640860703206,-0.269539138139862,0.24707503062044,0.231796901940037,-0.133498925632118,-0.09687606302289,-0.252703777364978
"94",2011,"Stirling",90330,-0.307338189367534,-0.325527301623211,0.345090678239467,0.311218653481882,-0.30781646486834,-0.090703481826913,-0.321624180618129
"95",2011,"West Dunbartonshire",90610,-0.18731387619249,-0.190096153761847,0.190215351268611,0.164677921097955,-0.131284171395278,0.0114040227829175,-0.191843408985765
"96",2011,"West Lothian",175300,-0.187573267696106,-0.223945378000938,0.2233582912354,0.209351053741283,-0.128411651243232,-0.0322029023405861,-0.213702530051609
"97",2012,"Aberdeen City",224910,-0.319008248146579,-0.35346864133888,0.358627530120206,0.259674104884411,-0.298830783013104,0.061800378051128,-0.291033187742707
"98",2012,"Aberdeenshire",255560,-0.268751717903239,-0.311012561091328,0.27388670904287,0.166102428765956,-0.161142242329124,-0.160101897132982,-0.283848066133089
"99",2012,"Angus",116220,-0.311107833155482,-0.293584621496442,0.296322299541254,0.196129484228434,-0.104468612726622,-0.0784646860138629,-0.269620356051537
"100",2012,"Argyll and Bute",86910,-0.187563161111314,-0.131578934052327,0.210286486873773,0.0941996588558602,-0.199105381625947,0.00678621988823025,-0.221224676302215
"101",2012,"Clackmannanshire",51280,-0.201698091876728,-0.187127719316536,0.168769148194569,0.232099159844626,-0.0687364784753042,-0.0983977813060495,-0.196052079907123
"102",2012,"Dumfries and Galloway",150840,-0.165601837282969,-0.165874741247517,0.179673262778561,0.154726580542805,-0.146978070564957,-0.0239365108259939,-0.182013688702368
"103",2012,"Dundee City",147780,-0.229875462194103,-0.260978671019458,0.327200966421159,0.262966946899907,-0.217513508351979,-0.059516768953447,-0.233165609919045
"104",2012,"East Ayrshire",122730,-0.246135778539314,-0.263204864756061,0.269541298882237,0.230972156018963,-0.204331222417407,-0.0868116461161623,-0.255722688518745
"105",2012,"East Dunbartonshire",105880,-0.326088981388301,-0.340528488470626,0.337713645553793,0.27928287989694,-0.264868580731084,0.0453301261906098,-0.351478775126928
"106",2012,"East Lothian",100860,-0.199821078822214,-0.17636991922712,0.201060604805981,0.189922204773495,-0.158340600054925,0.010529214914424,-0.158207472519434
"107",2012,"East Renfrewshire",91040,-0.368559519045009,-0.381366668451303,0.40615394876285,0.342492427211034,-0.327900061834923,0.0498532764093822,-0.377129840960071
"108",2012,"Edinburgh, City of",482630,-0.3690214078675,-0.380663269261742,0.419708395006687,0.33030679694474,-0.346475703181003,0.0900460011630884,-0.385886278733278
"109",2012,"Eilean Siar",27560,-0.0374695482735761,-0.049212405193253,0.0264172734705546,-0.0501221414688331,-0.000850545249063472,-0.0570056841076667,-0.00667202723181415
"110",2012,"Falkirk",156800,-0.253341729742354,-0.281616393707703,0.257329556587619,0.232581026434227,-0.202407155839992,-0.126515073236448,-0.203958806351286
"111",2012,"Fife",366210,-0.359999621954259,-0.377253836249302,0.338650873382846,0.314444726999604,-0.332473033180825,-0.211406473368946,-0.369165166019435
"112",2012,"Glasgow City",595070,-0.198090783920556,-0.17231554209458,0.252786106439814,0.172726091105652,-0.20842831675975,-0.0917660635164737,-0.227622673386691
"113",2012,"Highland",232890,-0.201256917356613,-0.23016671221616,0.22736091863036,0.150816282959514,-0.177700714694083,-0.0780714564189218,-0.227759794699519
"114",2012,"Inverclyde",80690,-0.306644127175446,-0.330016515328523,0.319042584909529,0.294965795885854,-0.312161043174573,-0.234573153502814,-0.332752523545254
"115",2012,"Midlothian",84240,-0.252140584890424,-0.243577674378018,0.230168339705522,0.208919164592247,-0.190125339562214,-0.120252812380695,-0.227212577875336
"116",2012,"Moray",92930,-0.124821345705342,-0.109759703900021,0.0995939559332211,0.0687652150954641,-0.0973817579459979,-0.0301559948534749,-0.10597797437792
"117",2012,"North Ayrshire",137570,-0.287477155356584,-0.311971804685344,0.262164587375526,0.253698019797456,-0.19402949377125,-0.0853663425660098,-0.320102657642504
"118",2012,"North Lanarkshire",337890,-0.18392220909756,-0.206865642596338,0.208082590331941,0.180879750083708,-0.179278244423873,-0.0349024876517241,-0.187959676459784
"119",2012,"Orkney Islands",21530,-0.110367274641038,-0.0109769419078851,0.0724683935880401,0.00516324052902362,-0.14807291542672,-0.144245058801246,-0.169280159961182
"120",2012,"Perth and Kinross",147740,-0.256818135040499,-0.283357315372642,0.255680683366965,0.19179159541927,-0.205507095435104,-0.00278780129214162,-0.272670804694577
"121",2012,"Renfrewshire",174300,-0.296059324371425,-0.335724469626623,0.3333983075332,0.303875288694886,-0.284686482775706,-0.0322205383984979,-0.336694028004093
"122",2012,"Scottish Borders",113720,-0.224348990033388,-0.214890297278398,0.223124018960531,0.180480998477172,-0.13772000522577,-0.133275703773881,-0.188437431085765
"123",2012,"Shetland Islands",23210,-0.0824483285273436,-0.0666539118900009,0.0969016067191117,-0.0106681279083629,-0.0755498003461561,-0.0327923874624665,-0.0459250010295935
"124",2012,"South Ayrshire",112920,-0.231422952274425,-0.274561186910333,0.232541319099532,0.243630838563309,-0.209206874223419,0.0165412785507222,-0.26398014242103
"125",2012,"South Lanarkshire",314330,-0.242697238048084,-0.271652962472622,0.251770753410007,0.236813496064084,-0.117143048618033,-0.0955256006023788,-0.24038586978509
"126",2012,"Stirling",91010,-0.305242829046354,-0.330684936759,0.352846817037605,0.312370575197733,-0.301190742750834,-0.0822625138341806,-0.318918206721414
"127",2012,"West Dunbartonshire",90340,-0.183585830697806,-0.187165628101537,0.195059381056666,0.165539178525207,-0.115708901620564,0.00462022575839161,-0.19143939678016
"128",2012,"West Lothian",176010,-0.182321648417915,-0.224675525142946,0.22871572617375,0.211572613569018,-0.14606980634648,-0.0289612257438172,-0.206059075670002
"129",2013,"Aberdeen City",227070,-0.317736726810162,-0.353803447511623,0.353484696070172,0.279796855831691,-0.334369110245014,0.0423082451075452,-0.282737027346707
"130",2013,"Aberdeenshire",257770,-0.285854807091249,-0.328622388329693,0.284002896409596,0.204209904298342,-0.202078079589228,-0.173110484792037,-0.283751630980507
"131",2013,"Angus",116290,-0.281616171567197,-0.265436781101299,0.282454966787842,0.184801481950755,-0.159849780808754,-0.0168756407500865,-0.272212427843016
"132",2013,"Argyll and Bute",88050,-0.189024507708669,-0.122324491619034,0.17618173665838,0.108643528292385,-0.191333946220173,-0.027831613945577,-0.195085882709638
"133",2013,"Clackmannanshire",51280,-0.217786339448366,-0.230288878264918,0.23311494823939,0.235885586083848,-0.136082567001321,-0.0529134365108375,-0.224899275382697
"134",2013,"Dumfries and Galloway",150280,-0.178767502479596,-0.197162353543423,0.20056015536246,0.174919672076049,-0.151670655213172,-0.0354011938436862,-0.19944049619817
"135",2013,"Dundee City",148100,-0.248578816849719,-0.281445300242002,0.326926601600936,0.290214460947265,-0.192633499986703,-0.0509331270111417,-0.232615768688667
"136",2013,"East Ayrshire",122430,-0.241107498747587,-0.261222640100694,0.256962385219598,0.233330648333142,-0.230260578948721,-0.103377989913685,-0.245075926471213
"137",2013,"East Dunbartonshire",105840,-0.332852506878811,-0.327215407302798,0.33439568200486,0.281231844604289,-0.334096054307754,0.0658451567918465,-0.351375621398409
"138",2013,"East Lothian",101390,-0.220736358926596,-0.221630633313354,0.231359257631183,0.233391923306435,-0.195877227783033,-0.0172554771363345,-0.213008058944343
"139",2013,"East Renfrewshire",91530,-0.370494923244022,-0.388353706317692,0.398358851232801,0.356038292239973,-0.345481084741589,0.0578435506070569,-0.38510966584436
"140",2013,"Edinburgh, City of",487460,-0.396515962646891,-0.411714151219012,0.44670473908463,0.369385921062928,-0.38474481666762,0.0635878138703987,-0.420609110040608
"141",2013,"Eilean Siar",27400,-0.067134174509289,-0.0744180215758918,-0.00170099908515331,-0.05575529207163,-0.0387381998351466,-0.0332437568500286,-0.0323302868633437
"142",2013,"Falkirk",157160,-0.248314099514586,-0.276441603039842,0.238460756476188,0.240917972311371,-0.210078832276377,-0.09838220362575,-0.220996754075012
"143",2013,"Fife",366900,-0.332639368435547,-0.362925857270714,0.331490490254573,0.309025407408065,-0.276089947985128,-0.116453013922694,-0.333034220039046
"144",2013,"Glasgow City",596520,-0.207680739486122,-0.199964268280041,0.260490821191475,0.202606484853625,-0.223342123619503,-0.108465068199166,-0.241087029864389
"145",2013,"Highland",232930,-0.20827461992581,-0.240337573347272,0.234560164622511,0.171962862950021,-0.185821736711119,-0.0946465480461747,-0.226988508805359
"146",2013,"Inverclyde",80340,-0.308570011735878,-0.340547587954036,0.324437560507514,0.299712665013355,-0.313937605818052,-0.236209945035177,-0.356511096371479
"147",2013,"Midlothian",84710,-0.259025494558724,-0.267832156522246,0.267385094843051,0.222062741812557,-0.19845445803913,-0.112405129547239,-0.244017310390752
"148",2013,"Moray",94360,-0.145152363540126,-0.165641555553051,0.139512263244818,0.0757352474989954,-0.096531497427546,-0.0356684627694666,-0.134084005010286
"149",2013,"North Ayrshire",136940,-0.268389952937786,-0.307536543674598,0.271026277981321,0.253222884296884,-0.238141331164393,-0.102097818655793,-0.309088793286289
"150",2013,"North Lanarkshire",337780,-0.186065716104846,-0.220186523338711,0.211107383766457,0.194997075716596,-0.159193691172302,-0.0426548119029668,-0.195727830498871
"151",2013,"Orkney Islands",21560,-0.10928791621583,-0.0410907865994323,0.103421935501433,0.0440887654900679,-0.186943769607142,-0.160893235067949,-0.160150120109698
"152",2013,"Perth and Kinross",147770,-0.245568327231755,-0.282527951999334,0.280987197835898,0.209184442063705,-0.208546805341758,-0.0130980699411314,-0.25907740691386
"153",2013,"Renfrewshire",173890,-0.296716914263316,-0.344266164204841,0.341253217455444,0.327180615313518,-0.280319859120633,-0.0366996507994948,-0.343844592341574
"154",2013,"Scottish Borders",113880,-0.205175089330002,-0.217484448455643,0.226829982414637,0.211236620735471,-0.14826528188949,-0.146645421151794,-0.179711216318589
"155",2013,"Shetland Islands",23200,-0.110747479357703,-0.105420591123467,0.107089954773661,-0.0339391173256991,-0.0715769055225923,-0.0755604884997858,-0.0645370869811763
"156",2013,"South Ayrshire",112870,-0.253040304480923,-0.317456956775298,0.281605540811444,0.289293551117163,-0.245751314742882,0.0212651491815237,-0.273092746898087
"157",2013,"South Lanarkshire",314810,-0.229283601847641,-0.258787599524098,0.249820720250526,0.232628680289814,-0.138069513027144,-0.0752759763873065,-0.246958076084375
"158",2013,"Stirling",91230,-0.296927379304801,-0.346491962681821,0.351686877185749,0.315398343375248,-0.307946124018816,-0.0797895901337604,-0.330002820648135
"159",2013,"West Dunbartonshire",89800,-0.177638276748577,-0.215395604441117,0.217204291848867,0.185269040202339,-0.123360111105436,-0.0245101708772797,-0.178599188394248
"160",2013,"West Lothian",176160,-0.216817267078131,-0.259230431135817,0.258190630514711,0.238495876837236,-0.177675023223793,-0.0316211350046451,-0.220856619758113
"161",2014,"Aberdeen City",228920,-0.316704996770888,-0.353747367657343,0.328224363901828,0.288693240628625,-0.316779169719474,0.0224399383675014,-0.252708824573775
"162",2014,"Aberdeenshire",260530,-0.294246897752807,-0.329858074401532,0.286899005789653,0.222031133769441,-0.190688974910191,-0.179107282982976,-0.200462549183236
"163",2014,"Angus",116740,-0.272391915996299,-0.268778534107645,0.271237681584449,0.210083912843396,-0.208067868725125,-0.0175636248601556,-0.224383400636562
"164",2014,"Argyll and Bute",87650,-0.193623102041686,-0.145439535029444,0.196710693755758,0.123240333082508,-0.200604941341456,-0.0428541096374015,-0.175656568119014
"165",2014,"Clackmannanshire",51190,-0.226931984713981,-0.227557080407836,0.239774896806872,0.236430595786033,-0.162643462664554,-0.0529134365108375,-0.186597829585259
"166",2014,"Dumfries and Galloway",149960,-0.188976180517914,-0.200252475401006,0.202903545298858,0.178747603817907,-0.178853512826704,-0.0418033938598761,-0.139518085124116
"167",2014,"Dundee City",148130,-0.273447710289073,-0.282652431321969,0.324280097332661,0.293445446506928,-0.21268378852751,-0.0556775290535327,-0.252015637050235
"168",2014,"East Ayrshire",122130,-0.240577999824778,-0.266128666309237,0.249455574957741,0.242716293554613,-0.220624280836642,-0.102208475976367,-0.182583356751934
"169",2014,"East Dunbartonshire",106710,-0.326473951396887,-0.328531549507063,0.324591754917035,0.295990995084571,-0.317290739126332,0.0664520925417182,-0.253928488516729
"170",2014,"East Lothian",102090,-0.221422687504029,-0.225531220201262,0.24179131964844,0.230758800138467,-0.216051768492749,-0.0116051923093234,-0.166822748980782
"171",2014,"East Renfrewshire",92410,-0.383401378133671,-0.387345672334868,0.410792677510566,0.3626626562713,-0.367083237690681,0.0543412441899838,-0.356852982951422
"172",2014,"Edinburgh, City of",492610,-0.396944050687988,-0.41314256539847,0.448744469179253,0.375705991481681,-0.401382853369658,0.0566168632504755,-0.403173563458687
"173",2014,"Eilean Siar",27250,-0.0625332016920139,-0.0744180215758918,0.0302714649323828,-0.0644455032110214,0.0174825952663471,-0.0332437568500286,0.0232621081330784
"174",2014,"Falkirk",157690,-0.249550740806241,-0.276254598860902,0.247589515257507,0.250243265535609,-0.200265389432213,-0.100320798690625,-0.211217391267956
"175",2014,"Fife",367250,-0.336733698806718,-0.363059652840509,0.337473254157374,0.317959944486972,-0.288130741356966,-0.116930285983294,-0.263825780275088
"176",2014,"Glasgow City",599640,-0.220311101972769,-0.204282131484192,0.28057428401798,0.210713452126079,-0.201159861314224,-0.106025516537684,-0.198366875620586
"177",2014,"Highland",233080,-0.213035402437489,-0.240027829837096,0.251992318698509,0.180349699891799,-0.211926201443248,-0.0980076138318431,-0.168982146053537
"178",2014,"Inverclyde",79890,-0.324005282266711,-0.335195123554213,0.320806380665949,0.301832704743072,-0.261639105372574,-0.221484861120955,-0.288631423217478
"179",2014,"Midlothian",86220,-0.250567465051879,-0.266161452796077,0.253605605172639,0.229787150147871,-0.16390511925521,-0.115798157539686,-0.185387003011956
"180",2014,"Moray",94770,-0.143503237856702,-0.163579318760956,0.106404018831563,0.0928291073282317,-0.0699746295416368,-0.0295926221809841,-0.0677867794826721
"181",2014,"North Ayrshire",136480,-0.280366393684185,-0.307844727528126,0.276352611780197,0.266950205517187,-0.198450210562614,-0.101380726748092,-0.271876862558139
"182",2014,"North Lanarkshire",338000,-0.18745969486702,-0.2211475654704,0.203132397937903,0.19895881810892,-0.161188543995248,-0.0433073884083761,-0.145385806308621
"183",2014,"Orkney Islands",21580,-0.113511830635118,-0.0410907865994323,-0.0488985974725926,0.0440887654900679,-0.0956872792601513,-0.160893235067949,-0.0505590374891969
"184",2014,"Perth and Kinross",148930,-0.242527552279306,-0.284640894678114,0.279554385925048,0.220891212684544,-0.231547611860194,-0.0152630297576692,-0.213951264016448
"185",2014,"Renfrewshire",174230,-0.295893907473603,-0.348022248769794,0.33558544184314,0.332893967714721,-0.314621985575505,-0.0184685958530917,-0.252791136410494
"186",2014,"Scottish Borders",114040,-0.215222520955399,-0.221347050000473,0.229137255442012,0.213061405645256,-0.170858273872215,-0.154370837131255,-0.160336834239546
"187",2014,"Shetland Islands",23220,-0.0944760245079734,-0.0895727009944263,0.0692021769497808,-0.0339391173256991,-0.0347264290555023,-0.0755604884997858,-0.0958020414090701
"188",2014,"South Ayrshire",112530,-0.252789254159599,-0.320388110497036,0.268846149555918,0.290142603160875,-0.272526971999917,-0.00760188381411098,-0.239574797550905
"189",2014,"South Lanarkshire",315300,-0.227671629522952,-0.25915599359746,0.252721247169237,0.23846305120319,-0.149904421106797,-0.0752390686745699,-0.175223027866419
"190",2014,"Stirling",91520,-0.299505090563629,-0.346248021032104,0.345916008758135,0.317972676263569,-0.307851515082677,-0.0831333323431211,-0.306672390966004
"191",2014,"West Dunbartonshire",89710,-0.179450923105171,-0.217529528841547,0.222435040265419,0.188437142288848,-0.127240586107084,-0.0239325806303965,-0.175786508161456
"192",2014,"West Lothian",177200,-0.234275216229298,-0.261496796770015,0.249194247113184,0.243959330553492,-0.193534874771897,-0.0173774129445956,-0.180205532824464
"193",2015,"Aberdeen City",230350,-0.314117528059125,-0.347899728828656,0.3322724269769,0.303719956606233,-0.314372790824711,0.00692905404600452,-0.29281022322054
"194",2015,"Aberdeenshire",261960,-0.291976630745795,-0.326536862069922,0.299621805477955,0.237642701242141,-0.218726362245356,-0.178975860233049,-0.279302045417676
"195",2015,"Angus",116900,-0.263205526705238,-0.281036206525621,0.272980209301434,0.225488600947962,-0.166357184612291,-0.0218016016798916,-0.267165690534434
"196",2015,"Argyll and Bute",86890,-0.193330346548322,-0.140388610706162,0.16550519734902,0.119984195681731,-0.182272567788191,-0.0632330268357402,-0.196701635887793
"197",2015,"Clackmannanshire",51360,-0.231138702188226,-0.218943789820361,0.233946711412332,0.236430595786033,-0.0881170261630904,-0.0818116369976658,-0.203247966603235
"198",2015,"Dumfries and Galloway",149670,-0.190570293102921,-0.20597851185615,0.213500049600052,0.179325959440677,-0.162776823271617,-0.0485293413226984,-0.160537504943038
"199",2015,"Dundee City",148210,-0.279632924899609,-0.298353472462304,0.316609200063825,0.300693678031008,-0.227387053559557,-0.0494539996808765,-0.252279489003538
"200",2015,"East Ayrshire",122060,-0.243560926306388,-0.276018554310703,0.258830188525261,0.255333788696062,-0.220750116395845,-0.10484598274787,-0.219312332691965
"201",2015,"East Dunbartonshire",106960,-0.312464245464703,-0.337294634259587,0.309290945008119,0.313049440312511,-0.270157817234879,0.0615328314428663,-0.280291570695731
"202",2015,"East Lothian",103050,-0.21416121593673,-0.22876605936426,0.228672192450174,0.230016121034941,-0.203218158582738,-0.0120941204589053,-0.178639988081115
"203",2015,"East Renfrewshire",92940,-0.390718256533383,-0.404859842838234,0.409012712777419,0.365617631668052,-0.340309750273736,0.0495561565285456,-0.390229938129098
"204",2015,"Edinburgh, City of",498810,-0.386292381414087,-0.437182654134158,0.44750740952356,0.383629737185551,-0.374907355608464,0.0517739620349786,-0.430720675897046
"205",2015,"Eilean Siar",27070,-0.0422681678607986,-0.0888600646733271,0.0322953596434816,-0.0644455032110214,-0.00870412405684728,-0.0356741696180287,0.00718239871015669
"206",2015,"Falkirk",158460,-0.242428698233194,-0.278747724481587,0.249144524983544,0.256520976551901,-0.205073602261772,-0.0961250727239822,-0.233131649316613
"207",2015,"Fife",368080,-0.335289801606415,-0.362051527418355,0.326901535211505,0.326632076507906,-0.267561972751789,-0.113268845321699,-0.31402528468243
"208",2015,"Glasgow City",606340,-0.226382118547725,-0.202806211731406,0.281327108065753,0.22242015570022,-0.19831446956632,-0.0972946233132248,-0.237015694075701
"209",2015,"Highland",234110,-0.210850587481778,-0.241357305306,0.255834186039007,0.18774796300033,-0.218743317425989,-0.0994305679609866,-0.207706411978958
"210",2015,"Inverclyde",79500,-0.319769217949075,-0.34295640385956,0.352932438622164,0.303157566949685,-0.264268776507786,-0.211690304038201,-0.323173037582625
"211",2015,"Midlothian",87390,-0.228481238700488,-0.264005339558095,0.258717174776562,0.239308185852123,-0.196557677198665,-0.117323235739057,-0.218891112739421
"212",2015,"Moray",95510,-0.138805075530778,-0.15845018868239,0.116672852001573,0.112627778807138,-0.0876443367694026,-0.0298844373363778,-0.0909536457455493
"213",2015,"North Ayrshire",136130,-0.285169519128743,-0.308525759449742,0.278925750970794,0.280187722584765,-0.17707705881911,-0.0935046066058547,-0.273936735658475
"214",2015,"North Lanarkshire",338260,-0.186408326180526,-0.221495707709664,0.205160961629939,0.201693785160707,-0.159519428416697,-0.0417353580184425,-0.184089032839484
"215",2015,"Orkney Islands",21670,-0.113511830635118,-0.095671967825572,0.00399628442520883,0.0999421568027001,-0.048191209195027,-0.160893235067949,-0.0859621365235557
"216",2015,"Perth and Kinross",149930,-0.241501300844819,-0.26716520637004,0.27113060750842,0.233054984642601,-0.230325146666617,-0.0194260841231024,-0.245484606109518
"217",2015,"Renfrewshire",174560,-0.289745433200096,-0.347568268316765,0.32209717005332,0.339967946352033,-0.300564661485931,-0.0124929428803906,-0.281381330231339
"218",2015,"Scottish Borders",114030,-0.225918246369957,-0.228573931293765,0.236238904311202,0.217182162682267,-0.139388673193825,-0.162757870253115,-0.177497206763872
"219",2015,"Shetland Islands",23200,-0.0890357246587279,-0.0828461474627609,0.00501258592312936,-0.04258986487421,-0.0431977234692891,-0.07669979115666,-0.0783912839024661
"220",2015,"South Ayrshire",112400,-0.261681419358861,-0.324536239768143,0.291626009528329,0.299419838509788,-0.188395275763511,-0.00788271552501918,-0.264556978769909
"221",2015,"South Lanarkshire",316230,-0.223621286006864,-0.256386349993022,0.257773034629881,0.243230826747059,-0.152228485537883,-0.078915192429676,-0.222987442600559
"222",2015,"Stirling",92830,-0.291006916048658,-0.348679253717955,0.351857645077715,0.325208840088909,-0.274245698693619,-0.0937673942395287,-0.317501684816671
"223",2015,"West Dunbartonshire",89590,-0.167967346318077,-0.221415789345691,0.200294593369334,0.196794763652984,-0.111014995686891,-0.030544441483964,-0.202265750600453
"224",2015,"West Lothian",178550,-0.235589283083758,-0.254895329086411,0.241748224018663,0.248281851169306,-0.208525149338762,-0.0269541476642434,-0.200173542613031
"225",2016,"Aberdeen City",229840,-0.311740143659117,-0.360811366583354,0.333278170534761,0.30057064872733,-0.318284129631605,0.00181234392290008,-0.296793542515594
"226",2016,"Aberdeenshire",262190,-0.271722082613639,-0.323812750719586,0.300045341858539,0.26550564516851,-0.231361412125633,-0.182250681321911,-0.292334485772807
"227",2016,"Angus",116520,-0.241551155644877,-0.271293313722729,0.248176794299445,0.242814841321639,-0.166886128691334,-0.0232852743820313,-0.26964312542098
"228",2016,"Argyll and Bute",87130,-0.197093897911544,-0.142096993947155,0.14671426742416,0.0527685023115083,-0.154178398465652,-0.0604782070333192,-0.196071976823704
"229",2016,"Clackmannanshire",51350,-0.233877436873303,-0.243017801400489,0.223709359405808,0.246389662251469,-0.0829332470916881,-0.0912332242813978,-0.198884670547541
"230",2016,"Dumfries and Galloway",149520,-0.176704952550368,-0.229415994803588,0.197413764728731,0.166708079498433,-0.110145797007696,-0.0553973854717924,-0.183866624669964
"231",2016,"Dundee City",148270,-0.292413520862697,-0.296757695529612,0.321740499428238,0.29071930763503,-0.271655715634392,-0.0543264200994589,-0.266312893918037
"232",2016,"East Ayrshire",122200,-0.235755918567412,-0.271265180404574,0.264532975428819,0.264699248446828,-0.226434094227081,-0.107503808024866,-0.223100922965937
"233",2016,"East Dunbartonshire",107540,-0.298886623206308,-0.355292495555313,0.318704567948496,0.313658480453025,-0.328165492765185,0.0492547039162581,-0.293639935007839
"234",2016,"East Lothian",104090,-0.213112731619689,-0.240286443806339,0.232366471751599,0.22974680153942,-0.208871633062168,-0.00475190945856951,-0.193882067646615
"235",2016,"East Renfrewshire",93810,-0.375420796890184,-0.411393251806217,0.401607763984715,0.361628466771324,-0.338414856052311,-0.00127625555716726,-0.394110505740758
"236",2016,"Edinburgh, City of",507170,-0.362217609159156,-0.443813245241856,0.440567113219046,0.360799599937984,-0.363412412381148,0.0555752648258334,-0.433011334336609
"237",2016,"Eilean Siar",26900,-0.0214931386491064,-0.0815973768353548,0.0251048450648095,0.0213983568989411,-0.0247064428764232,-0.0356741696180287,-0.0247252832854779
"238",2016,"Falkirk",159380,-0.226870807023278,-0.277246548289147,0.251836365172892,0.256963763983986,-0.188288284684557,-0.0898966014048952,-0.228740696982502
"239",2016,"Fife",370330,-0.323265666495153,-0.357779935122057,0.325152369280644,0.303013449990821,-0.289310070408668,-0.106508735602517,-0.325335781169329
"240",2016,"Glasgow City",615070,-0.227234614728893,-0.216494260749478,0.286750549971167,0.236883933165586,-0.204058820314195,-0.0876266914429991,-0.249382748065315
"241",2016,"Highland",234770,-0.207721559450151,-0.22841729745253,0.259792887247016,0.153611746581181,-0.209507729461965,-0.100399333562674,-0.221789374927134
"242",2016,"Inverclyde",79160,-0.321734484056523,-0.358290914519202,0.330839423712755,0.315202543715697,-0.270345603890784,-0.211690304038201,-0.341211735025765
"243",2016,"Midlothian",88610,-0.209154372147471,-0.266821465911063,0.264805163871824,0.209417500566062,-0.189247249020854,-0.123943683621426,-0.225149227736938
"244",2016,"Moray",96070,-0.125816878133654,-0.166708636877619,0.118427884030643,0.114773424923037,-0.0850520102289485,-0.0284805174432501,-0.118136347885311
"245",2016,"North Ayrshire",135890,-0.285427679438046,-0.306099711598167,0.290717294947317,0.282038089648696,-0.24844849097977,-0.0810909394686252,-0.294530647880038
"246",2016,"North Lanarkshire",339390,-0.177177689098077,-0.221002835961489,0.206145411745517,0.192016933050773,-0.175540499884473,-0.0421711430306893,-0.188690065310961
"247",2016,"Orkney Islands",21850,-0.113511830635118,-0.095671967825572,0.0657911928628301,0.0112144349400132,-0.066140293571239,-0.160893235067949,-0.123716051146997
"248",2016,"Perth and Kinross",150680,-0.240004117354232,-0.285528457538105,0.274243855509061,0.239028247298455,-0.240224825861553,-0.0270683801411238,-0.237401077471512
"249",2016,"Renfrewshire",175930,-0.286598507943484,-0.351651776080656,0.324553389892106,0.331775230775801,-0.306834279797645,-0.00933264579269633,-0.314314574871648
"250",2016,"Scottish Borders",114530,-0.228563810157917,-0.233405314478926,0.234667298594553,0.221372791925303,-0.160862707524034,-0.16619109968514,-0.193858320020512
"251",2016,"Shetland Islands",23200,-0.0890357246587279,-0.0958020414090701,-0.0609390343415903,0.00863138458985091,-0.0455658824668408,-0.0681624552231581,-0.0820723206505953
"252",2016,"South Ayrshire",112470,-0.263099499729858,-0.318330613323586,0.259534005985165,0.297391486340889,-0.208177654962616,0.0157735181452683,-0.297146342244726
"253",2016,"South Lanarkshire",317100,-0.215571071315281,-0.263931650128736,0.254415422717077,0.21606766909705,-0.135600923492493,-0.0789568140040409,-0.235244903305905
"254",2016,"Stirling",93750,-0.283106552932076,-0.352451087893551,0.343111932113391,0.318273074561803,-0.304807253769213,-0.0794378173047132,-0.321770212266514
"255",2016,"West Dunbartonshire",89860,-0.163048658221122,-0.221197189103843,0.201889395592335,0.17992072969544,-0.173578638072748,-0.0303049250789114,-0.208402699009127
"256",2016,"West Lothian",180130,-0.236034464409725,-0.264498795970335,0.248482131959246,0.224226147135132,-0.217899468783916,-0.0332201074457448,-0.219574864790927
"257",2017,"Aberdeen City",228800,-0.307313579300208,-0.366416333406503,0.346474213832149,0.286596088682376,-0.325819401633066,-0.0262367052297883,-0.311924630730616
"258",2017,"Aberdeenshire",261800,-0.273566758139127,-0.321599480695369,0.287420884072223,0.263564087872513,-0.242409520155492,-0.184488770852042,-0.293603692096642
"259",2017,"Angus",116280,-0.261503282616953,-0.277860141259685,0.259600522751692,0.258990994858063,-0.226095247891572,-0.0331738124540859,-0.266956755429385
"260",2017,"Argyll and Bute",86810,-0.191457217013407,-0.169356914849721,0.174529983150126,0.0890899750023788,-0.167143371278505,-0.0566007461183986,-0.200002687023033
"261",2017,"Clackmannanshire",51450,-0.232750702275717,-0.236905893491568,0.230504857341945,0.19095790720274,-0.13122488133962,-0.0912332242813978,-0.205802344147911
"262",2017,"Dumfries and Galloway",149200,-0.183116543727129,-0.228818956765641,0.189693314211477,0.157554278122674,-0.133628711106105,-0.0596939109324222,-0.203639048658493
"263",2017,"Dundee City",148710,-0.289227405393186,-0.301548117836342,0.329290728133394,0.310127486503736,-0.218529116692817,-0.057113701034492,-0.28227775709385
"264",2017,"East Ayrshire",121940,-0.24694873904831,-0.282287429820473,0.269608339572217,0.233428935457802,-0.209989167770312,-0.108391723133218,-0.245755053713372
"265",2017,"East Dunbartonshire",108130,-0.281794775803315,-0.337302488864154,0.331696177729595,0.314157314861877,-0.33940724140926,0.0405632488681853,-0.311640946187649
"266",2017,"East Lothian",104840,-0.21769851877261,-0.23040853507591,0.222352416938779,0.225864180856981,-0.21780003434301,-0.00517824881626883,-0.211699357575252
"267",2017,"East Renfrewshire",94760,-0.378695267117836,-0.418635181545145,0.372289979728155,0.406979618220915,-0.284345474453517,-0.040958590029418,-0.396998975414342
"268",2017,"Edinburgh, City of",513210,-0.373720930556765,-0.451094740922876,0.436212639151329,0.374363784521492,-0.37959160046411,0.053454903372419,-0.432705546719188
"269",2017,"Eilean Siar",26950,-0.0205685093432124,-0.05286039075733,0.00246302116828634,-0.00199099645836576,0.0126419144754122,-0.0356741696180287,-0.0607390150451534
"270",2017,"Falkirk",160130,-0.218464549700332,-0.280902529624235,0.255988068171794,0.251897871970501,-0.200221401502205,-0.093128548282392,-0.239678570824795
"271",2017,"Fife",371410,-0.330454246022406,-0.35932413556003,0.311336232613591,0.299248720041398,-0.265434880956956,-0.100710245541023,-0.338235799699941
"272",2017,"Glasgow City",621020,-0.233431885220135,-0.242331540561821,0.270646204260814,0.209620436018895,-0.229558086019793,-0.0821503327070658,-0.256717597621062
"273",2017,"Highland",235180,-0.214924156299027,-0.258800091741584,0.25542446107977,0.165921446568078,-0.206301473316472,-0.105879550273464,-0.232182200132065
"274",2017,"Inverclyde",78760,-0.326068078187148,-0.355541596644687,0.352323808175815,0.269994200475357,-0.26891168235787,-0.20129662723603,-0.350413565212632
"275",2017,"Midlothian",90090,-0.21156761234819,-0.267733754032269,0.262295178598782,0.189157641537453,-0.224955430168049,-0.122617949993571,-0.227318332990711
"276",2017,"Moray",95780,-0.119660462376209,-0.168717230314105,0.135177665714448,0.106969396010399,-0.0627221007284327,-0.0270448785114938,-0.146229782921727
"277",2017,"North Ayrshire",135790,-0.287936060370722,-0.308397025374658,0.288862861448484,0.271922082367521,-0.258743240833319,-0.0782818605339042,-0.298682692332378
"278",2017,"North Lanarkshire",339960,-0.181799879351928,-0.217660659758852,0.209543460257752,0.187737968449586,-0.178508907110395,-0.0423053388130263,-0.197553327388054
"279",2017,"Orkney Islands",22000,-0.0781087316007594,-0.144889043137415,0.0657911928628301,0.0657911928628301,-0.0972490455872446,-0.160893235067949,-0.174086587863816
"280",2017,"Perth and Kinross",151100,-0.240550454928384,-0.292768981392616,0.27127363233145,0.247376227614861,-0.215420193487098,-0.0342193952604735,-0.253598518228333
"281",2017,"Renfrewshire",176830,-0.284352829395177,-0.350867411280813,0.33429812310739,0.339734363541284,-0.29404569020058,-0.00472157008148955,-0.323548865020586
"282",2017,"Scottish Borders",115020,-0.214528172006442,-0.226905859887067,0.233814710432286,0.195690023848757,-0.173295409676811,-0.168393284985617,-0.205597356245775
"283",2017,"Shetland Islands",23080,-0.0731878345296875,-0.0420255729361161,-0.0011002309724355,0.0968338104919573,-0.0715769055225923,-0.0829239450645201,-0.0817846424076454
"284",2017,"South Ayrshire",112680,-0.268264636641305,-0.315093336948572,0.256370707582937,0.278392640128411,-0.235571535255302,0.00640612348272107,-0.296214088220413
"285",2017,"South Lanarkshire",318170,-0.223567742115435,-0.266213821166804,0.24845378893858,0.229097541976319,-0.114790957028163,-0.0796716462178786,-0.241427583524327
"286",2017,"Stirling",94000,-0.299404584041043,-0.353582274097684,0.352692058907133,0.330892191246059,-0.327885456056719,-0.0405742661946267,-0.34280394704346
"287",2017,"West Dunbartonshire",89610,-0.166318002353493,-0.227932219142685,0.210592719845643,0.164839224517532,-0.170094270345445,-0.0238593315811872,-0.208446009569655
"288",2017,"West Lothian",181310,-0.246938734280723,-0.268376384784432,0.249249265707251,0.197598377190477,-0.212960827698994,-0.0327974885233875,-0.235947305288413
"289",2018,"Aberdeen City",227560,-0.313644560492294,-0.366912487224283,0.340703987569256,0.342923433405833,-0.331392493749536,-0.0391233935298239,-0.326372349880463
"290",2018,"Aberdeenshire",261470,-0.269751178414218,-0.307513064733229,0.275756191302676,0.266942111828584,-0.169205754495113,-0.185479784612479,-0.291942316050177
"291",2018,"Angus",116040,-0.281427140323639,-0.303716241242734,0.257638169876005,0.270198232558087,-0.176669720275758,-0.0626653896163756,-0.297414320482845
"292",2018,"Argyll and Bute",86260,-0.221964247850159,-0.144835843368945,0.199439251701298,0.15032224054659,-0.18460965623688,-0.0655053281622369,-0.241194213627892
"293",2018,"Clackmannanshire",51400,-0.270788991135785,-0.26780175994283,0.254753217048323,0.212710856024911,-0.140000361263582,-0.118753994152647,-0.219720318417411
"294",2018,"Dumfries and Galloway",148790,-0.18019680609391,-0.231437523979322,0.202628655235742,0.167878087953317,-0.117031367640362,-0.0644918108476489,-0.206790351180217
"295",2018,"Dundee City",148750,-0.28179970133472,-0.308236139826827,0.336884014522335,0.253102257088583,-0.227963403191371,-0.0437884600675318,-0.274766531111803
"296",2018,"East Ayrshire",121840,-0.261842510730943,-0.301713416708917,0.286468339123543,0.223854011785996,-0.195731654404177,-0.130006853482737,-0.267274532893728
"297",2018,"East Dunbartonshire",108330,-0.27324993747226,-0.36365512785583,0.351489073878927,0.299973609736048,-0.336494211793602,0.0287257910439287,-0.350530471219163
"298",2018,"East Lothian",105790,-0.22913811067054,-0.224503777053291,0.214714873930665,0.191096644665585,-0.2016025054654,-0.00552778824508682,-0.208968512422092
"299",2018,"East Renfrewshire",95170,-0.386610935578138,-0.41165604171427,0.371435759870667,0.343407499354892,-0.270635415837255,-0.04977326009341,-0.416909414689819
"300",2018,"Edinburgh, City of",518500,-0.378171387705429,-0.44738529881171,0.422393020169906,0.368530319192814,-0.363374163695546,0.048506595876745,-0.438420517020656
"301",2018,"Eilean Siar",26830,-0.0104160003666003,-0.126205120893562,-0.0618636381069968,0.0482258921893384,0.0229280218430534,-0.0486631799998194,-0.0816551072232485
"302",2018,"Falkirk",160340,-0.199113292741638,-0.276833413630309,0.241095711885716,0.258875269271467,-0.225574270592494,-0.108990126180069,-0.258152158383853
"303",2018,"Fife",371910,-0.332286710239661,-0.369409277958798,0.31745475723104,0.309395644160354,-0.275365442880265,-0.103757754118632,-0.345142762074701
"304",2018,"Glasgow City",626410,-0.232573905930835,-0.260035968381828,0.277888495762497,0.226129931072407,-0.219251068788395,-0.0926883816267932,-0.267014237119767
"305",2018,"Highland",235540,-0.234566236277649,-0.244634446652874,0.25183424371625,0.193833567720255,-0.158612963112418,-0.0995284631227236,-0.239212616292821
"306",2018,"Inverclyde",78150,-0.306302419548791,-0.370673006026724,0.367774040504227,0.269331966063768,-0.303949729000877,-0.215012539066771,-0.375166465871768
"307",2018,"Midlothian",91340,-0.251121394050395,-0.291324948291055,0.278057556370049,0.131595022444029,-0.252330262804517,-0.147805463582649,-0.258797416692399
"308",2018,"Moray",95520,-0.132679751868938,-0.16905623625399,0.11481202490631,0.148390886599589,-0.063772392470014,-0.0514410009376416,-0.137082159938848
"309",2018,"North Ayrshire",135280,-0.280396471283641,-0.306802008191896,0.295069743199367,0.262500646724639,-0.210280327742119,-0.0751035464663659,-0.305405784270395
"310",2018,"North Lanarkshire",340180,-0.193680195855318,-0.229602041828237,0.217071216205319,0.188765990706273,-0.177170086990067,-0.052784785651582,-0.21284989750739
"311",2018,"Orkney Islands",22190,-0.0335572093984089,-0.0829856396473831,-0.040350439421496,0.0574981158752306,-0.0752656589972927,-0.127633233054296,-0.119395896656535
"312",2018,"Perth and Kinross",151290,-0.249752965366621,-0.284551419113237,0.263955445496098,0.205549624674923,-0.187917429063335,-0.0331811838616218,-0.2600835101165
"313",2018,"Renfrewshire",177790,-0.268581615376064,-0.356207823116613,0.351810597174506,0.314130279851405,-0.314063463577972,-0.00757890547471973,-0.338111459158496
"314",2018,"Scottish Borders",115270,-0.226665016775348,-0.244946103260771,0.232530354496973,0.224206616812577,-0.208610103917314,-0.172498277497361,-0.228650606205866
"315",2018,"Shetland Islands",22990,-0.0997515972049079,-0.114524416731548,0.0766373839378933,0.0498692383242467,-0.0844835479810013,-0.082278296200198,-0.107285791496318
"316",2018,"South Ayrshire",112550,-0.260669500513762,-0.328822619009277,0.283226866685984,0.327298921298331,-0.274560562422258,0.00989840491375382,-0.318603956161221
"317",2018,"South Lanarkshire",319020,-0.230987201748395,-0.279479711514377,0.257846501060648,0.229334794387732,-0.137341162478972,-0.0870728230077447,-0.260813359322441
"318",2018,"Stirling",94330,-0.309549293781778,-0.361350373564965,0.354599634831763,0.331855250454673,-0.310588303897153,-0.0530097223363617,-0.343315964855237
"319",2018,"West Dunbartonshire",89130,-0.168762979854627,-0.237677849687893,0.207801850448722,0.206384622231601,-0.149543044711835,-0.0157625174582785,-0.218872449250479
"320",2018,"West Lothian",182140,-0.259570848162577,-0.285877900353499,0.261258225184717,0.270167661221171,-0.236097936177574,-0.0491841846444014,-0.261495810249013
"321",2019,"Aberdeen City",228670,-0.304837133267412,-0.37603479061158,0.34337032066011,0.331896838730504,-0.291789838023885,-0.0543527616379222,-0.328055051661226
"322",2019,"Aberdeenshire",261210,-0.256771166346322,-0.302943285277074,0.271208956440617,0.203056541452057,-0.223636609265732,-0.195214435669808,-0.298315938774063
"323",2019,"Angus",116200,-0.284573223174464,-0.309116430028198,0.272302716947282,0.248270093230467,-0.213640346759282,-0.0609305955431125,-0.280338014462353
"324",2019,"Argyll and Bute",85870,-0.22792404801387,-0.151835616831435,0.195098793008146,0.088555664796977,-0.159354979747547,-0.0730505223954987,-0.255393448837259
"325",2019,"Clackmannanshire",51540,-0.268802556195674,-0.26623849644888,0.265343356614679,0.206813552097813,-0.163062039112752,-0.120231459871563,-0.247844486726238
"326",2019,"Dumfries and Galloway",148860,-0.181065114220059,-0.228308054002252,0.20211308144672,0.162797178942645,-0.141170127262138,-0.0659027242713321,-0.217184603312816
"327",2019,"Dundee City",149320,-0.278781686478535,-0.324724927076115,0.351281901218195,0.309802078959578,-0.252720078715793,-0.0351255660435452,-0.271335707971428
"328",2019,"East Ayrshire",122010,-0.254525373271566,-0.283202773356241,0.290733335552266,0.235658434103421,-0.231800567440811,-0.135179098377792,-0.267052826819345
"329",2019,"East Dunbartonshire",108640,-0.260512241030606,-0.374058288763908,0.316799988461865,0.307942224206627,-0.362573376211154,0.0138026431020872,-0.363053555778528
"330",2019,"East Lothian",107090,-0.232098143869546,-0.224629323598157,0.205612809930809,0.189542009114421,-0.191587458278857,-0.00238176111991351,-0.213961626400708
"331",2019,"East Renfrewshire",95530,-0.376084086378107,-0.415538774190722,0.372173352444296,0.387254997292686,-0.301862140617066,-0.041284201533351,-0.404831714730443
"332",2019,"Edinburgh, City of",524930,-0.3768981425224,-0.448258432075054,0.426555162061554,0.361730322459771,-0.357402295904819,0.0534102302766897,-0.438994805027111
"333",2019,"Eilean Siar",26720,-0.0128357448502054,-0.0523215738692673,-0.0675873730633549,0.00721623150711714,0.00563478316640342,-0.0737420009092955,-0.0753902059852374
"334",2019,"Falkirk",160890,-0.18660995616354,-0.272390896360237,0.237699063869675,0.223204785066155,-0.173211895621455,-0.110193813578123,-0.268038081246122
"335",2019,"Fife",373550,-0.318911160831981,-0.36550192642871,0.32103658668705,0.289972696516521,-0.2811566816785,-0.104825739089044,-0.345474486081802
"336",2019,"Glasgow City",633120,-0.229245094201914,-0.255165973370566,0.273466291842176,0.255253627231461,-0.238207288968347,-0.0882803747538219,-0.277572088784943
"337",2019,"Highland",235830,-0.22884611893835,-0.243940166203382,0.242336584744599,0.177470576964474,-0.198882487344036,-0.105808921435727,-0.239076013709305
"338",2019,"Inverclyde",77800,-0.284556542551661,-0.351254346188218,0.375803417880722,0.31449515233624,-0.288972989206918,-0.197966325372041,-0.376016914622573
"339",2019,"Midlothian",92460,-0.246488753738149,-0.29484821420965,0.281557989319983,0.201394277369408,-0.250493363389506,-0.145626719158849,-0.255783359985286
"340",2019,"Moray",95820,-0.131972320877797,-0.172749746135104,0.113237080979296,0.146270302546036,-0.0997243283172304,-0.0467906083570782,-0.136102108445804
"341",2019,"North Ayrshire",134740,-0.272901868152688,-0.30847444673471,0.303178368267455,0.236147835298711,-0.252080839158216,-0.0892426375159268,-0.305672322281929
"342",2019,"North Lanarkshire",341370,-0.188623233551795,-0.226121366719141,0.210425206484981,0.183149051521017,-0.192089123485403,-0.0534011575315283,-0.222490737824451
"343",2019,"Orkney Islands",22270,-0.0335572093984089,-0.127911310146661,0.0314868780831135,0.102861144675868,-0.119087260928962,-0.159497325373296,-0.168021951870214
"344",2019,"Perth and Kinross",151950,-0.245069513628511,-0.289541620913752,0.273487382201369,0.26479679509216,-0.22581847265138,-0.044748210400364,-0.266156542861102
"345",2019,"Renfrewshire",179100,-0.266062393210357,-0.365836387831761,0.346352209513389,0.295719330987414,-0.341171122262208,-0.00824494507198459,-0.356724388341357
"346",2019,"Scottish Borders",115510,-0.218993492581014,-0.246295777748157,0.245612804545354,0.236845840827625,-0.188275331284053,-0.176643494518386,-0.23693645123323
"347",2019,"Shetland Islands",22920,-0.095802808875814,-0.114640219903378,0.0856465712153316,0.0564878459615303,-0.0888795048387578,-0.082278296200198,-0.0921018849711548
"348",2019,"South Ayrshire",112610,-0.257762582251058,-0.338282438468927,0.296636565301355,0.311744202425421,-0.282462581619595,0.0137385980927647,-0.333965022308268
"349",2019,"South Lanarkshire",320530,-0.215735426498775,-0.272882671688254,0.251400850133425,0.204835537008837,-0.19368912075829,-0.0865530243446351,-0.271079477633201
"350",2019,"Stirling",94210,-0.301301276659604,-0.368305232053339,0.347992951038156,0.324422177360283,-0.2745971937071,-0.0310102211375956,-0.350863782242533
"351",2019,"West Dunbartonshire",88930,-0.169553829484992,-0.227438562950852,0.211205892796859,0.162442600967208,-0.135996134256646,-0.0193595295946745,-0.206341010099054
"352",2019,"West Lothian",183100,-0.256197393586246,-0.287361578620663,0.265208366352972,0.230126708655474,-0.24932108484524,-0.055765359177208,-0.263203346310956
"353",2020,"Aberdeen City",229060,-0.302953043743992,-0.363244877238177,0.359120142603903,0.309923754866244,-0.33453327675903,-0.073703396986005,-0.3393868214006
"354",2020,"Aberdeenshire",260780,-0.255086617445066,-0.299554441223759,0.282490407173228,0.215053826455286,-0.159708632618209,-0.198430786250913,-0.296245617555705
"355",2020,"Angus",115820,-0.283769369231808,-0.295221227647949,0.277970202148266,0.264864983542688,-0.250194416942319,-0.0665718114865559,-0.279071415940773
"356",2020,"Argyll and Bute",85430,-0.224757231832447,-0.0925093182429144,0.185452620434893,0.100093821264926,-0.12139776211145,-0.0751695693672962,-0.256286148590484
"357",2020,"Clackmannanshire",51290,-0.264419290886103,-0.26415360555397,0.276858579029393,0.228909325864326,-0.225723105108554,-0.120231459871563,-0.241107947341414
"358",2020,"Dumfries and Galloway",148290,-0.174274439700255,-0.184083803393538,0.214359829281376,0.185960836219513,-0.126042631051281,-0.0652906235581519,-0.213212952891366
"359",2020,"Dundee City",148820,-0.277018257992607,-0.325240180901105,0.352503818277272,0.283265141326648,-0.267091969000704,-0.0342647572971853,-0.27154639208284
"360",2020,"East Ayrshire",121600,-0.250956893181392,-0.288414519240824,0.279894312659865,0.240268047939391,-0.22098505165,-0.129912919004589,-0.269082430847375
"361",2020,"East Dunbartonshire",108750,-0.254658692862611,-0.36471099338608,0.309408352843374,0.361291002672605,-0.335385054503361,0.00695822928005718,-0.357377988490389
"362",2020,"East Lothian",107900,-0.230878232320041,-0.220912708265362,0.216663685046157,0.189855249618461,-0.174517228490067,-0.00307699130407979,-0.217900436245827
"363",2020,"East Renfrewshire",96060,-0.376084086378107,-0.426299619710251,0.368763370563723,0.353619343613979,-0.322886290342681,-0.0328724897301438,-0.395272482410644
"364",2020,"Edinburgh, City of",527620,-0.373683620193408,-0.443627797761287,0.426814212085262,0.354093655216751,-0.35106660998316,0.0641114481092231,-0.433397932399906
"365",2020,"Eilean Siar",26500,-0.0128357448502054,-0.126668362724468,-0.00740137226579884,0.0134358691830649,0.00323937057694756,-0.0861162040417121,-0.117865738510967
"366",2020,"Falkirk",160560,-0.184937864988214,-0.262534972484454,0.23537657142616,0.225086414463185,-0.192928855640181,-0.111582047191586,-0.27716588413448
"367",2020,"Fife",374130,-0.317683216420178,-0.360250685937689,0.310841852470517,0.302782717893102,-0.272753448592894,-0.106395163427344,-0.354074426433687
"368",2020,"Glasgow City",635640,-0.228426085618615,-0.248694007389382,0.294448493540543,0.209624919805343,-0.257993101392785,-0.0856103662378516,-0.276333017005555
"369",2020,"Highland",235430,-0.228442325691413,-0.206027174894007,0.252844112094046,0.197798190100841,-0.168036085082601,-0.114673352021242,-0.235831834128811
"370",2020,"Inverclyde",77060,-0.284556542551661,-0.34810302328604,0.379587030488933,0.249663650635741,-0.35403414085825,-0.197966325372041,-0.378034426084091
"371",2020,"Midlothian",93150,-0.243824287706984,-0.282910356211559,0.282491092888717,0.216916341198305,-0.19039868783642,-0.139980424430877,-0.238233596077964
"372",2020,"Moray",95710,-0.13074357376106,-0.173097165610094,0.114605321491316,0.122847992936359,-0.0692263259201864,-0.0464482060234896,-0.1331200011081
"373",2020,"North Ayrshire",134250,-0.268635965085865,-0.295410919671129,0.30826536441119,0.265713882832349,-0.216767334741705,-0.101139281002942,-0.309353490216983
"374",2020,"North Lanarkshire",341140,-0.185824469691511,-0.224317207185969,0.210579703500809,0.179389850474948,-0.18579672636589,-0.0537148375297747,-0.226287000161385
"375",2020,"Orkney Islands",22400,-0.0335572093984089,-0.0331075238344378,-0.040350439421496,0.100620567375887,-0.0335572093984089,-0.159497325373296,-0.168021951870214
"376",2020,"Perth and Kinross",151910,-0.242727642688681,-0.279796428976509,0.257817232392975,0.181012204688411,-0.211797110099912,-0.0476677830127397,-0.277127422844014
"377",2020,"Renfrewshire",179390,-0.263163861448367,-0.351878315555814,0.342043377183202,0.319737333312402,-0.307061368751356,-0.0151238072299478,-0.359846470435654
"378",2020,"Scottish Borders",115240,-0.218097960123592,-0.240250090861824,0.242115078856152,0.200213872227641,-0.164073579714668,-0.188623709396095,-0.231142180217923
"379",2020,"Shetland Islands",22870,-0.095802808875814,-0.0897477433979981,0.0497541482261346,0.0327839920369635,-0.0683824147321601,-0.110431587511384,-0.0713933685071209
"380",2020,"South Ayrshire",112140,-0.26002498811487,-0.313448515722691,0.297307492359291,0.277880377721761,-0.244996757822143,0.0167818810791278,-0.33207407515477
"381",2020,"South Lanarkshire",320820,-0.212883970634515,-0.262247516435007,0.252823852647378,0.202465328800727,-0.167248898926076,-0.0824759709055947,-0.272278768258431
"382",2020,"Stirling",94080,-0.305274132725434,-0.370054429362098,0.357990539927323,0.329192689489085,-0.310467413915697,-0.0211646880169791,-0.36115936556485
"383",2020,"West Dunbartonshire",88340,-0.169167160142332,-0.227420721545668,0.206805853918223,0.183864228503768,-0.120645510404358,-0.0237649918061038,-0.204950514730219
"384",2020,"West Lothian",183820,-0.254315092198254,-0.276464122325041,0.261331118780046,0.206553339452343,-0.244940490744295,-0.055543041669214,-0.27602471379301
"385",NA,"",NA,NA,NA,NA,NA,NA,NA,NA
