"","year","la","total.pop","crime","CP","Attain","PD","EA","Depop","EM"
"1",2011,"Aberdeen City",222460,-0.31674134511818,-0.353321727196247,0.359599722251403,0.251661215095186,-0.283600979741294,0.0995358124537304,-0.289082087259832
"2",2011,"Aberdeenshire",253650,-0.24584142380693,-0.309877565312568,0.267604628351918,0.151780879773128,-0.202352619072595,-0.113728672108092,-0.289224307912338
"3",2011,"Angus",116200,-0.29585229270092,-0.288387789187503,0.287783547744459,0.166416810038335,-0.132834113920656,0.0241022861338962,-0.260000539425838
"4",2011,"Argyll and Bute",88930,-0.183034929454288,-0.120295869141108,0.202751433752884,0.0911604952478022,-0.147439618121091,0.00451760334338669,-0.240374385179166
"5",2011,"Clackmannanshire",51500,-0.208836259344424,-0.18155363714384,0.168769148194569,0.231179641204185,-0.0719853124657175,-0.045799873996466,-0.171597955440908
"6",2011,"Dumfries and Galloway",151410,-0.181017916373333,-0.15780860914054,0.171774041783118,0.146673503958251,-0.107059728491606,0.00621265271028548,-0.180308424336761
"7",2011,"Dundee City",147200,-0.269711121526287,-0.257760328369404,0.318304351273179,0.25826158175472,-0.260153070185876,-0.0805158891438271,-0.244315435357583
"8",2011,"East Ayrshire",122690,-0.175695507813739,-0.261163421834185,0.263956424521018,0.222764154308177,-0.2489529080463,0.0133861976863727,-0.254561952185856
"9",2011,"East Dunbartonshire",105000,-0.057720786731192,-0.338718972475933,0.335447435207493,0.267492716128794,-0.288657254727966,0.0327103536291009,-0.345001798959339
"10",2011,"East Lothian",99920,-0.183490850442102,-0.178516311547791,0.198052230749937,0.189816201933283,-0.143893483416384,0.0656269202267872,-0.155124031436814
"11",2011,"East Renfrewshire",90810,-0.297194923777939,-0.381366668451303,0.405313131848463,0.337323143588105,-0.264167388839551,0.103834361732853,-0.378859137906126
"12",2011,"Edinburgh, City of",477940,-0.335146281225189,-0.376891687311847,0.412631034392795,0.323594579401906,-0.343481181930443,0.0212158125917199,-0.378803385679962
"13",2011,"Eilean Siar",27690,-0.0209382437726262,-0.049212405193253,0.0217761487091779,-0.04869922438911,-0.00952593101193822,-0.0641812243771027,-0.00611610836141763
"14",2011,"Falkirk",156250,-0.224477533738369,-0.278098085686086,0.240712166213768,0.222246548416006,-0.180035000301038,-0.0505807505889226,-0.205413448468281
"15",2011,"Fife",365300,-0.352168529343302,-0.375603878562892,0.326307777367347,0.304836781332028,-0.328301632647445,-0.0846016987174565,-0.360948080366512
"16",2011,"Glasgow City",593060,-0.136628486005705,-0.1656621972271,0.234710423740104,0.165593677872899,-0.19462100788099,-0.0844958960236255,-0.228802600529242
"17",2011,"Highland",232730,-0.199309920387229,-0.22661556936572,0.209315305920576,0.144214059430361,-0.175957182124719,-0.0554383480938583,-0.228243006853575
"18",2011,"Inverclyde",81220,-0.304696542723604,-0.333187329434356,0.316230761173538,0.294322724040378,-0.326765099961114,-0.105121717331032,-0.334318290906872
"19",2011,"Midlothian",83450,-0.188644300825588,-0.250387700133492,0.230728701914662,0.210164369660234,-0.12213353990803,-0.0963606391833567,-0.247407175188524
"20",2011,"Moray",93470,-0.121799887582896,-0.111223362530289,0.0861305072552732,0.0646985327484124,-0.120978936719826,-0.00365623969024576,-0.102857957991636
"21",2011,"North Ayrshire",138090,-0.225943623829764,-0.307432035446428,0.260564503101277,0.240637115921494,-0.194818074849076,0.0561717810263502,-0.322267917901687
"22",2011,"North Lanarkshire",337720,-0.12505179405219,-0.203937770009176,0.203351354332092,0.176453992722504,-0.155086612496969,0.0150661433132733,-0.18229585942813
"23",2011,"Orkney Islands",21420,-0.0600180696924046,0.0121540527090356,0.0593376097174427,-0.0109590058026467,-0.039969082600446,-0.0836928801615617,-0.123650682709188
"24",2011,"Perth and Kinross",146850,-0.262027352970113,-0.282589704356702,0.254255454756475,0.181976451259601,-0.190008262439902,0.0484158263883838,-0.267452386329278
"25",2011,"Renfrewshire",174700,-0.247164420876819,-0.334351043887741,0.329189699221264,0.289239766543847,-0.236199538365469,0.0114709075159389,-0.327961571894786
"26",2011,"Scottish Borders",113880,-0.198582065574376,-0.220358142050284,0.205752871878742,0.173399957084598,-0.085503911152836,-0.11875529134676,-0.162595920327323
"27",2011,"Shetland Islands",23240,-0.0675167090160684,-0.0743336291201357,0.0969016067191117,-0.0106681279083629,0.0146719886146851,-0.0616411855612373,-0.0504578128710995
"28",2011,"South Ayrshire",112980,-0.164581515074669,-0.273533874175295,0.229806889936036,0.232798436962433,-0.206789983773555,0.0538831524918457,-0.265285291913344
"29",2011,"South Lanarkshire",313900,-0.156026723471598,-0.269539138139862,0.24707503062044,0.231796901940037,-0.133498925632118,-0.0633397879056226,-0.252703777364978
"30",2011,"Stirling",90330,-0.280062215624048,-0.325527301623211,0.345090678239467,0.311218653481882,-0.30781646486834,0.0143215692938385,-0.321624180618129
"31",2011,"West Dunbartonshire",90610,-0.103982959845609,-0.190096153761847,0.190215351268611,0.164677921097955,-0.131284171395278,-0.0333804998987048,-0.191843408985765
"32",2011,"West Lothian",175300,-0.175590013761438,-0.223945378000938,0.2233582912354,0.209351053741283,-0.128411651243232,0.0564313473381794,-0.213702530051609
"33",2012,"Aberdeen City",224910,-0.287825901797921,-0.35346864133888,0.358627530120206,0.259674104884411,-0.298830783013104,0.0755848040029719,-0.291033187742707
"34",2012,"Aberdeenshire",255560,-0.224935286423321,-0.311012561091328,0.27388670904287,0.166102428765956,-0.161142242329124,-0.139333742833387,-0.283848066133089
"35",2012,"Angus",116220,-0.290971214139813,-0.293584621496442,0.296322299541254,0.196129484228434,-0.104468612726622,-0.00979214658411287,-0.269620356051537
"36",2012,"Argyll and Bute",86910,-0.167051848210862,-0.131578934052327,0.210286486873773,0.0941996588558602,-0.199105381625947,-0.0140294363779461,-0.221224676302215
"37",2012,"Clackmannanshire",51280,-0.18816370331942,-0.187127719316536,0.168769148194569,0.232099159844626,-0.0687364784753042,-0.0452592256937216,-0.196052079907123
"38",2012,"Dumfries and Galloway",150840,-0.173835207073465,-0.165874741247517,0.179673262778561,0.154726580542805,-0.146978070564957,0.0152938785303078,-0.182013688702368
"39",2012,"Dundee City",147780,-0.255318563203485,-0.260978671019458,0.327200966421159,0.262966946899907,-0.217513508351979,-0.117827088582702,-0.233165609919045
"40",2012,"East Ayrshire",122730,-0.132113345390405,-0.263204864756061,0.269541298882237,0.230972156018963,-0.204331222417407,0.00582310099123262,-0.255722688518745
"41",2012,"East Dunbartonshire",105880,-0.0743052527709338,-0.340528488470626,0.337713645553793,0.27928287989694,-0.264868580731084,0.0395705168775571,-0.351478775126928
"42",2012,"East Lothian",100860,-0.167906956343472,-0.17636991922712,0.201060604805981,0.189922204773495,-0.158340600054925,0.0828834167806498,-0.158207472519434
"43",2012,"East Renfrewshire",91040,-0.25873072376572,-0.381366668451303,0.40615394876285,0.342492427211034,-0.327900061834923,0.104464512336876,-0.377129840960071
"44",2012,"Edinburgh, City of",482630,-0.329780190590476,-0.380663269261742,0.419708395006687,0.33030679694474,-0.346475703181003,0.0232755303763241,-0.385886278733278
"45",2012,"Eilean Siar",27560,-0.010864368260739,-0.049212405193253,0.0264172734705546,-0.0501221414688331,-0.000850545249063472,-0.0691198670608624,-0.00667202723181415
"46",2012,"Falkirk",156800,-0.202104338458382,-0.281616393707703,0.257329556587619,0.232581026434227,-0.202407155839992,-0.0645514024254918,-0.203958806351286
"47",2012,"Fife",366210,-0.341883317030629,-0.377253836249302,0.338650873382846,0.314444726999604,-0.332473033180825,-0.1008457068288,-0.369165166019435
"48",2012,"Glasgow City",595070,-0.127591640802301,-0.17231554209458,0.252786106439814,0.172726091105652,-0.20842831675975,-0.0914683395240559,-0.227622673386691
"49",2012,"Highland",232890,-0.205325528577422,-0.23016671221616,0.22736091863036,0.150816282959514,-0.177700714694083,-0.0727472027427787,-0.227759794699519
"50",2012,"Inverclyde",80690,-0.267231174250218,-0.330016515328523,0.319042584909529,0.294965795885854,-0.312161043174573,-0.11597821306523,-0.332752523545254
"51",2012,"Midlothian",84240,-0.197143134374657,-0.243577674378018,0.230168339705522,0.208919164592247,-0.190125339562214,-0.116968521782945,-0.227212577875336
"52",2012,"Moray",92930,-0.125408641534475,-0.109759703900021,0.0995939559332211,0.0687652150954641,-0.0973817579459979,-0.0222974458925336,-0.10597797437792
"53",2012,"North Ayrshire",137570,-0.197437596993034,-0.311971804685344,0.262164587375526,0.253698019797456,-0.19402949377125,0.0376944748175596,-0.320102657642504
"54",2012,"North Lanarkshire",337890,-0.115520814823839,-0.206865642596338,0.208082590331941,0.180879750083708,-0.179278244423873,-3.36225910437804e-05,-0.187959676459784
"55",2012,"Orkney Islands",21530,-0.0939908275913117,-0.0109769419078851,0.0724683935880401,0.00516324052902362,-0.14807291542672,-0.148005953153307,-0.169280159961182
"56",2012,"Perth and Kinross",147740,-0.256289413836335,-0.283357315372642,0.255680683366965,0.19179159541927,-0.205507095435104,0.061101770514929,-0.272670804694577
"57",2012,"Renfrewshire",174300,-0.24683878813882,-0.335724469626623,0.3333983075332,0.303875288694886,-0.284686482775706,-0.0170204995802301,-0.336694028004093
"58",2012,"Scottish Borders",113720,-0.203881791036974,-0.214890297278398,0.223124018960531,0.180480998477172,-0.13772000522577,-0.155327236320762,-0.188437431085765
"59",2012,"Shetland Islands",23210,-0.0719356893628753,-0.0666539118900009,0.0969016067191117,-0.0106681279083629,-0.0755498003461561,-0.0811407363316068,-0.0459250010295935
"60",2012,"South Ayrshire",112920,-0.172182356663403,-0.274561186910333,0.232541319099532,0.243630838563309,-0.209206874223419,0.0420152722927813,-0.26398014242103
"61",2012,"South Lanarkshire",314330,-0.149358402923458,-0.271652962472622,0.251770753410007,0.236813496064084,-0.117143048618033,-0.0761603987844168,-0.24038586978509
"62",2012,"Stirling",91010,-0.229788315916204,-0.330684936759,0.352846817037605,0.312370575197733,-0.301190742750834,-0.0154060772736786,-0.318918206721414
"63",2012,"West Dunbartonshire",90340,-0.0792019995729687,-0.187165628101537,0.195059381056666,0.165539178525207,-0.115708901620564,-0.0235385691106833,-0.19143939678016
"64",2012,"West Lothian",176010,-0.191685586098687,-0.224675525142946,0.22871572617375,0.211572613569018,-0.14606980634648,0.0661607647819036,-0.206059075670002
"65",2013,"Aberdeen City",227070,-0.263327530021217,-0.353803447511623,0.353484696070172,0.279796855831691,-0.334369110245014,0.00754148662056409,-0.282737027346707
"66",2013,"Aberdeenshire",257770,-0.240948122320045,-0.328622388329693,0.284002896409596,0.204209904298342,-0.202078079589228,-0.173040720528761,-0.283751630980507
"67",2013,"Angus",116290,-0.25963043330461,-0.265436781101299,0.282454966787842,0.184801481950755,-0.159849780808754,0.0101078835065493,-0.272212427843016
"68",2013,"Argyll and Bute",88050,-0.176203882928862,-0.122324491619034,0.17618173665838,0.108643528292385,-0.191333946220173,-0.091358154708602,-0.195085882709638
"69",2013,"Clackmannanshire",51280,-0.200760957532239,-0.230288878264918,0.23311494823939,0.235885586083848,-0.136082567001321,-0.0598011755111223,-0.224899275382697
"70",2013,"Dumfries and Galloway",150280,-0.194393290358928,-0.197162353543423,0.20056015536246,0.174919672076049,-0.151670655213172,-0.00410004735216951,-0.19944049619817
"71",2013,"Dundee City",148100,-0.27969590192272,-0.281445300242002,0.326926601600936,0.290214460947265,-0.192633499986703,-0.109642432119777,-0.232615768688667
"72",2013,"East Ayrshire",122430,-0.0606601204085084,-0.261222640100694,0.256962385219598,0.233330648333142,-0.230260578948721,-0.0468864813259255,-0.245075926471213
"73",2013,"East Dunbartonshire",105840,-0.0396352796132007,-0.327215407302798,0.33439568200486,0.281231844604289,-0.334096054307754,0.0487495027204279,-0.351375621398409
"74",2013,"East Lothian",101390,-0.181154269573528,-0.221630633313354,0.231359257631183,0.233391923306435,-0.195877227783033,0.0906301763196993,-0.213008058944343
"75",2013,"East Renfrewshire",91530,-0.192474194073234,-0.388353706317692,0.398358851232801,0.356038292239973,-0.345481084741589,0.0794121428791295,-0.38510966584436
"76",2013,"Edinburgh, City of",487460,-0.350940606571729,-0.411714151219012,0.44670473908463,0.369385921062928,-0.38474481666762,-0.00105329510687824,-0.420609110040608
"77",2013,"Eilean Siar",27400,-0.00966657910707314,-0.0744180215758918,-0.00170099908515331,-0.05575529207163,-0.0387381998351466,-0.0571274535556747,-0.0323302868633437
"78",2013,"Falkirk",157160,-0.151248353141284,-0.276441603039842,0.238460756476188,0.240917972311371,-0.210078832276377,-0.0818797262194195,-0.220996754075012
"79",2013,"Fife",366900,-0.306649824249231,-0.362925857270714,0.331490490254573,0.309025407408065,-0.276089947985128,-0.0135364720339339,-0.333034220039046
"80",2013,"Glasgow City",596520,-0.139771057440477,-0.199964268280041,0.260490821191475,0.202606484853625,-0.223342123619503,-0.114173735717408,-0.241087029864389
"81",2013,"Highland",232930,-0.215594521858785,-0.240337573347272,0.234560164622511,0.171962862950021,-0.185821736711119,-0.101711607484468,-0.226988508805359
"82",2013,"Inverclyde",80340,-0.319358955695265,-0.340547587954036,0.324437560507514,0.299712665013355,-0.313937605818052,-0.143190605510299,-0.356511096371479
"83",2013,"Midlothian",84710,-0.193257103705424,-0.267832156522246,0.267385094843051,0.222062741812557,-0.19845445803913,-0.0804747378807349,-0.244017310390752
"84",2013,"Moray",94360,-0.115414090764396,-0.165641555553051,0.139512263244818,0.0757352474989954,-0.096531497427546,-0.0262605665424136,-0.134084005010286
"85",2013,"North Ayrshire",136940,-0.174207780848576,-0.307536543674598,0.271026277981321,0.253222884296884,-0.238141331164393,0.00891996946712936,-0.309088793286289
"86",2013,"North Lanarkshire",337780,-0.116171185769801,-0.220186523338711,0.211107383766457,0.194997075716596,-0.159193691172302,-0.0172054168265383,-0.195727830498871
"87",2013,"Orkney Islands",21560,-0.0956872792601513,-0.0410907865994323,0.103421935501433,0.0440887654900679,-0.186943769607142,-0.160893235067949,-0.160150120109698
"88",2013,"Perth and Kinross",147770,-0.253093324455424,-0.282527951999334,0.280987197835898,0.209184442063705,-0.208546805341758,0.00121681438958809,-0.25907740691386
"89",2013,"Renfrewshire",173890,-0.226215332014815,-0.344266164204841,0.341253217455444,0.327180615313518,-0.280319859120633,0.000456405652935032,-0.343844592341574
"90",2013,"Scottish Borders",113880,-0.19625899844708,-0.217484448455643,0.226829982414637,0.211236620735471,-0.14826528188949,-0.162291180332673,-0.179711216318589
"91",2013,"Shetland Islands",23200,-0.0890357246587279,-0.105420591123467,0.107089954773661,-0.0339391173256991,-0.0715769055225923,-0.122457228607388,-0.0645370869811763
"92",2013,"South Ayrshire",112870,-0.172098119989897,-0.317456956775298,0.281605540811444,0.289293551117163,-0.245751314742882,0.0127582471925418,-0.273092746898087
"93",2013,"South Lanarkshire",314810,-0.119061213237327,-0.258787599524098,0.249820720250526,0.232628680289814,-0.138069513027144,-0.0659447128039901,-0.246958076084375
"94",2013,"Stirling",91230,-0.190304244107073,-0.346491962681821,0.351686877185749,0.315398343375248,-0.307946124018816,-0.0400222957891527,-0.330002820648135
"95",2013,"West Dunbartonshire",89800,-0.0815049570223616,-0.215395604441117,0.217204291848867,0.185269040202339,-0.123360111105436,-0.0570923028710553,-0.178599188394248
"96",2013,"West Lothian",176160,-0.208586935150752,-0.259230431135817,0.258190630514711,0.238495876837236,-0.177675023223793,0.0833029615221577,-0.220856619758113
"97",2014,"Aberdeen City",228920,-0.249349575369665,-0.357503687861421,0.328224363901828,0.288693240628625,-0.316779169719474,-0.018829032836333,-0.252708824573775
"98",2014,"Aberdeenshire",260530,-0.232759620383284,-0.32884778350404,0.286899005789653,0.222031133769441,-0.190688974910191,-0.177344355715757,-0.200462549183236
"99",2014,"Angus",116740,-0.250156967278556,-0.266478973048939,0.271237681584449,0.210083912843396,-0.208067868725125,0.0102874296099777,-0.224383400636562
"100",2014,"Argyll and Bute",87650,-0.170181368637349,-0.159243451329399,0.196710693755758,0.123240333082508,-0.200604941341456,-0.121865256268501,-0.175656568119014
"101",2014,"Clackmannanshire",51190,-0.197625042574001,-0.226396161621843,0.239774896806872,0.236430595786033,-0.162643462664554,-0.0550135455627738,-0.186597829585259
"102",2014,"Dumfries and Galloway",149960,-0.177973184913613,-0.204086696874828,0.202903545298858,0.178747603817907,-0.178853512826704,-0.0226562335158551,-0.139518085124116
"103",2014,"Dundee City",148130,-0.286027554317474,-0.287193442012605,0.324280097332661,0.293445446506928,-0.21268378852751,-0.104562006355877,-0.252015637050235
"104",2014,"East Ayrshire",122130,-0.124449922578231,-0.268625207372772,0.249455574957741,0.242716293554613,-0.220624280836642,-0.0658051640804391,-0.182583356751934
"105",2014,"East Dunbartonshire",106710,-0.0898009367085084,-0.328077135165682,0.324591754917035,0.295990995084571,-0.317290739126332,0.0506581314190608,-0.253928488516729
"106",2014,"East Lothian",102090,-0.183527088896183,-0.227874616607712,0.24179131964844,0.230758800138467,-0.216051768492749,0.0715927033012171,-0.166822748980782
"107",2014,"East Renfrewshire",92410,-0.21585912606801,-0.391213223751039,0.410792677510566,0.3626626562713,-0.367083237690681,0.0704032821919975,-0.356852982951422
"108",2014,"Edinburgh, City of",492610,-0.338424006700354,-0.416510200388206,0.448744469179253,0.375705991481681,-0.401382853369658,0.00771615347887433,-0.403173563458687
"109",2014,"Eilean Siar",27250,-0.0529006802474616,-0.0827780907781634,0.0302714649323828,-0.0644455032110214,0.0174825952663471,-0.0631255151674348,0.0232621081330784
"110",2014,"Falkirk",157690,-0.136880853412558,-0.274547058194281,0.247589515257507,0.250243265535609,-0.200265389432213,-0.0838164370327572,-0.211217391267956
"111",2014,"Fife",367250,-0.295458710936991,-0.360021981296885,0.337473254157374,0.317959944486972,-0.288130741356966,-0.0199646109616509,-0.263825780275088
"112",2014,"Glasgow City",599640,-0.155478883488698,-0.202528110770423,0.28057428401798,0.210713452126079,-0.201159861314224,-0.0888814162946403,-0.198366875620586
"113",2014,"Highland",233080,-0.210304091909851,-0.239957438647441,0.251992318698509,0.180349699891799,-0.211926201443248,-0.105251311476067,-0.168982146053537
"114",2014,"Inverclyde",79890,-0.286460566148452,-0.339475668465032,0.320806380665949,0.301832704743072,-0.261639105372574,-0.147251057844062,-0.288631423217478
"115",2014,"Midlothian",86220,-0.166616307011492,-0.276169675726236,0.253605605172639,0.229787150147871,-0.16390511925521,-0.0901741999417762,-0.185387003011956
"116",2014,"Moray",94770,-0.124175608786188,-0.157731385338924,0.106404018831563,0.0928291073282317,-0.0699746295416368,-0.0185335737763719,-0.0677867794826721
"117",2014,"North Ayrshire",136480,-0.230901406831304,-0.303068543625431,0.276352611780197,0.266950205517187,-0.198450210562614,-4.54699647178813e-05,-0.271876862558139
"118",2014,"North Lanarkshire",338000,-0.13456006139042,-0.219758803054049,0.203132397937903,0.19895881810892,-0.161188543995248,-0.0236898759959487,-0.145385806308621
"119",2014,"Orkney Islands",21580,-0.169365221947751,-0.0410907865994323,-0.0488985974725926,0.0440887654900679,-0.0956872792601513,-0.185337429992718,-0.0505590374891969
"120",2014,"Perth and Kinross",148930,-0.240047479839566,-0.2809833612374,0.279554385925048,0.220891212684544,-0.231547611860194,-0.0145303405644395,-0.213951264016448
"121",2014,"Renfrewshire",174230,-0.226210939786883,-0.345134207593153,0.33558544184314,0.332893967714721,-0.314621985575505,0.0467250142895885,-0.252791136410494
"122",2014,"Scottish Borders",114040,-0.212656232006239,-0.211504240953287,0.229137255442012,0.213061405645256,-0.170858273872215,-0.183281937078956,-0.160336834239546
"123",2014,"Shetland Islands",23220,-0.0944760245079734,-0.105420591123467,0.0692021769497808,-0.0339391173256991,-0.0347264290555023,-0.118462581082389,-0.0958020414090701
"124",2014,"South Ayrshire",112530,-0.186818070532055,-0.322192254922403,0.268846149555918,0.290142603160875,-0.272526971999917,-0.0412926510256089,-0.239574797550905
"125",2014,"South Lanarkshire",315300,-0.150735332163233,-0.259147343626299,0.252721247169237,0.23846305120319,-0.149904421106797,-0.0717703714909632,-0.175223027866419
"126",2014,"Stirling",91520,-0.207828521776511,-0.347197750878959,0.345916008758135,0.317972676263569,-0.307851515082677,-0.0433754886987687,-0.306672390966004
"127",2014,"West Dunbartonshire",89710,-0.0781790067180008,-0.222282297902193,0.222435040265419,0.188437142288848,-0.127240586107084,-0.0438072004656442,-0.175786508161456
"128",2014,"West Lothian",177200,-0.214530079697445,-0.256496423986796,0.249194247113184,0.243959330553492,-0.193534874771897,0.0678420000420896,-0.180205532824464
"129",2015,"Aberdeen City",230350,-0.258293791815291,-0.34844081905873,0.3322724269769,0.303719956606233,-0.314372790824711,-0.0580847878463544,-0.29281022322054
"130",2015,"Aberdeenshire",261960,-0.255023844356426,-0.326674057115323,0.299621805477955,0.237642701242141,-0.218726362245356,-0.159335768177627,-0.279302045417676
"131",2015,"Angus",116900,-0.247813480010667,-0.281122635026164,0.272980209301434,0.225488600947962,-0.166357184612291,0.00493026165835353,-0.267165690534434
"132",2015,"Argyll and Bute",86890,-0.162532685341838,-0.136426754153825,0.16550519734902,0.119984195681731,-0.182272567788191,-0.141065090424284,-0.196701635887793
"133",2015,"Clackmannanshire",51360,-0.208584668360253,-0.218943789820361,0.233946711412332,0.236430595786033,-0.0881170261630904,-0.0798724811033935,-0.203247966603235
"134",2015,"Dumfries and Galloway",149670,-0.193456906512832,-0.201092254524124,0.213500049600052,0.179325959440677,-0.162776823271617,-0.0402339971414953,-0.160537504943038
"135",2015,"Dundee City",148210,-0.280571407201553,-0.298500272584633,0.316609200063825,0.300693678031008,-0.227387053559557,-0.0779291047256869,-0.252279489003538
"136",2015,"East Ayrshire",122060,-0.11970602484238,-0.277326107190657,0.258830188525261,0.255333788696062,-0.220750116395845,-0.077827589498801,-0.219312332691965
"137",2015,"East Dunbartonshire",106960,-0.0455542737091097,-0.335052533364645,0.309290945008119,0.313049440312511,-0.270157817234879,0.0558390339533386,-0.280291570695731
"138",2015,"East Lothian",103050,-0.189875658072624,-0.22876605936426,0.228672192450174,0.230016121034941,-0.203218158582738,0.0700047229096601,-0.178639988081115
"139",2015,"East Renfrewshire",92940,-0.287578662234125,-0.404198866359731,0.409012712777419,0.365617631668052,-0.340309750273736,0.0618947535057979,-0.390229938129098
"140",2015,"Edinburgh, City of",498810,-0.347385395716366,-0.43834834677272,0.44750740952356,0.383629737185551,-0.374907355608464,0.0188079813448923,-0.430720675897046
"141",2015,"Eilean Siar",27070,-0.0387554460557422,-0.0793800056158913,0.0322953596434816,-0.0644455032110214,-0.00870412405684728,-0.0631255151674348,0.00718239871015669
"142",2015,"Falkirk",158460,-0.160672542319672,-0.277129557291305,0.249144524983544,0.256520976551901,-0.205073602261772,-0.0694450091846068,-0.233131649316613
"143",2015,"Fife",368080,-0.294914888608908,-0.361930971714493,0.326901535211505,0.326632076507906,-0.267561972751789,-0.0264211806441423,-0.31402528468243
"144",2015,"Glasgow City",606340,-0.176989829709839,-0.200513870376604,0.281327108065753,0.22242015570022,-0.19831446956632,-0.0675808997783705,-0.237015694075701
"145",2015,"Highland",234110,-0.19938319998511,-0.241700044686326,0.255834186039007,0.18774796300033,-0.218743317425989,-0.0932677469106906,-0.207706411978958
"146",2015,"Inverclyde",79500,-0.290314182602368,-0.349841990711789,0.352932438622164,0.303157566949685,-0.264268776507786,-0.137265837603441,-0.323173037582625
"147",2015,"Midlothian",87390,-0.170222807724314,-0.264754813127497,0.258717174776562,0.239308185852123,-0.196557677198665,-0.0953442202504888,-0.218891112739421
"148",2015,"Moray",95510,-0.123524590203053,-0.159351229650576,0.116672852001573,0.112627778807138,-0.0876443367694026,-0.0169036410482688,-0.0909536457455493
"149",2015,"North Ayrshire",136130,-0.260144106967026,-0.307510745699991,0.278925750970794,0.280187722584765,-0.17707705881911,0.0167469312640556,-0.273936735658475
"150",2015,"North Lanarkshire",338260,-0.13311638683075,-0.222656200129428,0.205160961629939,0.201693785160707,-0.159519428416697,-0.0227367707927115,-0.184089032839484
"151",2015,"Orkney Islands",21670,-0.0738848171814714,-0.095671967825572,0.00399628442520883,0.0999421568027001,-0.048191209195027,-0.185337429992718,-0.0859621365235557
"152",2015,"Perth and Kinross",149930,-0.212482108513639,-0.26644710219931,0.27113060750842,0.233054984642601,-0.230325146666617,-0.0449116681191217,-0.245484606109518
"153",2015,"Renfrewshire",174560,-0.246111949207405,-0.34636466493636,0.32209717005332,0.339967946352033,-0.300564661485931,0.0743794514438196,-0.281381330231339
"154",2015,"Scottish Borders",114030,-0.195132190483235,-0.225498631706259,0.236238904311202,0.217182162682267,-0.139388673193825,-0.190130326921336,-0.177497206763872
"155",2015,"Shetland Islands",23200,-0.0890357246587279,-0.0774058476135153,0.00501258592312936,-0.04258986487421,-0.0431977234692891,-0.119601883739264,-0.0783912839024661
"156",2015,"South Ayrshire",112400,-0.176726319540796,-0.324223467248766,0.291626009528329,0.299419838509788,-0.188395275763511,-0.0460324896726867,-0.264556978769909
"157",2015,"South Lanarkshire",316230,-0.156101631347735,-0.260133928735446,0.257773034629881,0.243230826747059,-0.152228485537883,-0.069506981368491,-0.222987442600559
"158",2015,"Stirling",92830,-0.260457636690036,-0.35062012757426,0.351857645077715,0.325208840088909,-0.274245698693619,-0.0489858117175874,-0.317501684816671
"159",2015,"West Dunbartonshire",89590,-0.0758167716067764,-0.219215769189884,0.200294593369334,0.196794763652984,-0.111014995686891,-0.0430912678947832,-0.202265750600453
"160",2015,"West Lothian",178550,-0.209628861237459,-0.254670510743072,0.241748224018663,0.248281851169306,-0.208525149338762,0.0508666999365666,-0.200173542613031
"161",2016,"Aberdeen City",229840,-0.261369668157345,-0.360247507069229,0.333278170534761,0.303719956606233,-0.318284129631605,-0.0821605241145491,-0.296793542515594
"162",2016,"Aberdeenshire",262190,-0.247885580876876,-0.326087791128383,0.300045341858539,0.237642701242141,-0.231361412125633,-0.160294321294863,-0.292334485772807
"163",2016,"Angus",116520,-0.197854710503329,-0.273433371149252,0.248176794299445,0.225488600947962,-0.166886128691334,-0.0173127338508205,-0.26964312542098
"164",2016,"Argyll and Bute",87130,-0.143153701870822,-0.145171540597794,0.14671426742416,0.119984195681731,-0.154178398465652,-0.144098421608721,-0.196071976823704
"165",2016,"Clackmannanshire",51350,-0.231595470438801,-0.243140602004181,0.223709359405808,0.236430595786033,-0.0829332470916881,-0.0927585765129004,-0.198884670547541
"166",2016,"Dumfries and Galloway",149520,-0.173823886093302,-0.224332935754655,0.197413764728731,0.179325959440677,-0.110145797007696,-0.0355764245599488,-0.183866624669964
"167",2016,"Dundee City",148270,-0.271359831662368,-0.298501871526208,0.321740499428238,0.300693678031008,-0.271655715634392,-0.095180906443634,-0.266312893918037
"168",2016,"East Ayrshire",122200,-0.144764124907846,-0.270311479593595,0.264532975428819,0.255333788696062,-0.226434094227081,-0.0970122394947008,-0.223100922965937
"169",2016,"East Dunbartonshire",107540,-0.0603056231998744,-0.354614627096616,0.318704567948496,0.313049440312511,-0.328165492765185,0.0573035558036139,-0.293639935007839
"170",2016,"East Lothian",104090,-0.201848170320712,-0.239102507753012,0.232366471751599,0.230016121034941,-0.208871633062168,0.0564729154434804,-0.193882067646615
"171",2016,"East Renfrewshire",93810,-0.297939342770075,-0.411245711471402,0.401607763984715,0.365617631668052,-0.338414856052311,0.025678051440357,-0.394110505740758
"172",2016,"Edinburgh, City of",507170,-0.351679267458181,-0.44252616808501,0.440567113219046,0.383629737185551,-0.363412412381148,0.0323876276203734,-0.433011334336609
"173",2016,"Eilean Siar",26900,-0.0904462821894727,-0.0957221764295615,0.0251048450648095,-0.0644455032110214,-0.0247064428764232,-0.0595433737013251,-0.0247252832854779
"174",2016,"Falkirk",159380,-0.179653589114251,-0.278362348325173,0.251836365172892,0.256520976551901,-0.188288284684557,-0.0560161431303943,-0.228740696982502
"175",2016,"Fife",370330,-0.304003240449319,-0.357003813141585,0.325152369280644,0.326632076507906,-0.289310070408668,-0.0338134272626363,-0.325335781169329
"176",2016,"Glasgow City",615070,-0.179227584144861,-0.212108021208948,0.286750549971167,0.22242015570022,-0.204058820314195,-0.0557360974535754,-0.249382748065315
"177",2016,"Highland",234770,-0.218692852272039,-0.228589602079229,0.259792887247016,0.18774796300033,-0.209507729461965,-0.0984788518319633,-0.221789374927134
"178",2016,"Inverclyde",79160,-0.313503656470749,-0.360776074196231,0.330839423712755,0.303157566949685,-0.270345603890784,-0.14273220641687,-0.341211735025765
"179",2016,"Midlothian",88610,-0.160160785551809,-0.266671175555548,0.264805163871824,0.239308185852123,-0.189247249020854,-0.0992053751658419,-0.225149227736938
"180",2016,"Moray",96070,-0.133145796964892,-0.174298136422044,0.118427884030643,0.112627778807138,-0.0850520102289485,-0.00926186382906558,-0.118136347885311
"181",2016,"North Ayrshire",135890,-0.252389957301398,-0.306613620945013,0.290717294947317,0.280187722584765,-0.24844849097977,0.038718168685369,-0.294530647880038
"182",2016,"North Lanarkshire",339390,-0.137609079091394,-0.221039731103261,0.206145411745517,0.201693785160707,-0.175540499884473,-0.0240881369073342,-0.188690065310961
"183",2016,"Orkney Islands",21850,-0.0781087316007594,-0.0697456260335219,0.0657911928628301,0.0999421568027001,-0.066140293571239,-0.185337429992718,-0.123716051146997
"184",2016,"Perth and Kinross",150680,-0.209752514414458,-0.286271877310694,0.274243855509061,0.233054984642601,-0.240224825861553,-0.0495770016322492,-0.237401077471512
"185",2016,"Renfrewshire",175930,-0.260921526470316,-0.353847092489346,0.324553389892106,0.339967946352033,-0.306834279797645,0.092733078680272,-0.314314574871648
"186",2016,"Scottish Borders",114530,-0.208635089654214,-0.231453310173585,0.234667298594553,0.217182162682267,-0.160862707524034,-0.194632919553181,-0.193858320020512
"187",2016,"Shetland Islands",23200,-0.0948995892286628,-0.0958020414090701,-0.0609390343415903,-0.04258986487421,-0.0455658824668408,-0.119601883739264,-0.0820723206505953
"188",2016,"South Ayrshire",112470,-0.192354734747567,-0.320795661484348,0.259534005985165,0.299419838509788,-0.208177654962616,-0.0566947276715375,-0.297146342244726
"189",2016,"South Lanarkshire",317100,-0.169588326170778,-0.264462315556685,0.254415422717077,0.243230826747059,-0.135600923492493,-0.0635913305385643,-0.235244903305905
"190",2016,"Stirling",93750,-0.250206306311028,-0.349440901523995,0.343111932113391,0.325208840088909,-0.304807253769213,-0.0694641394707842,-0.321770212266514
"191",2016,"West Dunbartonshire",89860,-0.0696806557667431,-0.220360805939188,0.201889395592335,0.196794763652984,-0.173578638072748,-0.0527125160659727,-0.208402699009127
"192",2016,"West Lothian",180130,-0.22665388280778,-0.264851896835252,0.248482131959246,0.248281851169306,-0.217899468783916,0.0411402326287522,-0.219574864790927
"193",2017,"Aberdeen City",228800,-0.271233725019391,-0.367330054528185,0.346474213832149,0.30057064872733,-0.325819401633066,-0.119184150523528,-0.311924630730616
"194",2017,"Aberdeenshire",261800,-0.232756951208355,-0.321591273937695,0.287420884072223,0.26550564516851,-0.242409520155492,-0.161527199001675,-0.293603692096642
"195",2017,"Angus",116280,-0.208959622098832,-0.273947372369724,0.259600522751692,0.242814841321639,-0.226095247891572,-0.0453551810895441,-0.266956755429385
"196",2017,"Argyll and Bute",86810,-0.163943357987852,-0.175469429966483,0.174529983150126,0.0527685023115083,-0.167143371278505,-0.135325710350112,-0.200002687023033
"197",2017,"Clackmannanshire",51450,-0.243307148370002,-0.238348191268971,0.230504857341945,0.246389662251469,-0.13122488133962,-0.141312747827554,-0.205802344147911
"198",2017,"Dumfries and Galloway",149200,-0.189963763998442,-0.229955513068976,0.189693314211477,0.166708079498433,-0.133628711106105,-0.0424633118425106,-0.203639048658493
"199",2017,"Dundee City",148710,-0.280151896125309,-0.304673174347792,0.329290728133394,0.29071930763503,-0.218529116692817,-0.121650543174747,-0.28227775709385
"200",2017,"East Ayrshire",121940,-0.154554866175253,-0.283671672138937,0.269608339572217,0.264699248446828,-0.209989167770312,-0.102533607881318,-0.245755053713372
"201",2017,"East Dunbartonshire",108130,-0.0636644049158566,-0.335877937032343,0.331696177729595,0.313658480453025,-0.33940724140926,0.0467397426370457,-0.311640946187649
"202",2017,"East Lothian",104840,-0.205834291969445,-0.232738174750152,0.222352416938779,0.22974680153942,-0.21780003434301,0.0534126392309728,-0.211699357575252
"203",2017,"East Renfrewshire",94760,-0.275849082490139,-0.414491510890071,0.372289979728155,0.361628466771324,-0.284345474453517,-0.00152354568200863,-0.396998975414342
"204",2017,"Edinburgh, City of",513210,-0.338538091272259,-0.449819652914069,0.436212639151329,0.360799599937984,-0.37959160046411,0.027602866168742,-0.432705546719188
"205",2017,"Eilean Siar",26950,-0.0692303874059115,-0.0554432659124466,0.00246302116828634,0.0213983568989411,0.0126419144754122,-0.0595433737013251,-0.0607390150451534
"206",2017,"Falkirk",160130,-0.184363595065118,-0.281895074693979,0.255988068171794,0.256963763983986,-0.200221401502205,-0.0607051575847919,-0.239678570824795
"207",2017,"Fife",371410,-0.288609870036151,-0.359521537760692,0.311336232613591,0.303013449990821,-0.265434880956956,-0.0293124153302529,-0.338235799699941
"208",2017,"Glasgow City",621020,-0.195022613628865,-0.242519079403351,0.270646204260814,0.236883933165586,-0.229558086019793,-0.0482417124797436,-0.256717597621062
"209",2017,"Highland",235180,-0.219981558939097,-0.258000169466619,0.25542446107977,0.153611746581181,-0.206301473316472,-0.110950442559115,-0.232182200132065
"210",2017,"Inverclyde",78760,-0.295661633682688,-0.356657940649475,0.352323808175815,0.315202543715697,-0.26891168235787,-0.129474264286952,-0.350413565212632
"211",2017,"Midlothian",90090,-0.146832567936079,-0.266479062136855,0.262295178598782,0.209417500566062,-0.224955430168049,-0.107985531813196,-0.227318332990711
"212",2017,"Moray",95780,-0.122284831019575,-0.167998573818041,0.135177665714448,0.114773424923037,-0.0627221007284327,-0.0167903189088685,-0.146229782921727
"213",2017,"North Ayrshire",135790,-0.246535528655205,-0.309205064735265,0.288862861448484,0.282038089648696,-0.258743240833319,0.0537998233846881,-0.298682692332378
"214",2017,"North Lanarkshire",339960,-0.151034107857704,-0.218520740574238,0.209543460257752,0.192016933050773,-0.178508907110395,-0.0251059392514996,-0.197553327388054
"215",2017,"Orkney Islands",22000,-0.0781087316007594,-0.170815384929465,0.0657911928628301,0.0112144349400132,-0.0972490455872446,-0.200598506965001,-0.174086587863816
"216",2017,"Perth and Kinross",151100,-0.200511409657295,-0.295373425054011,0.27127363233145,0.239028247298455,-0.215420193487098,-0.0657937086565603,-0.253598518228333
"217",2017,"Renfrewshire",176830,-0.2296888942248,-0.352907469643991,0.33429812310739,0.331775230775801,-0.29404569020058,0.0810906880525462,-0.323548865020586
"218",2017,"Scottish Borders",115020,-0.191675560914168,-0.229575311684526,0.233814710432286,0.221372791925303,-0.173295409676811,-0.191340756224038,-0.205597356245775
"219",2017,"Shetland Islands",23080,-0.0689514957885564,-0.0654378103259892,-0.0011002309724355,0.00863138458985091,-0.0715769055225923,-0.119601883739264,-0.0817846424076454
"220",2017,"South Ayrshire",112680,-0.202336956008775,-0.316225880649633,0.256370707582937,0.297391486340889,-0.235571535255302,-0.0492714606909965,-0.296214088220413
"221",2017,"South Lanarkshire",318170,-0.152651341548271,-0.26553154844401,0.24845378893858,0.21606766909705,-0.114790957028163,-0.0733389484053362,-0.241427583524327
"222",2017,"Stirling",94000,-0.278302961491236,-0.353371300684294,0.352692058907133,0.318273074561803,-0.327885456056719,-0.0413871865978885,-0.34280394704346
"223",2017,"West Dunbartonshire",89610,-0.0787245600634021,-0.226921922583647,0.210592719845643,0.17992072969544,-0.170094270345445,-0.0390034068411449,-0.208446009569655
"224",2017,"West Lothian",181310,-0.228289454143155,-0.268124843295764,0.249249265707251,0.224226147135132,-0.212960827698994,0.0402995553658236,-0.235947305288413
"225",2018,"Aberdeen City",228800,-0.273185602688537,-0.36481094205695,0.340703987569256,0.301667446854758,-0.331392493749536,-0.109249257456197,-0.327657828297141
"226",2018,"Aberdeenshire",261800,-0.224122053510275,-0.308312610065041,0.275756191302676,0.248159836290693,-0.169205754495113,-0.150941143365028,-0.292475898902667
"227",2018,"Angus",116280,-0.246046578558963,-0.301978386088236,0.257638169876005,0.271687146380767,-0.176669720275758,-0.147990394793007,-0.300331829025589
"228",2018,"Argyll and Bute",86810,-0.193848562695011,-0.169687083737326,0.199439251701298,0.0890931084268924,-0.18460965623688,-0.169615232080128,-0.241810471167816
"229",2018,"Clackmannanshire",51450,-0.248936482652487,-0.269946183354912,0.254753217048323,0.196288539207448,-0.140000361263582,-0.151070029394917,-0.219720318417411
"230",2018,"Dumfries and Galloway",149200,-0.191938305030948,-0.229786446953497,0.202628655235742,0.157058880410032,-0.117031367640362,-0.0318783303844583,-0.209330346240289
"231",2018,"Dundee City",148710,-0.284363030956193,-0.317365733208053,0.336884014522335,0.311295868059414,-0.227963403191371,-0.0373274325020194,-0.274875207638903
"232",2018,"East Ayrshire",121940,-0.171734387372954,-0.29458927773009,0.286468339123543,0.24516071236779,-0.195731654404177,-0.101346465885323,-0.26501535265044
"233",2018,"East Dunbartonshire",108130,-0.0387989046369608,-0.360287944712761,0.351489073878927,0.334213034982406,-0.336494211793602,0.0234623437808512,-0.349322838008998
"234",2018,"East Lothian",104840,-0.200272936827719,-0.225108528584645,0.214714873930665,0.213198031878733,-0.2016025054654,0.0432063259668354,-0.208910003118092
"235",2018,"East Renfrewshire",94760,-0.346653687688669,-0.40876970294616,0.371435759870667,0.411857377303077,-0.270635415837255,-0.0636977733523061,-0.416726497680767
"236",2018,"Edinburgh, City of",513210,-0.337134838191805,-0.450960678035287,0.422393020169906,0.369018403659261,-0.363374163695546,0.00269353030636665,-0.437715944379605
"237",2018,"Eilean Siar",26950,-0.0433125964765448,-0.0861544487881556,-0.0618636381069968,0.0315733310024626,0.0229280218430534,-0.0923185910286031,-0.0816551072232485
"238",2018,"Falkirk",160130,-0.20351060446761,-0.279723839570522,0.241095711885716,0.24274787262819,-0.225574270592494,-0.0727525102188125,-0.261947401798601
"239",2018,"Fife",371410,-0.299908391186158,-0.36930248424563,0.31745475723104,0.301398558829547,-0.275365442880265,0.0179105248823106,-0.344675391014281
"240",2018,"Glasgow City",621020,-0.20000549752821,-0.261317848049792,0.277888495762497,0.215212754951665,-0.219251068788395,-0.0439493256429131,-0.267467987523979
"241",2018,"Highland",235180,-0.233133019292918,-0.241402254963219,0.25183424371625,0.192535065666178,-0.158612963112418,-0.0659869333420708,-0.238393896717582
"242",2018,"Inverclyde",78760,-0.280662497313215,-0.362245660049023,0.367774040504227,0.284502524450606,-0.303949729000877,0.0323717565898383,-0.363984513166207
"243",2018,"Midlothian",90090,-0.185538096298695,-0.292244276386368,0.278057556370049,0.194420041835272,-0.252330262804517,-0.117055804249761,-0.255115762236919
"244",2018,"Moray",95780,-0.129253662651299,-0.165837463189061,0.11481202490631,0.0971880129653773,-0.063772392470014,-0.0199506135929504,-0.135517306509104
"245",2018,"North Ayrshire",135790,-0.248708796473645,-0.299848908205496,0.295069743199367,0.275917964398269,-0.210280327742119,-0.0056255144423254,-0.305004640823801
"246",2018,"North Lanarkshire",339960,-0.14493228511871,-0.231673391856706,0.217071216205319,0.202822296721692,-0.177170086990067,-0.0386740053255323,-0.212224962533611
"247",2018,"Orkney Islands",22000,-0.0263309680560402,-0.0884675084500142,-0.040350439421496,0.0574981158752306,-0.0752656589972927,-0.168021951870214,-0.119395896656535
"248",2018,"Perth and Kinross",151100,-0.182877048296945,-0.279992380787423,0.263955445496098,0.23942373759669,-0.187917429063335,-0.0892841416622332,-0.259586644506093
"249",2018,"Renfrewshire",176830,-0.252519410574402,-0.353073388173526,0.351810597174506,0.345942704941008,-0.314063463577972,0.10518750030281,-0.334767707015454
"250",2018,"Scottish Borders",115020,-0.205301553923189,-0.240146835368563,0.232530354496973,0.212842529969809,-0.208610103917314,-0.169231834597737,-0.226097553599024
"251",2018,"Shetland Islands",23080,-0.110861927500298,-0.114524416731548,0.0766373839378933,0.0948005124575584,-0.0844835479810013,-0.115248614399718,-0.107285791496318
"252",2018,"South Ayrshire",112680,-0.197857363282513,-0.327894034587581,0.283226866685984,0.29639921336312,-0.274560562422258,-0.0752685078554531,-0.319000985916438
"253",2018,"South Lanarkshire",318170,-0.170210170855494,-0.262022397336061,0.257846501060648,0.242570356897275,-0.137341162478972,-0.0711994202099007,-0.261979231494287
"254",2018,"Stirling",94000,-0.260853716176381,-0.368778684465343,0.354599634831763,0.332717190419872,-0.310588303897153,0.0148601548570593,-0.345711482790286
"255",2018,"West Dunbartonshire",89610,-0.0825727985440921,-0.232484412160845,0.207801850448722,0.181149433062586,-0.149543044711835,0.0355752240802012,-0.218872449250479
"256",2018,"West Lothian",181310,-0.234992929429442,-0.288258615656062,0.261258225184717,0.217218969472622,-0.236097936177574,-0.0455903277850975,-0.261216228526322
"257",2019,"Aberdeen City",228800,-0.290293601319229,-0.37037574521614,0.34337032066011,0.342923433405833,-0.291789838023885,-0.110590078157514,-0.328167997447428
"258",2019,"Aberdeenshire",261800,-0.243260889186743,-0.30342792252538,0.271208956440617,0.266942111828584,-0.223636609265732,-0.160907878844558,-0.298367591465862
"259",2019,"Angus",116280,-0.225630111598388,-0.312579951401695,0.272302716947282,0.270198232558087,-0.213640346759282,-0.164950971090309,-0.280015504547513
"260",2019,"Argyll and Bute",86810,-0.205622964560471,-0.195865691951274,0.195098793008146,0.15032224054659,-0.159354979747547,-0.172630373847301,-0.252228753046929
"261",2019,"Clackmannanshire",51450,-0.265520757189862,-0.265930730886617,0.265343356614679,0.212710856024911,-0.163062039112752,-0.172133990957092,-0.247844486726238
"262",2019,"Dumfries and Galloway",149200,-0.180443707635824,-0.227574574673843,0.20211308144672,0.167878087953317,-0.141170127262138,-0.0119791987251947,-0.218707410487534
"263",2019,"Dundee City",148710,-0.279219820387919,-0.335656901347019,0.351281901218195,0.253102257088583,-0.252720078715793,-0.0354198319074257,-0.273519841809302
"264",2019,"East Ayrshire",121940,-0.187716594813946,-0.283096660563031,0.290733335552266,0.223854011785996,-0.231800567440811,-0.0913938435698274,-0.265405528373519
"265",2019,"East Dunbartonshire",108130,-0.0706797445500751,-0.374387916276281,0.316799988461865,0.299973609736048,-0.362573376211154,0.0212920747147027,-0.363004889574352
"266",2019,"East Lothian",104840,-0.190270708326459,-0.219560338951629,0.205612809930809,0.191096644665585,-0.191587458278857,0.00540116653348832,-0.212009974623298
"267",2019,"East Renfrewshire",94760,-0.349865125315139,-0.411811376671051,0.372173352444296,0.343407499354892,-0.301862140617066,-0.127234577974441,-0.408530532789104
"268",2019,"Edinburgh, City of",513210,-0.332575267902183,-0.431362070878041,0.426555162061554,0.368530319192814,-0.357402295904819,0.00840750871185492,-0.436375130585834
"269",2019,"Eilean Siar",26950,-0.0545783882462847,-0.0645143172218603,-0.0675873730633549,0.0482258921893384,0.00563478316640342,-0.0808446367849482,-0.0753902059852374
"270",2019,"Falkirk",160130,-0.212715591281532,-0.271854846876682,0.237699063869675,0.258875269271467,-0.173211895621455,-0.0730686035302828,-0.269500692692509
"271",2019,"Fife",371410,-0.314165908519154,-0.365952267333437,0.32103658668705,0.309395644160354,-0.2811566816785,0.0270827054315816,-0.344671245592949
"272",2019,"Glasgow City",621020,-0.18524171352496,-0.260098224681229,0.273466291842176,0.226129931072407,-0.238207288968347,-0.0415590429954378,-0.277571203672771
"273",2019,"Highland",235180,-0.234195332431728,-0.247708820119712,0.242336584744599,0.193833567720255,-0.198882487344036,-0.0764541333379221,-0.240514833211547
"274",2019,"Inverclyde",78760,-0.293542878070904,-0.348107074864896,0.375803417880722,0.269331966063768,-0.288972989206918,0.04449440137798,-0.376016914622573
"275",2019,"Midlothian",90090,-0.180762129179366,-0.28718975676663,0.281557989319983,0.131595022444029,-0.250493363389506,-0.107625724263832,-0.248728714248492
"276",2019,"Moray",95780,-0.128294649423457,-0.1698272205136,0.113237080979296,0.148390886599589,-0.0997243283172304,-0.036394436475879,-0.137267754820551
"277",2019,"North Ayrshire",135790,-0.251926823568796,-0.310173691571643,0.303178368267455,0.262500646724639,-0.252080839158216,-0.0261997233353632,-0.303817163002675
"278",2019,"North Lanarkshire",339960,-0.147151605984945,-0.228547753585389,0.210425206484981,0.188765990706273,-0.192089123485403,-0.0369362417152956,-0.224172968835934
"279",2019,"Orkney Islands",22000,-0.0232918436602056,-0.15977540246566,0.0314868780831135,0.0574981158752306,-0.119087260928962,-0.168021951870214,-0.168021951870214
"280",2019,"Perth and Kinross",151100,-0.182994041010794,-0.284581915019757,0.273487382201369,0.205549624674923,-0.22581847265138,-0.091915027016082,-0.265738971861239
"281",2019,"Renfrewshire",176830,-0.251337819989851,-0.362955544371065,0.346352209513389,0.314130279851405,-0.341171122262208,0.0888676087532829,-0.35441342969558
"282",2019,"Scottish Borders",115020,-0.19993706321695,-0.250685600790948,0.245612804545354,0.224206616812577,-0.188275331284053,-0.169667689803616,-0.236708797049456
"283",2019,"Shetland Islands",23080,-0.0997515972049079,-0.115248614399718,0.0856465712153316,0.0498692383242467,-0.0888795048387578,-0.110431587511384,-0.0921018849711548
"284",2019,"South Ayrshire",112680,-0.215837973103504,-0.33892640802046,0.296636565301355,0.327298921298331,-0.282462581619595,-0.0778669391686071,-0.334852844761946
"285",2019,"South Lanarkshire",318170,-0.188214478366749,-0.274592456385644,0.251400850133425,0.229334794387732,-0.19368912075829,-0.0723441378230909,-0.271907700646931
"286",2019,"Stirling",94000,-0.277201096219329,-0.372098313866031,0.347992951038156,0.331855250454673,-0.2745971937071,0.0461499962482712,-0.349020553040508
"287",2019,"West Dunbartonshire",89610,-0.0989568314895362,-0.22712015772284,0.211205892796859,0.206384622231601,-0.135996134256646,0.0455761888172672,-0.205865565738256
"288",2019,"West Lothian",181310,-0.22500641447634,-0.290176216077706,0.265208366352972,0.270167661221171,-0.24932108484524,-0.0357188622407349,-0.262677174449479
"289",2020,"Aberdeen City",228800,-0.32303327794132,-0.358400194148729,0.359120142603903,0.331896838730504,-0.33453327675903,-0.130802738831958,-0.340495851766359
"290",2020,"Aberdeenshire",261800,-0.259297250527151,-0.300803074534507,0.282490407173228,0.203056541452057,-0.159708632618209,-0.157136061310727,-0.294535141680655
"291",2020,"Angus",116280,-0.246947896741673,-0.306065400347591,0.277970202148266,0.248270093230467,-0.250194416942319,-0.173320058417225,-0.281330814825353
"292",2020,"Argyll and Bute",86810,-0.209303613122261,-0.133485453271353,0.185452620434893,0.088555664796977,-0.12139776211145,-0.182354931419544,-0.255841736364707
"293",2020,"Clackmannanshire",51450,-0.252074135938524,-0.266016355007055,0.276858579029393,0.206813552097813,-0.225723105108554,-0.165369424960631,-0.242264474556462
"294",2020,"Dumfries and Galloway",149200,-0.203773173701274,-0.196228324878915,0.214359829281376,0.162797178942645,-0.126042631051281,-0.00522392851676123,-0.216455025503191
"295",2020,"Dundee City",148710,-0.301865643275105,-0.339195178825694,0.352503818277272,0.309802078959578,-0.267091969000704,-0.0239638301712422,-0.267430136044695
"296",2020,"East Ayrshire",121940,-0.211594389328667,-0.28943170233512,0.279894312659865,0.234771905157951,-0.22098505165,-0.0818432037541967,-0.272587819354683
"297",2020,"East Dunbartonshire",108130,-0.085449816469934,-0.370581248670209,0.309408352843374,0.307942224206627,-0.335385054503361,0.0177546113665503,-0.359722681703329
"298",2020,"East Lothian",104840,-0.203126274606317,-0.213345393199528,0.216663685046157,0.189542009114421,-0.174517228490067,0.00225494698917661,-0.209671090240163
"299",2020,"East Renfrewshire",94760,-0.36670058479026,-0.425610089549965,0.368763370563723,0.387254997292686,-0.322886290342681,-0.143206785472451,-0.398314212526134
"300",2020,"Edinburgh, City of",513210,-0.385225595660497,-0.444908127204229,0.426814212085262,0.36180131028231,-0.35106660998316,0.0164531693817764,-0.431342313602588
"301",2020,"Eilean Siar",26950,-0.0799264197282001,-0.1143483136539,-0.00740137226579884,0.00721623150711714,0.00323937057694756,-0.0888251237288515,-0.117865738510967
"302",2020,"Falkirk",160130,-0.190981386793279,-0.267881397861631,0.23537657142616,0.224114326415931,-0.192928855640181,-0.0858413686763804,-0.275446153336361
"303",2020,"Fife",371410,-0.33425374099189,-0.366480213326859,0.310841852470517,0.289972696516521,-0.272753448592894,0.0401810259793223,-0.350107039293093
"304",2020,"Glasgow City",621020,-0.208049270593435,-0.25215206825343,0.294448493540543,0.255318095511612,-0.257993101392785,-0.0350658477500048,-0.275611138487889
"305",2020,"Highland",235180,-0.226165263324704,-0.222449342395194,0.252844112094046,0.177286205374319,-0.168036085082601,-0.0843814628982571,-0.236307114775549
"306",2020,"Inverclyde",78760,-0.294858300261437,-0.327771346458755,0.379587030488933,0.31449515233624,-0.35403414085825,0.046698991339972,-0.376415237266714
"307",2020,"Midlothian",90090,-0.208688107978375,-0.275160832839551,0.282491092888717,0.201394277369408,-0.19039868783642,-0.0877496288808315,-0.239633557012849
"308",2020,"Moray",95780,-0.13351982652226,-0.166369145262828,0.114605321491316,0.146270302546036,-0.0692263259201864,-0.0608222149509743,-0.148886748813405
"309",2020,"North Ayrshire",135790,-0.253285147371233,-0.308830641686459,0.30826536441119,0.236147835298711,-0.216767334741705,-0.0317858208075315,-0.307987775660512
"310",2020,"North Lanarkshire",339960,-0.154786994930198,-0.228705796308237,0.210579703500809,0.183149619203895,-0.18579672636589,-0.035373663056415,-0.227121865649924
"311",2020,"Orkney Islands",22000,-0.0335572093984089,-0.0392188615941669,-0.040350439421496,0.102861144675868,-0.0335572093984089,-0.0862084402561163,-0.168021951870214
"312",2020,"Perth and Kinross",151100,-0.223934533430576,-0.27670015299725,0.257817232392975,0.26479679509216,-0.211797110099912,-0.0982044910277136,-0.277178375520682
"313",2020,"Renfrewshire",176830,-0.269254623911605,-0.360411343227126,0.342043377183202,0.295719330987414,-0.307061368751356,0.0839842351313056,-0.359466465523244
"314",2020,"Scottish Borders",115020,-0.216870694274313,-0.238836390299548,0.242115078856152,0.236845840827625,-0.164073579714668,-0.161215189870452,-0.231020526059986
"315",2020,"Shetland Islands",23080,-0.073695598313595,-0.101160488257263,0.0497541482261346,0.0564878459615303,-0.0683824147321601,-0.115248614399718,-0.0713933685071209
"316",2020,"South Ayrshire",112680,-0.25960010735584,-0.324365526756072,0.297307492359291,0.311744202425421,-0.244996757822143,-0.0872826647511804,-0.332090724429976
"317",2020,"South Lanarkshire",318170,-0.200511289779136,-0.269868962270237,0.252823852647378,0.204835537008837,-0.167248898926076,-0.0756115926625398,-0.27194557948739
"318",2020,"Stirling",94000,-0.291444212512193,-0.35748476405201,0.357990539927323,0.324422177360283,-0.310467413915697,0.0697343075917125,-0.362385387553552
"319",2020,"West Dunbartonshire",89610,-0.122867064829367,-0.222051907790441,0.206805853918223,0.162442600967208,-0.120645510404358,0.0496746862618327,-0.204950514730219
"320",2020,"West Lothian",181310,-0.243436746426777,-0.282765944032269,0.261331118780046,0.230126708655474,-0.244940490744295,-0.0332288193610371,-0.274844869612398
"321",2021,"Aberdeen City",228800,-0.29486857651739,-0.354465161865322,0.352540971575877,0.309923754866244,-0.340660030838455,-0.128938823770831,-0.331348680355903
"322",2021,"Aberdeenshire",261800,-0.246647727588044,-0.313148315498243,0.281126988020212,0.215053826455286,-0.245911789442999,-0.154993670297159,-0.288388696289392
"323",2021,"Angus",116280,-0.215723991685381,-0.310336667586609,0.278520978471049,0.264864983542688,-0.249108285369117,-0.163611802624766,-0.293120703603874
"324",2021,"Argyll and Bute",86810,-0.209871980632554,-0.201930850180172,0.180214094559776,0.100093821264926,-0.134950788501561,-0.1905314554884,-0.250983893183033
"325",2021,"Clackmannanshire",51450,-0.265464127185248,-0.261347030959902,0.276858579029393,0.228909325864326,-0.20209198902658,-0.10641819174553,-0.25199849695744
"326",2021,"Dumfries and Galloway",149200,-0.172310286837108,-0.224259021833754,0.217566113898517,0.185960836219513,-0.152062636926651,-0.0221972622393185,-0.223263949348302
"327",2021,"Dundee City",148710,-0.285903004677927,-0.326457021226657,0.348951056575114,0.283265141326648,-0.224387652731227,-0.0116986081923312,-0.268306686160713
"328",2021,"East Ayrshire",121940,-0.203694293700558,-0.27934132176671,0.280365532778877,0.240268047939391,-0.220234530761683,-0.0837621478197015,-0.267192618096322
"329",2021,"East Dunbartonshire",108130,-0.10054935107167,-0.36036028212156,0.302258456601272,0.361291002672605,-0.337776286576878,0.0378010439887202,-0.35941816508695
"330",2021,"East Lothian",104840,-0.199283349003211,-0.230743076720469,0.208810101878603,0.189855249618461,-0.199598460138668,0.00293016955035252,-0.216882511231706
"331",2021,"East Renfrewshire",94760,-0.360701661117644,-0.426220158305895,0.368763370563723,0.353619343613979,-0.290881604368399,-0.0936484740111512,-0.396685496921299
"332",2021,"Edinburgh, City of",513210,-0.351425737982119,-0.440587700035845,0.419578334056304,0.354194916231435,-0.36828878826185,0.0159505491727145,-0.436899395017296
"333",2021,"Eilean Siar",26950,-0.0710184820856661,-0.0952900144199229,-0.00740137226579884,0.0134358691830649,-0.00917953461228294,-0.0684923635520018,-0.0712247728754161
"334",2021,"Falkirk",160130,-0.168485859267617,-0.280184979326997,0.231916492302123,0.225274955344103,-0.21608380713713,-0.0913081230182851,-0.266022785755339
"335",2021,"Fife",371410,-0.308821562242802,-0.3588452641673,0.309961654576277,0.302782717893102,-0.268887315805035,0.0505573963485446,-0.359887138456514
"336",2021,"Glasgow City",621020,-0.188215796591003,-0.246227299050751,0.295364326711805,0.209624919805343,-0.270426049339946,-0.0257901882942875,-0.278293755687365
"337",2021,"Highland",235180,-0.245685453199211,-0.227154348607485,0.252790247173369,0.197798190100841,-0.182660101028727,-0.0841445852836777,-0.246740490383974
"338",2021,"Inverclyde",78760,-0.244298833591715,-0.291872780092011,0.374017016797151,0.249663650635741,-0.344790958252335,0.0510553215045926,-0.37304557387276
"339",2021,"Midlothian",90090,-0.2010588661997,-0.287971258526984,0.278509901797893,0.216916341198305,-0.207380841889605,-0.0957004142976832,-0.256377162929128
"340",2021,"Moray",95780,-0.14088106913951,-0.167938582982559,0.114604138176734,0.122847992936359,-0.0951497578130986,-0.0600798494777752,-0.137060587636186
"341",2021,"North Ayrshire",135790,-0.246153762947348,-0.313794419357421,0.304495878273379,0.265713882832349,-0.245639857798555,-0.0261333019533279,-0.31169730713372
"342",2021,"North Lanarkshire",339960,-0.152687582662306,-0.224081086453072,0.208336080342644,0.179389850474948,-0.19580731107483,-0.0334759107510187,-0.230992281290881
"343",2021,"Orkney Islands",22000,-0.0210476330617704,-0.152549161123291,-0.0204869372539738,0.100620567375887,-0.0213816369981896,-0.0862084402561163,-0.168021951870214
"344",2021,"Perth and Kinross",151100,-0.211527159060212,-0.273800577465739,0.248955548932155,0.181012204688411,-0.232145585812395,-0.125875639133174,-0.291746844736334
"345",2021,"Renfrewshire",176830,-0.271696673875953,-0.358356295850195,0.340550514868477,0.319737333312402,-0.294122469327059,0.0725569743744341,-0.357572770366414
"346",2021,"Scottish Borders",115020,-0.221494170062044,-0.23630893498583,0.234362257204387,0.200213872227641,-0.214389137983673,-0.158372970755348,-0.231116142663428
"347",2021,"Shetland Islands",23080,-0.113916022235207,0.0157639206875198,0.0436990827483186,0.0327839920369635,-0.046863489987429,-0.115248614399718,-0.0865772750322837
"348",2021,"South Ayrshire",112680,-0.221302067747256,-0.322260683071698,0.297983240488634,0.277880377721761,-0.287370570224706,-0.109053456837895,-0.327155982253011
"349",2021,"South Lanarkshire",318170,-0.18254232299347,-0.272071060662906,0.248556390999916,0.202465328800727,-0.185196291735359,-0.0785274406604124,-0.27195883383142
"350",2021,"Stirling",94000,-0.237787083334822,-0.358279881802687,0.356710987562128,0.329192689489085,-0.319274540055955,0.0815899982491937,-0.36428953053371
"351",2021,"West Dunbartonshire",89610,-0.0829311636316614,-0.235835236657513,0.200653421069307,0.183864228503768,-0.141362214831145,0.061995704920081,-0.211921385467624
"352",2021,"West Lothian",181310,-0.244356413279354,-0.284518600840475,0.256256883586881,0.206553339452343,-0.232035816636774,-0.0432739427032551,-0.276243742097254
"353",2022,"Aberdeen City",228800,-0.298508330339221,-0.332799119861049,0.349542548699105,0.337036769078875,-0.290829536543896,-0.128938823770831,-0.325288873508583
"354",2022,"Aberdeenshire",261800,-0.267070061673621,-0.309846895872667,0.272185199912052,0.226271387848413,-0.170149561749287,-0.154993670297159,-0.28838746113134
"355",2022,"Angus",116280,-0.256941079083299,-0.308814580375319,0.286643827145111,0.277320581736676,-0.259397776790296,-0.163611802624766,-0.293933478504934
"356",2022,"Argyll and Bute",86810,-0.19571707428316,-0.171025730130395,0.174631965650873,0.163166841855674,-0.166948912770976,-0.1905314554884,-0.253202184727747
"357",2022,"Clackmannanshire",51450,-0.262740925403799,-0.264884548764343,0.263913087734567,0.251487592727872,-0.225739310803665,-0.10641819174553,-0.258221769169781
"358",2022,"Dumfries and Galloway",149200,-0.197893295139576,-0.21146094057074,0.222870747497822,0.158674969593674,-0.125211355896852,-0.0221972622393185,-0.217046185791235
"359",2022,"Dundee City",148710,-0.256508112092346,-0.313437060395922,0.319896916559754,0.282768784268637,-0.209079569120957,-0.0116986081923312,-0.270835215390589
"360",2022,"East Ayrshire",121940,-0.208103080660978,-0.285828255900972,0.27499081830813,0.244058770538427,-0.229559738683689,-0.0837621478197015,-0.269789097695163
"361",2022,"East Dunbartonshire",108130,-0.176761301585305,-0.368963069051133,0.359067686516733,0.351265847027705,-0.29416264192123,0.0378010439887202,-0.354664177983713
"362",2022,"East Lothian",104840,-0.180095193496978,-0.212464639226678,0.218035322061866,0.17476134886566,-0.182536730514911,0.00293016955035252,-0.21120869967313
"363",2022,"East Renfrewshire",94760,-0.381701013076867,-0.428282972274659,0.373639832292664,0.362707802533313,-0.341885806060207,-0.0936484740111512,-0.400280327188976
"364",2022,"Edinburgh, City of",513210,-0.326862879487145,-0.426786342881314,0.415851484046925,0.352426534487542,-0.365270540388238,0.0159505491727145,-0.439557625745625
"365",2022,"Eilean Siar",26950,-0.049376166887845,-0.0532614712675969,0.0907484351823529,0.0723464420009297,-0.0629188624446431,-0.0684923635520018,-0.088036115268979
"366",2022,"Falkirk",160130,-0.176004377385972,-0.271142231929796,0.246235074454765,0.167735415883435,-0.221945250341324,-0.0913081230182851,-0.266439270579554
"367",2022,"Fife",371410,-0.293071392412443,-0.350107294616528,0.334620850317677,0.298897560200764,-0.274342540693763,0.0505573963485446,-0.354472741466644
"368",2022,"Glasgow City",621020,-0.170523575940095,-0.246563371185644,0.284756979069996,0.209888071645153,-0.254713664788902,-0.0257901882942875,-0.277890165393799
"369",2022,"Highland",235180,-0.209774236545028,-0.229296973990246,0.247489892681784,0.204011405457624,-0.176011723507603,-0.0841445852836777,-0.248395559825687
"370",2022,"Inverclyde",78760,-0.275423865597336,-0.317722158554423,0.318743656511748,0.252348513117858,-0.288174896768133,0.0510553215045926,-0.377166266335382
"371",2022,"Midlothian",90090,-0.203927274189602,-0.284478890890427,0.270781715450243,0.244676924815326,-0.216741891078247,-0.0957004142976832,-0.261503682220229
"372",2022,"Moray",95780,-0.123523266440237,-0.167154481076496,0.0976711285482406,0.0886376712967145,-0.0871746194604706,-0.0600798494777752,-0.128892858511128
"373",2022,"North Ayrshire",135790,-0.228144224951526,-0.305265315319149,0.306975741691414,0.269566346841481,-0.251418763470847,-0.0261333019533279,-0.310533978135922
"374",2022,"North Lanarkshire",339960,-0.140706565519078,-0.218680821599609,0.214103365906439,0.176986309717918,-0.183016450534044,-0.0334759107510187,-0.229171804681279
"375",2022,"Orkney Islands",22000,-0.0285751786544755,-0.154793371721727,-0.0282010137940769,0.135143131197369,-0.088452650854552,-0.0862084402561163,-0.168021951870214
"376",2022,"Perth and Kinross",151100,-0.240217619796658,-0.284907018027589,0.251963233831347,0.243406185862225,-0.249253216250704,-0.125875639133174,-0.284963839205121
"377",2022,"Renfrewshire",176830,-0.284445622401117,-0.356471877585326,0.33894325614723,0.326291789928554,-0.317569979421581,0.0725569743744341,-0.352331178216124
"378",2022,"Scottish Borders",115020,-0.221849155645129,-0.234926223143214,0.223836049882534,0.218258680377133,-0.195825861712507,-0.158372970755348,-0.228698850330838
"379",2022,"Shetland Islands",23080,-0.108557130628438,-0.0567774251984778,0.0310812433053518,-0.0534304710875166,-0.0844835479810013,-0.115248614399718,-0.0985296740814567
"380",2022,"South Ayrshire",112680,-0.228443534320583,-0.341326440361252,0.301696056735659,0.239871860616892,-0.305120700261591,-0.109053456837895,-0.331595134134589
"381",2022,"South Lanarkshire",318170,-0.18099859778231,-0.270961859300208,0.257598264039245,0.225616783776072,-0.169949002909298,-0.0785274406604124,-0.268432919726216
"382",2022,"Stirling",94000,-0.198388954911371,-0.355616440431485,0.350479133600837,0.317199932826195,-0.295886816426139,0.0815899982491937,-0.353206661640542
"383",2022,"West Dunbartonshire",89610,-0.104224576076784,-0.221075270716388,0.160782806402709,0.197856898705127,-0.175080611792144,0.061995704920081,-0.211141459954441
"384",2022,"West Lothian",181310,-0.234860561331727,-0.286563631977694,0.276821110611813,0.182384562973528,-0.237231650437955,-0.0432739427032551,-0.275049974534765
"385",2023,"Aberdeen City",228800,-0.299745614315425,-0.335663806237015,0.338276749646454,0.330601268694807,-0.30514929187418,-0.137125035032895,-0.33504807121439
"386",2023,"Aberdeenshire",261800,-0.250025382707612,-0.296537620461834,0.268489785585363,0.267438008055539,-0.0856654553811858,-0.145085818412738,-0.28134668189325
"387",2023,"Angus",116280,-0.272011967990272,-0.309871847532702,0.284484715733042,0.271371490094857,-0.188905309976001,-0.17788931759738,-0.292554157581061
"388",2023,"Argyll and Bute",86810,-0.228957780959371,-0.176916862244051,0.17046718528654,0.20279506661713,-0.165723196836931,-0.191849677259561,-0.250959273086438
"389",2023,"Clackmannanshire",51450,-0.246496554933112,-0.264293081205464,0.262792556636788,0.257244025564748,-0.156032184708953,-0.069011664239766,-0.251418949546285
"390",2023,"Dumfries and Galloway",149200,-0.176549884672061,-0.220118081118544,0.220031665534567,0.154595707964972,-0.128606422451783,-0.0326889362617759,-0.208604941097468
"391",2023,"Dundee City",148710,-0.265619125961216,-0.306130222774492,0.316288211193317,0.299177427460029,-0.230578708485844,-0.0174036938448321,-0.273913175540551
"392",2023,"East Ayrshire",121940,-0.197323582166517,-0.266242959996699,0.278837045177452,0.278046316750693,-0.227246076944024,-0.0886958630531947,-0.275387826787117
"393",2023,"East Dunbartonshire",108130,-0.264982181404783,-0.366714173262543,0.351183733110066,0.287742756770099,-0.341144317051718,0.0347376743569416,-0.354794759793838
"394",2023,"East Lothian",104840,-0.0210534279519594,-0.220761452936641,0.221374835557389,0.180574703973644,-0.174414024385986,-0.0128200272584715,-0.190618090333503
"395",2023,"East Renfrewshire",94760,-0.390004303378158,-0.415434455104962,0.364475196721429,0.261047945924459,-0.304916340104002,-0.0293531418051041,-0.401436242856157
"396",2023,"Edinburgh, City of",513210,-0.30663630221002,-0.425770159300559,0.419420495554547,0.317762434817581,-0.370456910203295,0.0155968588664024,-0.43516037348229
"397",2023,"Eilean Siar",26950,-0.00431964428767229,-0.0842867887438348,0.088471281837406,0.0882382571588294,-0.0519105832213089,-0.0582948667143293,-0.0967556055108059
"398",2023,"Falkirk",160130,-0.188466620850901,-0.267130607420409,0.24911769356137,0.221503456870018,-0.234353175090254,-0.09888795948617,-0.244912734884418
"399",2023,"Fife",371410,-0.290034333413022,-0.343091177907091,0.338040504588122,0.310078294923116,-0.274481081366698,0.054708469122474,-0.35609093892236
"400",2023,"Glasgow City",621020,-0.17587056254736,-0.233285119653132,0.276665982418045,0.194527777347012,-0.260844914095351,-0.0189467797442262,-0.280505551219747
"401",2023,"Highland",235180,-0.195899113464801,-0.239999124476093,0.243768974056664,0.221624424114978,-0.196130992561443,-0.0931356608885565,-0.247066347949728
"402",2023,"Inverclyde",78760,-0.241887610895306,-0.344460875171459,0.315431290541548,0.368249418380753,-0.281212135695696,0.0499507318828138,-0.364235049437533
"403",2023,"Midlothian",90090,-0.157523074291966,-0.277933052889465,0.280669119673512,0.226332886084771,-0.172294728987449,-0.102829202614086,-0.257021452075262
"404",2023,"Moray",95780,-0.130048290716771,-0.163003138070167,0.11200141105064,0.127998944449663,-0.0841211872038929,-0.0581219950704659,-0.112525751514695
"405",2023,"North Ayrshire",135790,-0.210747313989961,-0.296654242848373,0.30796042925507,0.255106882069231,-0.263021287107748,-0.034677637592436,-0.29388249080932
"406",2023,"North Lanarkshire",339960,-0.143296106836925,-0.212837041719613,0.214911607122396,0.190852801936799,-0.18890588293818,-0.0326147136673889,-0.225487630077911
"407",2023,"Orkney Islands",22000,-0.0752656589972927,-0.105544724865879,0.0246192952023851,0.152271084030927,-0.0862084402561163,-0.088452650854552,-0.171871691103194
"408",2023,"Perth and Kinross",151100,-0.249647875620239,-0.281371197900675,0.263067067895253,0.253814514815,-0.241461583177871,-0.132996845831828,-0.282326518201293
"409",2023,"Renfrewshire",176830,-0.279188309006738,-0.350144786524723,0.327307456899385,0.32654025387712,-0.307710961361286,0.0659519737979544,-0.351605312695382
"410",2023,"Scottish Borders",115020,-0.202801556361933,-0.240306527753825,0.228603551496692,0.212266046761142,-0.183982310710007,-0.147111828737538,-0.220021351984101
"411",2023,"Shetland Islands",23080,-0.0980551948293884,-0.0636741315858464,0.0270992257409914,-0.0570221520985528,-0.103414086436158,-0.109817773654785,-0.0766153499600017
"412",2023,"South Ayrshire",112680,-0.212689100437255,-0.330635289040807,0.313033777406339,0.226473623416563,-0.251446047064174,-0.132308876297282,-0.328651953668324
"413",2023,"South Lanarkshire",318170,-0.18359953427009,-0.260956004389051,0.253875327571851,0.215919779009546,-0.189959791181604,-0.0881643119418882,-0.269788273951374
"414",2023,"Stirling",94000,-0.277093812506476,-0.353168272525556,0.348359477044783,0.317811248753891,-0.301966337348278,0.0787278653379593,-0.3600267294575
"415",2023,"West Dunbartonshire",89610,0.0801641090176428,-0.210399678491201,0.175579465467232,0.196557329787624,-0.126795693714728,0.0566302818235656,-0.178328191591591
"416",2023,"West Lothian",181310,-0.22567223145608,-0.291598180346558,0.273172173597716,0.188189462173904,-0.235630196263692,-0.0536128727696656,-0.274053127034785
