year,la,Crime Rate,Child Poverty,Out of Work Benefits,Attainment,Participation,Emergency Admissions,Depopulation,Early Mortality
2011,Aberdeen City,0.316741345,,,,,0.28360098,0.099535812,0.289082087
2011,Aberdeenshire,0.245841424,,,,,0.202352619,-0.113728672,0.289224308
2011,Angus,0.295852293,,,,,0.132834114,0.024102286,0.260000539
2011,Argyll and Bute,0.183034929,,,,,0.147439618,0.004517603,0.240374385
2011,Clackmannanshire,0.208836259,,,,,0.071985312,-0.045799874,0.171597955
2011,Dumfries and Galloway,0.181017916,,,,,0.107059728,0.006212653,0.180308424
2011,Dundee City,0.269711122,,,,,0.26015307,-0.080515889,0.244315435
2011,East Ayrshire,0.175695508,,,,,0.248952908,0.013386198,0.254561952
2011,East Dunbartonshire,0.057720787,,,,,0.288657255,0.032710354,0.345001799
2011,East Lothian,0.18349085,,,,,0.143893483,0.06562692,0.155124031
2011,East Renfrewshire,0.297194924,,,,,0.264167389,0.103834362,0.378859138
2011,"Edinburgh, City of",0.335146281,,,,,0.343481182,0.021215813,0.378803386
2011,Eilean Siar,0.020938244,,,,,0.009525931,-0.064181224,0.006116108
2011,Falkirk,0.224477534,,,,,0.180035,-0.050580751,0.205413448
2011,Fife,0.352168529,,,,,0.328301633,-0.084601699,0.36094808
2011,Glasgow City,0.136628486,,,,,0.194621008,-0.084495896,0.228802601
2011,Highland,0.19930992,,,,,0.175957182,-0.055438348,0.228243007
2011,Inverclyde,0.304696543,,,,,0.3267651,-0.105121717,0.334318291
2011,Midlothian,0.188644301,,,,,0.12213354,-0.096360639,0.247407175
2011,Moray,0.121799888,,,,,0.120978937,-0.00365624,0.102857958
2011,North Ayrshire,0.225943624,,,,,0.194818075,0.056171781,0.322267918
2011,North Lanarkshire,0.125051794,,,,,0.155086612,0.015066143,0.182295859
2011,Orkney Islands,0.06001807,,,,,0.039969083,-0.08369288,0.123650683
2011,Perth and Kinross,0.262027353,,,,,0.190008262,0.048415826,0.267452386
2011,Renfrewshire,0.247164421,,,,,0.236199538,0.011470908,0.327961572
2011,Scottish Borders,0.198582066,,,,,0.085503911,-0.118755291,0.16259592
2011,Shetland Islands,0.067516709,,,,,-0.014671989,-0.061641186,0.050457813
2011,South Ayrshire,0.164581515,,,,,0.206789984,0.053883152,0.265285292
2011,South Lanarkshire,0.156026723,,,,,0.133498926,-0.063339788,0.252703777
2011,Stirling,0.280062216,,,,,0.307816465,0.014321569,0.321624181
2011,West Dunbartonshire,0.10398296,,,,,0.131284171,-0.0333805,0.191843409
2011,West Lothian,0.175590014,,,,,0.128411651,0.056431347,0.21370253
2012,Aberdeen City,0.287825902,,,,,0.298830783,0.075584804,0.291033188
2012,Aberdeenshire,0.224935286,,,,,0.161142242,-0.139333743,0.283848066
2012,Angus,0.290971214,,,,,0.104468613,-0.009792147,0.269620356
2012,Argyll and Bute,0.167051848,,,,,0.199105382,-0.014029436,0.221224676
2012,Clackmannanshire,0.188163703,,,,,0.068736478,-0.045259226,0.19605208
2012,Dumfries and Galloway,0.173835207,,,,,0.146978071,0.015293879,0.182013689
2012,Dundee City,0.255318563,,,,,0.217513508,-0.117827089,0.23316561
2012,East Ayrshire,0.132113345,,,,,0.204331222,0.005823101,0.255722689
2012,East Dunbartonshire,0.074305253,,,,,0.264868581,0.039570517,0.351478775
2012,East Lothian,0.167906956,,,,,0.1583406,0.082883417,0.158207473
2012,East Renfrewshire,0.258730724,,,,,0.327900062,0.104464512,0.377129841
2012,"Edinburgh, City of",0.329780191,,,,,0.346475703,0.02327553,0.385886279
2012,Eilean Siar,0.010864368,,,,,0.000850545,-0.069119867,0.006672027
2012,Falkirk,0.202104338,,,,,0.202407156,-0.064551402,0.203958806
2012,Fife,0.341883317,,,,,0.332473033,-0.100845707,0.369165166
2012,Glasgow City,0.127591641,,,,,0.208428317,-0.09146834,0.227622673
2012,Highland,0.205325529,,,,,0.177700715,-0.072747203,0.227759795
2012,Inverclyde,0.267231174,,,,,0.312161043,-0.115978213,0.332752524
2012,Midlothian,0.197143134,,,,,0.19012534,-0.116968522,0.227212578
2012,Moray,0.125408642,,,,,0.097381758,-0.022297446,0.105977974
2012,North Ayrshire,0.197437597,,,,,0.194029494,0.037694475,0.320102658
2012,North Lanarkshire,0.115520815,,,,,0.179278244,-3.36E-05,0.187959676
2012,Orkney Islands,0.093990828,,,,,0.148072915,-0.148005953,0.16928016
2012,Perth and Kinross,0.256289414,,,,,0.205507095,0.061101771,0.272670805
2012,Renfrewshire,0.246838788,,,,,0.284686483,-0.0170205,0.336694028
2012,Scottish Borders,0.203881791,,,,,0.137720005,-0.155327236,0.188437431
2012,Shetland Islands,0.071935689,,,,,0.0755498,-0.081140736,0.045925001
2012,South Ayrshire,0.172182357,,,,,0.209206874,0.042015272,0.263980142
2012,South Lanarkshire,0.149358403,,,,,0.117143049,-0.076160399,0.24038587
2012,Stirling,0.229788316,,,,,0.301190743,-0.015406077,0.318918207
2012,West Dunbartonshire,0.079202,,,,,0.115708902,-0.023538569,0.191439397
2012,West Lothian,0.191685586,,,,,0.146069806,0.066160765,0.206059076
2013,Aberdeen City,0.26332753,,,0.353484696,,0.33436911,0.007541487,0.282737027
2013,Aberdeenshire,0.240948122,,,0.284002896,,0.20207808,-0.173040721,0.283751631
2013,Angus,0.259630433,,,0.282454967,,0.159849781,0.010107884,0.272212428
2013,Argyll and Bute,0.176203883,,,0.176181737,,0.191333946,-0.091358155,0.195085883
2013,Clackmannanshire,0.200760958,,,0.233114948,,0.136082567,-0.059801176,0.224899275
2013,Dumfries and Galloway,0.19439329,,,0.200560155,,0.151670655,-0.004100047,0.199440496
2013,Dundee City,0.279695902,,,0.326926602,,0.1926335,-0.109642432,0.232615769
2013,East Ayrshire,0.06066012,,,0.256962385,,0.230260579,-0.046886481,0.245075926
2013,East Dunbartonshire,0.03963528,,,0.334395682,,0.334096054,0.048749503,0.351375621
2013,East Lothian,0.18115427,,,0.231359258,,0.195877228,0.090630176,0.213008059
2013,East Renfrewshire,0.192474194,,,0.398358851,,0.345481085,0.079412143,0.385109666
2013,"Edinburgh, City of",0.350940607,,,0.446704739,,0.384744817,-0.001053295,0.42060911
2013,Eilean Siar,0.009666579,,,-0.001700999,,0.0387382,-0.057127454,0.032330287
2013,Falkirk,0.151248353,,,0.238460756,,0.210078832,-0.081879726,0.220996754
2013,Fife,0.306649824,,,0.33149049,,0.276089948,-0.013536472,0.33303422
2013,Glasgow City,0.139771057,,,0.260490821,,0.223342124,-0.114173736,0.24108703
2013,Highland,0.215594522,,,0.234560165,,0.185821737,-0.101711607,0.226988509
2013,Inverclyde,0.319358956,,,0.324437561,,0.313937606,-0.143190606,0.356511096
2013,Midlothian,0.193257104,,,0.267385095,,0.198454458,-0.080474738,0.24401731
2013,Moray,0.115414091,,,0.139512263,,0.096531497,-0.026260567,0.134084005
2013,North Ayrshire,0.174207781,,,0.271026278,,0.238141331,0.008919969,0.309088793
2013,North Lanarkshire,0.116171186,,,0.211107384,,0.159193691,-1.72E-02,0.19572783
2013,Orkney Islands,0.095687279,,,0.103421936,,0.18694377,-0.160893235,0.16015012
2013,Perth and Kinross,0.253093324,,,0.280987198,,0.208546805,0.001216814,0.259077407
2013,Renfrewshire,0.226215332,,,0.341253217,,0.280319859,0.000456406,0.343844592
2013,Scottish Borders,0.196258998,,,0.226829982,,0.148265282,-0.16229118,0.179711216
2013,Shetland Islands,0.089035725,,,0.107089955,,0.071576906,-0.122457229,0.064537087
2013,South Ayrshire,0.17209812,,,0.281605541,,0.245751315,0.012758247,0.273092747
2013,South Lanarkshire,0.119061213,,,0.24982072,,0.138069513,-0.065944713,0.246958076
2013,Stirling,0.190304244,,,0.351686877,,0.307946124,-0.040022296,0.330002821
2013,West Dunbartonshire,0.081504957,,,0.217204292,,0.123360111,-0.057092303,0.178599188
2013,West Lothian,0.208586935,,,0.258190631,,0.177675023,0.083302962,0.22085662
2014,Aberdeen City,0.249349575,0.357503688,,0.328224364,,0.31677917,-0.018829033,0.252708825
2014,Aberdeenshire,0.23275962,0.328847784,,0.286899006,,0.190688975,-0.177344356,0.200462549
2014,Angus,0.250156967,0.266478973,,0.271237682,,0.208067869,0.01028743,0.224383401
2014,Argyll and Bute,0.170181369,0.159243451,,0.196710694,,0.200604941,-0.121865256,0.175656568
2014,Clackmannanshire,0.197625043,0.226396162,,0.239774897,,0.162643463,-0.055013546,0.18659783
2014,Dumfries and Galloway,0.177973185,0.204086697,,0.202903545,,0.178853513,-0.022656234,0.139518085
2014,Dundee City,0.286027554,0.287193442,,0.324280097,,0.212683789,-0.104562006,0.252015637
2014,East Ayrshire,0.124449923,0.268625207,,0.249455575,,0.220624281,-0.065805164,0.182583357
2014,East Dunbartonshire,0.089800937,0.328077135,,0.324591755,,0.317290739,0.050658131,0.253928489
2014,East Lothian,0.183527089,0.227874617,,0.24179132,,0.216051768,0.071592703,0.166822749
2014,East Renfrewshire,0.215859126,0.391213224,,0.410792678,,0.367083238,0.070403282,0.356852983
2014,"Edinburgh, City of",0.338424007,0.4165102,,0.448744469,,0.401382853,0.007716153,0.403173563
2014,Eilean Siar,0.05290068,0.082778091,,0.030271465,,-0.017482595,-0.063125515,-0.023262108
2014,Falkirk,0.136880853,0.274547058,,0.247589515,,0.200265389,-0.083816437,0.211217391
2014,Fife,0.295458711,0.360021981,,0.337473254,,0.288130741,-0.019964611,0.26382578
2014,Glasgow City,0.155478883,0.202528111,,0.280574284,,0.201159861,-0.088881416,0.198366876
2014,Highland,0.210304092,0.239957439,,0.251992319,,0.211926201,-0.105251311,0.168982146
2014,Inverclyde,0.286460566,0.339475668,,0.320806381,,0.261639105,-0.147251058,0.288631423
2014,Midlothian,0.166616307,0.276169676,,0.253605605,,0.163905119,-0.0901742,0.185387003
2014,Moray,0.124175609,0.157731385,,0.106404019,,0.06997463,-0.018533574,0.067786779
2014,North Ayrshire,0.230901407,0.303068544,,0.276352612,,0.198450211,-4.55E-05,0.271876863
2014,North Lanarkshire,0.134560061,0.219758803,,0.203132398,,0.161188544,-2.37E-02,0.145385806
2014,Orkney Islands,0.169365222,0.041090787,,-0.048898597,,0.095687279,-0.18533743,0.050559037
2014,Perth and Kinross,0.24004748,0.280983361,,0.279554386,,0.231547612,-0.014530341,0.213951264
2014,Renfrewshire,0.22621094,0.345134208,,0.335585442,,0.314621986,0.046725014,0.252791136
2014,Scottish Borders,0.212656232,0.211504241,,0.229137255,,0.170858274,-0.183281937,0.160336834
2014,Shetland Islands,0.094476025,0.105420591,,0.069202177,,0.034726429,-0.118462581,0.095802041
2014,South Ayrshire,0.186818071,0.322192255,,0.26884615,,0.272526972,-0.041292651,0.239574798
2014,South Lanarkshire,0.150735332,0.259147344,,0.252721247,,0.149904421,-0.071770371,0.175223028
2014,Stirling,0.207828522,0.347197751,,0.345916009,,0.307851515,-0.043375489,0.306672391
2014,West Dunbartonshire,0.078179007,0.222282298,,0.22243504,,0.127240586,-0.0438072,0.175786508
2014,West Lothian,0.21453008,0.256496424,,0.249194247,,0.193534875,0.067842,0.180205533
2015,Aberdeen City,0.258293792,0.348440819,,0.332272427,,0.314372791,-0.058084788,0.292810223
2015,Aberdeenshire,0.255023844,0.326674057,,0.299621805,,0.218726362,-0.159335768,0.279302045
2015,Angus,0.24781348,0.281122635,,0.272980209,,0.166357185,0.004930262,0.267165691
2015,Argyll and Bute,0.162532685,0.136426754,,0.165505197,,0.182272568,-0.14106509,0.196701636
2015,Clackmannanshire,0.208584668,0.21894379,,0.233946711,,0.088117026,-0.079872481,0.203247967
2015,Dumfries and Galloway,0.193456907,0.201092255,,0.21350005,,0.162776823,-0.040233997,0.160537505
2015,Dundee City,0.280571407,0.298500273,,0.3166092,,0.227387054,-0.077929105,0.252279489
2015,East Ayrshire,0.119706025,0.277326107,,0.258830189,,0.220750116,-0.077827589,0.219312333
2015,East Dunbartonshire,0.045554274,0.335052533,,0.309290945,,0.270157817,0.055839034,0.280291571
2015,East Lothian,0.189875658,0.228766059,,0.228672192,,0.203218159,0.070004723,0.178639988
2015,East Renfrewshire,0.287578662,0.404198866,,0.409012713,,0.34030975,0.061894754,0.390229938
2015,"Edinburgh, City of",0.347385396,0.438348347,,0.44750741,,0.374907356,0.018807981,0.430720676
2015,Eilean Siar,0.038755446,0.079380006,,0.03229536,,0.008704124,-0.063125515,-0.007182399
2015,Falkirk,0.160672542,0.277129557,,0.249144525,,0.205073602,-0.069445009,0.233131649
2015,Fife,0.294914889,0.361930972,,0.326901535,,0.267561973,-0.026421181,0.314025285
2015,Glasgow City,0.17698983,0.20051387,,0.281327108,,0.19831447,-0.0675809,0.237015694
2015,Highland,0.1993832,0.241700045,,0.255834186,,0.218743317,-0.093267747,0.207706412
2015,Inverclyde,0.290314183,0.349841991,,0.352932439,,0.264268777,-0.137265838,0.323173038
2015,Midlothian,0.170222808,0.264754813,,0.258717175,,0.196557677,-0.09534422,0.218891113
2015,Moray,0.12352459,0.15935123,,0.116672852,,0.087644337,-0.016903641,0.090953646
2015,North Ayrshire,0.260144107,0.307510746,,0.278925751,,0.177077059,1.67E-02,0.273936736
2015,North Lanarkshire,0.133116387,0.2226562,,0.205160962,,0.159519428,-0.022736771,0.184089033
2015,Orkney Islands,0.073884817,0.095671968,,0.003996284,,0.048191209,-0.18533743,0.085962137
2015,Perth and Kinross,0.212482109,0.266447102,,0.271130608,,0.230325147,-0.044911668,0.245484606
2015,Renfrewshire,0.246111949,0.346364665,,0.32209717,,0.300564661,0.074379451,0.28138133
2015,Scottish Borders,0.19513219,0.225498632,,0.236238904,,0.139388673,-0.190130327,0.177497207
2015,Shetland Islands,0.089035725,0.077405848,,0.005012586,,0.043197723,-0.119601884,0.078391284
2015,South Ayrshire,0.17672632,0.324223467,,0.29162601,,0.188395276,-0.04603249,0.264556979
2015,South Lanarkshire,0.156101631,0.260133929,,0.257773035,,0.152228486,-0.069506981,0.222987443
2015,Stirling,0.260457637,0.350620128,,0.351857645,,0.274245699,-0.048985812,0.317501685
2015,West Dunbartonshire,0.075816772,0.219215769,,0.200294593,,0.111014996,-0.043091268,0.202265751
2015,West Lothian,0.209628861,0.254670511,,0.241748224,,0.208525149,0.0508667,0.200173543
2016,Aberdeen City,0.261369668,0.360247507,,0.333278171,0.303719957,0.31828413,-0.082160524,0.296793543
2016,Aberdeenshire,0.247885581,0.326087791,,0.300045342,0.237642701,0.231361412,-0.160294321,0.292334486
2016,Angus,0.197854711,0.273433371,,0.248176794,0.225488601,0.166886129,-0.017312734,0.269643125
2016,Argyll and Bute,0.143153702,0.145171541,,0.146714267,0.119984196,0.154178398,-0.144098422,0.196071977
2016,Clackmannanshire,0.23159547,0.243140602,,0.223709359,0.236430596,0.082933247,-0.092758577,0.198884671
2016,Dumfries and Galloway,0.173823886,0.224332936,,0.197413765,0.179325959,0.110145797,-0.035576425,0.183866625
2016,Dundee City,0.271359832,0.298501872,,0.321740499,0.300693678,0.271655716,-0.095180906,0.266312894
2016,East Ayrshire,0.144764125,0.27031148,,0.264532975,0.255333789,0.226434094,-0.097012239,0.223100923
2016,East Dunbartonshire,0.060305623,0.354614627,,0.318704568,0.31304944,0.328165493,0.057303556,0.293639935
2016,East Lothian,0.20184817,0.239102508,,0.232366472,0.230016121,0.208871633,0.056472915,0.193882068
2016,East Renfrewshire,0.297939343,0.411245711,,0.401607764,0.365617632,0.338414856,0.025678051,0.394110506
2016,"Edinburgh, City of",0.351679267,0.442526168,,0.440567113,0.383629737,0.363412412,0.032387628,0.433011334
2016,Eilean Siar,0.090446282,0.095722176,,0.025104845,-0.064445503,0.024706443,-0.059543374,0.024725283
2016,Falkirk,0.179653589,0.278362348,,0.251836365,0.256520977,0.188288285,-0.056016143,0.228740697
2016,Fife,0.30400324,0.357003813,,0.325152369,0.326632077,0.28931007,-0.033813427,0.325335781
2016,Glasgow City,0.179227584,0.212108021,,0.28675055,0.222420156,0.20405882,-0.055736097,0.249382748
2016,Highland,0.218692852,0.228589602,,0.259792887,0.187747963,0.209507729,-0.098478852,0.221789375
2016,Inverclyde,0.313503656,0.360776074,,0.330839424,0.303157567,0.270345604,-0.142732206,0.341211735
2016,Midlothian,0.160160786,0.266671176,,0.264805164,0.239308186,0.189247249,-0.099205375,0.225149228
2016,Moray,0.133145797,0.174298136,,0.118427884,0.112627779,0.08505201,-0.009261864,0.118136348
2016,North Ayrshire,0.252389957,0.306613621,,0.290717295,0.280187723,0.248448491,0.038718169,0.294530648
2016,North Lanarkshire,0.137609079,0.221039731,,0.206145412,0.201693785,0.1755405,-0.024088137,0.188690065
2016,Orkney Islands,0.078108732,0.069745626,,0.065791193,0.099942157,0.066140294,-0.18533743,0.123716051
2016,Perth and Kinross,0.209752514,0.286271877,,0.274243856,0.233054985,0.240224826,-0.049577002,0.237401077
2016,Renfrewshire,0.260921526,0.353847092,,0.32455339,0.339967946,0.30683428,0.092733079,0.314314575
2016,Scottish Borders,0.20863509,0.23145331,,0.234667299,0.217182163,0.160862708,-0.19463292,0.19385832
2016,Shetland Islands,0.094899589,0.095802041,,-0.060939034,-0.042589865,0.045565882,-0.119601884,0.082072321
2016,South Ayrshire,0.192354735,0.320795661,,0.259534006,0.299419839,0.208177655,-0.056694728,0.297146342
2016,South Lanarkshire,0.169588326,0.264462316,,0.254415423,0.243230827,0.135600923,-0.063591331,0.235244903
2016,Stirling,0.250206306,0.349440902,,0.343111932,0.32520884,0.304807254,-0.069464139,0.321770212
2016,West Dunbartonshire,0.069680656,0.220360806,,0.201889396,0.196794764,0.173578638,-0.052712516,0.208402699
2016,West Lothian,0.226653883,0.264851897,,0.248482132,0.248281851,0.217899469,0.041140233,0.219574865
2017,Aberdeen City,0.271233725,0.367330055,,0.346474214,0.303719957,0.325819402,-0.119184151,0.311924631
2017,Aberdeenshire,0.232756951,0.321591274,,0.287420884,0.237642701,0.24240952,-0.161527199,0.293603692
2017,Angus,0.208959622,0.273947372,,0.259600523,0.225488601,0.226095248,-0.045355181,0.266956755
2017,Argyll and Bute,0.163943358,0.17546943,,0.174529983,0.119984196,0.167143371,-0.13532571,0.200002687
2017,Clackmannanshire,0.243307148,0.238348191,,0.230504857,0.236430596,0.131224881,-0.141312748,0.205802344
2017,Dumfries and Galloway,0.189963764,0.229955513,,0.189693314,0.179325959,0.133628711,-0.042463312,0.203639049
2017,Dundee City,0.280151896,0.304673174,,0.329290728,0.300693678,0.218529117,-0.121650543,0.282277757
2017,East Ayrshire,0.154554866,0.283671672,,0.26960834,0.255333789,0.209989168,-0.102533608,0.245755054
2017,East Dunbartonshire,0.063664405,0.335877937,,0.331696178,0.31304944,0.339407241,0.046739743,0.311640946
2017,East Lothian,0.205834292,0.232738175,,0.222352417,0.230016121,0.217800034,0.053412639,0.211699358
2017,East Renfrewshire,0.275849082,0.414491511,,0.37228998,0.365617632,0.284345474,-0.001523546,0.396998975
2017,"Edinburgh, City of",0.338538091,0.449819653,,0.436212639,0.383629737,0.3795916,0.027602866,0.432705547
2017,Eilean Siar,0.069230387,0.055443266,,0.002463021,-0.064445503,-0.012641914,-0.059543374,0.060739015
2017,Falkirk,0.184363595,0.281895075,,0.255988068,0.256520977,0.200221402,-0.060705158,0.239678571
2017,Fife,0.28860987,0.359521538,,0.311336233,0.326632077,0.265434881,-0.029312415,0.3382358
2017,Glasgow City,0.195022614,0.242519079,,0.270646204,0.222420156,0.229558086,-0.048241712,0.256717598
2017,Highland,0.219981559,0.258000169,,0.255424461,0.187747963,0.206301473,-0.110950443,0.2321822
2017,Inverclyde,0.295661634,0.356657941,,0.352323808,0.303157567,0.268911682,-0.129474264,0.350413565
2017,Midlothian,0.146832568,0.266479062,,0.262295179,0.239308186,0.22495543,-0.107985532,0.227318333
2017,Moray,0.122284831,0.167998574,,0.135177666,0.112627779,0.062722101,-0.016790319,0.146229783
2017,North Ayrshire,0.246535529,0.309205065,,0.288862861,0.280187723,0.258743241,0.053799823,0.298682692
2017,North Lanarkshire,0.151034108,0.218520741,,0.20954346,0.201693785,0.178508907,-0.025105939,0.197553327
2017,Orkney Islands,0.078108732,0.170815385,,0.065791193,0.099942157,0.097249046,-0.200598507,0.174086588
2017,Perth and Kinross,0.20051141,0.295373425,,0.271273632,0.233054985,0.215420193,-0.065793709,0.253598518
2017,Renfrewshire,0.229688894,0.35290747,,0.334298123,0.339967946,0.29404569,0.081090688,0.323548865
2017,Scottish Borders,0.191675561,0.229575312,,0.23381471,0.217182163,0.17329541,-0.191340756,0.205597356
2017,Shetland Islands,0.068951496,0.06543781,,-0.001100231,-0.042589865,0.071576906,-0.119601884,0.081784642
2017,South Ayrshire,0.202336956,0.316225881,,0.256370708,0.299419839,0.235571535,-0.049271461,0.296214088
2017,South Lanarkshire,0.152651342,0.265531548,,0.248453789,0.243230827,0.114790957,-0.073338948,0.241427584
2017,Stirling,0.278302961,0.353371301,,0.352692059,0.32520884,0.327885456,-0.041387187,0.342803947
2017,West Dunbartonshire,0.07872456,0.226921923,,0.21059272,0.196794764,0.17009427,-0.039003407,0.20844601
2017,West Lothian,0.228289454,0.268124843,,0.249249266,0.248281851,0.212960828,0.040299555,0.235947305
2018,Aberdeen City,0.273185603,0.364810942,,0.340703988,0.300570649,0.331392494,-0.109249257,0.327657828
2018,Aberdeenshire,0.224122054,0.30831261,,0.275756191,0.265505645,0.169205754,-0.150941143,0.292475899
2018,Angus,0.246046579,0.301978386,,0.25763817,0.242814841,0.17666972,-0.147990395,0.300331829
2018,Argyll and Bute,0.193848563,0.169687084,,0.199439252,0.052768502,0.184609656,-0.169615232,0.241810471
2018,Clackmannanshire,0.248936483,0.269946183,,0.254753217,0.246389662,0.140000361,-0.151070029,0.219720318
2018,Dumfries and Galloway,0.191938305,0.229786447,,0.202628655,0.166708079,0.117031368,-0.03187833,0.209330346
2018,Dundee City,0.284363031,0.317365733,,0.336884015,0.290719308,0.227963403,-0.037327433,0.274875208
2018,East Ayrshire,0.171734387,0.294589278,,0.286468339,0.264699248,0.195731654,-0.101346466,0.265015353
2018,East Dunbartonshire,0.038798905,0.360287945,,0.351489074,0.31365848,0.336494212,0.023462344,0.349322838
2018,East Lothian,0.200272937,0.225108529,,0.214714874,0.229746802,0.201602505,0.043206326,0.208910003
2018,East Renfrewshire,0.346653688,0.408769703,,0.37143576,0.361628467,0.270635416,-0.063697773,0.416726498
2018,"Edinburgh, City of",0.337134838,0.450960678,,0.42239302,0.3607996,0.363374164,0.00269353,0.437715944
2018,Eilean Siar,0.043312596,0.086154449,,-0.061863638,0.021398357,-0.022928022,-0.092318591,0.081655107
2018,Falkirk,0.203510604,0.27972384,,0.241095712,0.256963764,0.225574271,-0.07275251,0.261947402
2018,Fife,0.299908391,0.369302484,,0.317454757,0.30301345,0.275365443,0.017910525,0.344675391
2018,Glasgow City,0.200005498,0.261317848,,0.277888496,0.236883933,0.219251069,-0.043949326,0.267467988
2018,Highland,0.233133019,0.241402255,,0.251834244,0.153611747,0.158612963,-0.065986933,0.238393897
2018,Inverclyde,0.280662497,0.36224566,,0.367774041,0.315202544,0.303949729,0.032371757,0.363984513
2018,Midlothian,0.185538096,0.292244276,,0.278057556,0.209417501,0.252330263,-0.117055804,0.255115762
2018,Moray,0.129253663,0.165837463,,0.114812025,0.114773425,0.063772392,-0.019950614,0.135517307
2018,North Ayrshire,0.248708796,0.299848908,,0.295069743,0.28203809,0.210280328,-0.005625514,0.305004641
2018,North Lanarkshire,0.144932285,0.231673392,,0.217071216,0.192016933,0.177170087,-0.038674005,0.212224963
2018,Orkney Islands,0.026330968,0.088467508,,-0.040350439,0.011214435,0.075265659,-0.168021952,0.119395897
2018,Perth and Kinross,0.182877048,0.279992381,,0.263955445,0.239028247,0.187917429,-0.089284142,0.259586645
2018,Renfrewshire,0.252519411,0.353073388,,0.351810597,0.331775231,0.314063464,0.1051875,0.334767707
2018,Scottish Borders,0.205301554,0.240146835,,0.232530354,0.221372792,0.208610104,-0.169231835,0.226097554
2018,Shetland Islands,0.110861928,0.114524417,,0.076637384,0.008631385,0.084483548,-0.115248614,0.107285791
2018,South Ayrshire,0.197857363,0.327894035,,0.283226867,0.297391486,0.274560562,-0.075268508,0.319000986
2018,South Lanarkshire,0.170210171,0.262022397,,0.257846501,0.216067669,0.137341162,-0.07119942,0.261979231
2018,Stirling,0.260853716,0.368778684,,0.354599635,0.318273075,0.310588304,0.014860155,0.345711483
2018,West Dunbartonshire,0.082572799,0.232484412,,0.20780185,0.17992073,0.149543045,0.035575224,0.218872449
2018,West Lothian,0.234992929,0.288258616,,0.261258225,0.224226147,0.236097936,-0.045590328,0.261216229
2019,Aberdeen City,0.290293601,0.370375745,,0.343370321,0.301667447,0.291789838,-0.110590078,0.328167997
2019,Aberdeenshire,0.243260889,0.303427923,,0.271208956,0.248159836,0.223636609,-0.160907879,0.298367591
2019,Angus,0.225630112,0.312579951,,0.272302717,0.271687146,0.213640347,-0.164950971,0.280015505
2019,Argyll and Bute,0.205622965,0.195865692,,0.195098793,0.089093108,0.15935498,-0.172630374,0.252228753
2019,Clackmannanshire,0.265520757,0.265930731,,0.265343357,0.196288539,0.163062039,-0.172133991,0.247844487
2019,Dumfries and Galloway,0.180443708,0.227574575,,0.202113081,0.15705888,0.141170127,-0.011979199,0.21870741
2019,Dundee City,0.27921982,0.335656901,,0.351281901,0.311295868,0.252720079,-0.035419832,0.273519842
2019,East Ayrshire,0.187716595,0.283096661,,0.290733336,0.245160712,0.231800567,-0.091393844,0.265405528
2019,East Dunbartonshire,0.070679745,0.374387916,,0.316799988,0.334213035,0.362573376,0.021292075,0.36300489
2019,East Lothian,0.190270708,0.219560339,,0.20561281,0.213198032,0.191587458,0.005401167,0.212009975
2019,East Renfrewshire,0.349865125,0.411811377,,0.372173352,0.411857377,0.301862141,-0.127234578,0.408530533
2019,"Edinburgh, City of",0.332575268,0.431362071,,0.426555162,0.369018404,0.357402296,0.008407509,0.436375131
2019,Eilean Siar,0.054578388,0.064514317,,-0.067587373,0.031573331,-0.005634783,-0.080844637,0.075390206
2019,Falkirk,0.212715591,0.271854847,,0.237699064,0.242747873,0.173211896,-0.073068604,0.269500693
2019,Fife,0.314165909,0.365952267,,0.321036587,0.301398559,0.281156682,0.027082705,0.344671246
2019,Glasgow City,0.185241714,0.260098225,,0.273466292,0.215212755,0.238207289,-0.041559043,0.277571204
2019,Highland,0.234195332,0.24770882,,0.242336585,0.192535066,0.198882487,-0.076454133,0.240514833
2019,Inverclyde,0.293542878,0.348107075,,0.375803418,0.284502524,0.288972989,0.044494401,0.376016915
2019,Midlothian,0.180762129,0.287189757,,0.281557989,0.194420042,0.250493363,-0.107625724,0.248728714
2019,Moray,0.128294649,0.169827221,,0.113237081,0.097188013,0.099724328,-0.036394436,0.137267755
2019,North Ayrshire,0.251926824,0.310173692,,0.303178368,0.275917964,0.252080839,-0.026199723,0.303817163
2019,North Lanarkshire,0.147151606,0.228547754,,0.210425206,0.202822297,0.192089123,-0.036936242,0.224172969
2019,Orkney Islands,0.023291844,0.159775402,,0.031486878,0.057498116,0.119087261,-0.168021952,0.168021952
2019,Perth and Kinross,0.182994041,0.284581915,,0.273487382,0.239423738,0.225818473,-0.091915027,0.265738972
2019,Renfrewshire,0.25133782,0.362955544,,0.34635221,0.345942705,0.341171122,0.088867609,0.35441343
2019,Scottish Borders,0.199937063,0.250685601,,0.245612805,0.21284253,0.188275331,-0.16966769,0.236708797
2019,Shetland Islands,0.099751597,0.115248614,,0.085646571,0.094800512,0.088879505,-0.110431588,0.092101885
2019,South Ayrshire,0.215837973,0.338926408,,0.296636565,0.296399213,0.282462582,-0.077866939,0.334852845
2019,South Lanarkshire,0.188214478,0.274592456,,0.25140085,0.242570357,0.193689121,-0.072344138,0.271907701
2019,Stirling,0.277201096,0.372098314,,0.347992951,0.33271719,0.274597194,0.046149996,0.349020553
2019,West Dunbartonshire,0.098956831,0.227120158,,0.211205893,0.181149433,0.135996134,0.045576189,0.205865566
2019,West Lothian,0.225006414,0.290176216,,0.265208366,0.217218969,0.249321085,-0.035718862,0.262677174
2020,Aberdeen City,0.323033278,0.358400194,,0.359120143,0.342923433,0.334533277,-0.130802739,0.340495852
2020,Aberdeenshire,0.259297251,0.300803075,,0.282490407,0.266942112,0.159708633,-0.157136061,0.294535142
2020,Angus,0.246947897,0.3060654,,0.277970202,0.270198233,0.250194417,-0.173320058,0.281330815
2020,Argyll and Bute,0.209303613,0.133485453,,0.18545262,0.150322241,0.121397762,-0.182354931,0.255841736
2020,Clackmannanshire,0.252074136,0.266016355,,0.276858579,0.212710856,0.225723105,-0.165369425,0.242264475
2020,Dumfries and Galloway,0.203773174,0.196228325,,0.214359829,0.167878088,0.126042631,-0.005223929,0.216455026
2020,Dundee City,0.301865643,0.339195179,,0.352503818,0.253102257,0.267091969,-0.02396383,0.267430136
2020,East Ayrshire,0.211594389,0.289431702,,0.279894313,0.223854012,0.220985052,-0.081843204,0.272587819
2020,East Dunbartonshire,0.085449816,0.370581249,,0.309408353,0.29997361,0.335385055,0.017754611,0.359722682
2020,East Lothian,0.203126275,0.213345393,,0.216663685,0.191096645,0.174517228,0.002254947,0.20967109
2020,East Renfrewshire,0.366700585,0.42561009,,0.368763371,0.343407499,0.32288629,-0.143206785,0.398314213
2020,"Edinburgh, City of",0.385225596,0.444908127,,0.426814212,0.368530319,0.35106661,0.016453169,0.431342314
2020,Eilean Siar,0.07992642,0.114348314,,-0.007401372,0.048225892,-0.003239371,-0.088825124,0.117865739
2020,Falkirk,0.190981387,0.267881398,,0.235376571,0.258875269,0.192928856,-0.085841369,0.275446153
2020,Fife,0.334253741,0.366480213,,0.310841852,0.309395644,0.272753449,0.040181026,0.350107039
2020,Glasgow City,0.208049271,0.252152068,,0.294448494,0.226129931,0.257993101,-0.035065848,0.275611138
2020,Highland,0.226165263,0.222449342,,0.252844112,0.193833568,0.168036085,-0.084381463,0.236307115
2020,Inverclyde,0.2948583,0.327771346,,0.37958703,0.269331966,0.354034141,0.046698991,0.376415237
2020,Midlothian,0.208688108,0.275160833,,0.282491093,0.131595022,0.190398688,-0.087749629,0.239633557
2020,Moray,0.133519827,0.166369145,,0.114605321,0.148390887,0.069226326,-0.060822215,0.148886749
2020,North Ayrshire,0.253285147,0.308830642,,0.308265364,0.262500647,0.216767335,-0.031785821,0.307987776
2020,North Lanarkshire,0.154786995,0.228705796,,0.210579704,0.188765991,0.185796726,-0.035373663,0.227121866
2020,Orkney Islands,0.033557209,0.039218862,,-0.040350439,0.057498116,0.033557209,-0.08620844,0.168021952
2020,Perth and Kinross,0.223934533,0.276700153,,0.257817232,0.205549625,0.21179711,-0.098204491,0.277178376
2020,Renfrewshire,0.269254624,0.360411343,,0.342043377,0.31413028,0.307061369,0.083984235,0.359466466
2020,Scottish Borders,0.216870694,0.23883639,,0.242115079,0.224206617,0.16407358,-0.16121519,0.231020526
2020,Shetland Islands,0.073695598,0.101160488,,0.049754148,0.049869238,0.068382415,-0.115248614,0.071393369
2020,South Ayrshire,0.259600107,0.324365527,,0.297307492,0.327298921,0.244996758,-0.087282665,0.332090724
2020,South Lanarkshire,0.20051129,0.269868962,,0.252823853,0.229334794,0.167248899,-0.075611593,0.271945579
2020,Stirling,0.291444213,0.357484764,,0.35799054,0.33185525,0.310467414,0.069734308,0.362385388
2020,West Dunbartonshire,0.122867065,0.222051908,,0.206805854,0.206384622,0.12064551,0.049674686,0.204950515
2020,West Lothian,0.243436746,0.282765944,,0.261331119,0.270167661,0.244940491,-0.033228819,0.27484487
2021,Aberdeen City,0.294868577,0.354465162,,0.352540972,0.331896839,0.340660031,-0.128938824,0.33134868
2021,Aberdeenshire,0.246647728,0.313148315,,0.281126988,0.203056541,0.245911789,-0.15499367,0.288388696
2021,Angus,0.215723992,0.310336668,,0.278520978,0.248270093,0.249108285,-0.163611803,0.293120704
2021,Argyll and Bute,0.209871981,0.20193085,,0.180214095,0.088555665,0.134950789,-0.190531455,0.250983893
2021,Clackmannanshire,0.265464127,0.261347031,,0.276858579,0.206813552,0.202091989,-0.106418192,0.251998497
2021,Dumfries and Galloway,0.172310287,0.224259022,,0.217566114,0.162797179,0.152062637,-0.022197262,0.223263949
2021,Dundee City,0.285903005,0.326457021,,0.348951057,0.309802079,0.224387653,-0.011698608,0.268306686
2021,East Ayrshire,0.203694294,0.279341322,,0.280365533,0.234771905,0.220234531,-0.083762148,0.267192618
2021,East Dunbartonshire,0.100549351,0.360360282,,0.302258457,0.307942224,0.337776287,0.037801044,0.359418165
2021,East Lothian,0.199283349,0.230743077,,0.208810102,0.189542009,0.19959846,0.00293017,0.216882511
2021,East Renfrewshire,0.360701661,0.426220158,,0.368763371,0.387254997,0.290881604,-0.093648474,0.396685497
2021,"Edinburgh, City of",0.351425738,0.4405877,,0.419578334,0.36180131,0.368288788,0.015950549,0.436899395
2021,Eilean Siar,0.071018482,0.095290014,,-0.007401372,0.007216232,0.009179535,-0.068492364,0.071224773
2021,Falkirk,0.168485859,0.280184979,,0.231916492,0.224114326,0.216083807,-0.091308123,0.266022786
2021,Fife,0.308821562,0.358845264,,0.309961655,0.289972697,0.268887316,0.050557396,0.359887138
2021,Glasgow City,0.188215797,0.246227299,,0.295364327,0.255318096,0.270426049,-0.025790188,0.278293756
2021,Highland,0.245685453,0.227154349,,0.252790247,0.177286205,0.182660101,-0.084144585,0.24674049
2021,Inverclyde,0.244298834,0.29187278,,0.374017017,0.314495152,0.344790958,0.051055322,0.373045574
2021,Midlothian,0.201058866,0.287971259,,0.278509902,0.201394277,0.207380842,-0.095700414,0.256377163
2021,Moray,0.140881069,0.167938583,,0.114604138,0.146270303,0.095149758,-0.060079849,0.137060588
2021,North Ayrshire,0.246153763,0.313794419,,0.304495878,0.236147835,0.245639858,-0.026133302,0.311697307
2021,North Lanarkshire,0.152687583,0.224081086,,0.20833608,0.183149619,0.195807311,-0.033475911,0.230992281
2021,Orkney Islands,0.021047633,0.152549161,,-0.020486937,0.102861145,0.021381637,-0.08620844,0.168021952
2021,Perth and Kinross,0.211527159,0.273800577,,0.248955549,0.264796795,0.232145586,-0.125875639,0.291746845
2021,Renfrewshire,0.271696674,0.358356296,,0.340550515,0.295719331,0.294122469,0.072556974,0.35757277
2021,Scottish Borders,0.22149417,0.236308935,,0.234362257,0.236845841,0.214389138,-0.158372971,0.231116143
2021,Shetland Islands,0.113916022,-0.015763921,,0.043699083,0.056487846,0.04686349,-0.115248614,0.086577275
2021,South Ayrshire,0.221302068,0.322260683,,0.29798324,0.311744202,0.28737057,-0.109053457,0.327155982
2021,South Lanarkshire,0.182542323,0.272071061,,0.248556391,0.204835537,0.185196292,-0.078527441,0.271958834
2021,Stirling,0.237787083,0.358279882,,0.356710988,0.324422177,0.31927454,0.081589998,0.364289531
2021,West Dunbartonshire,0.082931164,0.235835237,,0.200653421,0.162442601,0.141362215,0.061995705,0.211921385
2021,West Lothian,0.244356413,0.284518601,,0.256256884,0.230126709,0.232035817,-0.043273943,0.276243742
2022,Aberdeen City,0.29850833,0.33279912,,0.349542549,0.309923755,0.290829537,-0.128938824,0.325288874
2022,Aberdeenshire,0.267070062,0.309846896,,0.2721852,0.215053826,0.170149562,-0.15499367,0.288387461
2022,Angus,0.256941079,0.30881458,,0.286643827,0.264864984,0.259397777,-0.163611803,0.293933479
2022,Argyll and Bute,0.195717074,0.17102573,,0.174631966,0.100093821,0.166948913,-0.190531455,0.253202185
2022,Clackmannanshire,0.262740925,0.264884549,,0.263913088,0.228909326,0.225739311,-0.106418192,0.258221769
2022,Dumfries and Galloway,0.197893295,0.211460941,,0.222870747,0.185960836,0.125211356,-0.022197262,0.217046186
2022,Dundee City,0.256508112,0.31343706,,0.319896917,0.283265141,0.209079569,-0.011698608,0.270835215
2022,East Ayrshire,0.208103081,0.285828256,,0.274990818,0.240268048,0.229559739,-0.083762148,0.269789098
2022,East Dunbartonshire,0.176761302,0.368963069,,0.359067687,0.361291003,0.294162642,0.037801044,0.354664178
2022,East Lothian,0.180095193,0.212464639,,0.218035322,0.18985525,0.182536731,0.00293017,0.2112087
2022,East Renfrewshire,0.381701013,0.428282972,,0.373639832,0.353619344,0.341885806,-0.093648474,0.400280327
2022,"Edinburgh, City of",0.326862879,0.426786343,,0.415851484,0.354194916,0.36527054,0.015950549,0.439557626
2022,Eilean Siar,0.049376167,0.053261471,,0.090748435,0.013435869,0.062918862,-0.068492364,0.088036115
2022,Falkirk,0.176004377,0.271142232,,0.246235074,0.225274955,0.22194525,-0.091308123,0.266439271
2022,Fife,0.293071392,0.350107295,,0.33462085,0.302782718,0.274342541,0.050557396,0.354472741
2022,Glasgow City,0.170523576,0.246563371,,0.284756979,0.20962492,0.254713665,-0.025790188,0.277890165
2022,Highland,0.209774237,0.229296974,,0.247489893,0.19779819,0.176011724,-0.084144585,0.24839556
2022,Inverclyde,0.275423866,0.317722159,,0.318743657,0.249663651,0.288174897,0.051055322,0.377166266
2022,Midlothian,0.203927274,0.284478891,,0.270781715,0.216916341,0.216741891,-0.095700414,0.261503682
2022,Moray,0.123523266,0.167154481,,0.097671129,0.122847993,0.087174619,-0.060079849,0.128892859
2022,North Ayrshire,0.228144225,0.305265315,,0.306975742,0.265713883,0.251418763,-0.026133302,0.310533978
2022,North Lanarkshire,0.140706566,0.218680822,,0.214103366,0.17938985,0.183016451,-0.033475911,0.229171805
2022,Orkney Islands,0.028575179,0.154793372,,-0.028201014,0.100620567,0.088452651,-0.08620844,0.168021952
2022,Perth and Kinross,0.24021762,0.284907018,,0.251963234,0.181012205,0.249253216,-0.125875639,0.284963839
2022,Renfrewshire,0.284445622,0.356471878,,0.338943256,0.319737333,0.317569979,0.072556974,0.352331178
2022,Scottish Borders,0.221849156,0.234926223,,0.22383605,0.200213872,0.195825862,-0.158372971,0.22869885
2022,Shetland Islands,0.108557131,0.056777425,,0.031081243,0.032783992,0.084483548,-0.115248614,0.098529674
2022,South Ayrshire,0.228443534,0.34132644,,0.301696057,0.277880378,0.3051207,-0.109053457,0.331595134
2022,South Lanarkshire,0.180998598,0.270961859,,0.257598264,0.202465329,0.169949003,-0.078527441,0.26843292
2022,Stirling,0.198388955,0.35561644,,0.350479134,0.329192689,0.295886816,0.081589998,0.353206662
2022,West Dunbartonshire,0.104224576,0.221075271,,0.160782806,0.183864229,0.175080612,0.061995705,0.21114146
2022,West Lothian,0.234860561,0.286563632,,0.276821111,0.206553339,0.23723165,-0.043273943,0.275049975
2023,Aberdeen City,0.299745614,0.335663806,,0.33827675,0.337036769,0.305149292,-0.137125035,0.335048071
2023,Aberdeenshire,0.250025383,0.29653762,,0.268489786,0.226271388,0.085665455,-0.145085818,0.281346682
2023,Angus,0.272011968,0.309871848,,0.284484716,0.277320582,0.18890531,-0.177889318,0.292554158
2023,Argyll and Bute,0.228957781,0.176916862,,0.170467185,0.163166842,0.165723197,-0.191849677,0.250959273
2023,Clackmannanshire,0.246496555,0.264293081,,0.262792557,0.251487593,0.156032185,-0.069011664,0.25141895
2023,Dumfries and Galloway,0.176549885,0.220118081,,0.220031666,0.15867497,0.128606422,-0.032688936,0.208604941
2023,Dundee City,0.265619126,0.306130223,,0.316288211,0.282768784,0.230578708,-0.017403694,0.273913176
2023,East Ayrshire,0.197323582,0.26624296,,0.278837045,0.244058771,0.227246077,-0.088695863,0.275387827
2023,East Dunbartonshire,0.264982181,0.366714173,,0.351183733,0.351265847,0.341144317,0.034737674,0.35479476
2023,East Lothian,0.021053428,0.220761453,,0.221374836,0.174761349,0.174414024,-0.012820027,0.19061809
2023,East Renfrewshire,0.390004303,0.415434455,,0.364475197,0.362707803,0.30491634,-0.029353142,0.401436243
2023,"Edinburgh, City of",0.306636302,0.425770159,,0.419420496,0.352426534,0.37045691,0.015596859,0.435160373
2023,Eilean Siar,0.004319644,0.084286789,,0.088471282,0.072346442,0.051910583,-0.058294867,0.096755606
2023,Falkirk,0.188466621,0.267130607,,0.249117694,0.167735416,0.234353175,-0.098887959,0.244912735
2023,Fife,0.290034333,0.343091178,,0.338040505,0.29889756,0.274481081,0.054708469,0.356090939
2023,Glasgow City,0.175870563,0.23328512,,0.276665982,0.209888072,0.260844914,-0.01894678,0.280505551
2023,Highland,0.195899113,0.239999124,,0.243768974,0.204011405,0.196130993,-0.093135661,0.247066348
2023,Inverclyde,0.241887611,0.344460875,,0.315431291,0.252348513,0.281212136,0.049950732,0.364235049
2023,Midlothian,0.157523074,0.277933053,,0.28066912,0.244676925,0.172294729,-0.102829203,0.257021452
2023,Moray,0.130048291,0.163003138,,0.112001411,0.088637671,0.084121187,-0.058121995,0.112525752
2023,North Ayrshire,0.210747314,0.296654243,,0.307960429,0.269566347,0.263021287,-0.034677638,0.293882491
2023,North Lanarkshire,0.143296107,0.212837042,,0.214911607,0.17698631,0.188905883,-0.032614714,0.22548763
2023,Orkney Islands,0.075265659,0.105544725,,0.024619295,0.135143131,0.08620844,-0.088452651,0.171871691
2023,Perth and Kinross,0.249647876,0.281371198,,0.263067068,0.243406186,0.241461583,-0.132996846,0.282326518
2023,Renfrewshire,0.279188309,0.350144787,,0.327307457,0.32629179,0.307710961,0.065951974,0.351605313
2023,Scottish Borders,0.202801556,0.240306528,,0.228603551,0.21825868,0.183982311,-0.147111829,0.220021352
2023,Shetland Islands,0.098055195,0.063674132,,0.027099226,-0.053430471,0.103414086,-0.109817774,0.07661535
2023,South Ayrshire,0.2126891,0.330635289,,0.313033777,0.239871861,0.251446047,-0.132308876,0.328651954
2023,South Lanarkshire,0.183599534,0.260956004,,0.253875328,0.225616784,0.189959791,-0.088164312,0.269788274
2023,Stirling,0.277093813,0.353168273,,0.348359477,0.317199933,0.301966337,0.078727865,0.360026729
2023,West Dunbartonshire,-0.080164109,0.210399678,,0.175579465,0.197856899,0.126795694,0.056630282,0.178328192
2023,West Lothian,0.225672231,0.29159818,,0.273172174,0.182384563,0.235630196,-0.053612873,0.274053127
2011,Scotland,0.198921705,,,,,0.179612834,-0.016199621,0.236975045
2012,Scotland,0.18864381,,,,,0.191699455,-0.029468231,0.239011147
2013,Scotland,0.181656568,,,0.256855221,,0.208976923,-0.04334525,0.245519269
2014,Scotland,0.190334952,0.259673019,,0.251165665,,0.207200367,-0.049482573,0.200743893
2015,Scotland,0.191868525,0.261872311,,0.250857375,,0.195277962,-0.050642739,0.228224413
2016,Scotland,0.197287924,0.267091636,,0.24794309,0.230539894,0.204529389,-0.054701498,0.240401417
2017,Scotland,0.195548602,0.27151373,,0.250474093,0.230539894,0.208487167,-0.060511741,0.252319143
2018,Scotland,0.201574335,0.276468649,,0.251962973,0.225913444,0.204892514,-0.058687712,0.264493546
2019,Scotland,0.205818858,0.28005514,,0.254961796,0.231486862,0.217471309,-0.061406807,0.269473069
2020,Scotland,0.220877443,0.270221374,,0.254986749,0.229508726,0.208356191,-0.05947906,0.271208482
2021,Scotland,0.208823502,0.271899161,,0.252668448,0.226817229,0.218003129,-0.055720266,0.271951113
2022,Scotland,0.209685569,0.27005271,,0.253387388,0.222033517,0.218627631,-0.055720266,0.271777787
2023,Scotland,0.198570184,0.266559242,,0.254345326,0.226363119,0.209001918,-0.056192917,0.266740693
