year,la,Crime Rate,Child Poverty,Out of Work Benefits,S4 Tariff Score,Positive Destinations,Emergency Admissions,Depopulation,Early Mortality
2004,Aberdeen City,0.39083612,NA,-0.056250955,0.168902385,NA,0.241494182,0.050195896,NA
2004,Aberdeenshire,0.269056749,NA,-0.087670772,0.238903894,NA,0.191481717,-0.122966963,NA
2004,Angus,0.308464881,NA,-0.181431096,0.257933867,NA,0.160559706,-0.097353316,NA
2004,Argyll and Bute,0.256312065,NA,-0.051148431,0.222748242,NA,0.083413614,-0.024413236,NA
2004,Clackmannanshire,0.362945368,NA,0.087832044,0.310631624,NA,0.158540048,-0.009561835,NA
2004,Dumfries and Galloway,0.251455597,NA,-0.087840784,0.176973603,NA,0.167407006,-0.059121562,NA
2004,Dundee City,0.313583004,NA,-0.043468767,0.304192118,NA,0.217317166,0.021732003,NA
2004,East Ayrshire,0.309018551,NA,-0.002477055,0.318009394,NA,0.184682796,-0.029904455,NA
2004,East Dunbartonshire,0.376164853,NA,-0.211203873,0.37935809,NA,0.318912968,0.032145282,NA
2004,East Lothian,0.253705701,NA,-0.162300053,0.236277778,NA,0.12490218,0.010179656,NA
2004,East Renfrewshire,0.425311868,NA,-0.183284505,0.36555762,NA,0.281570144,-0.015832735,NA
2004,"Edinburgh, City of",0.404149979,NA,-0.028684894,0.394246501,NA,0.279254987,0.128787789,NA
2004,Eilean Siar,0.002080214,NA,0.025507357,0.021251104,NA,-0.011308328,-0.017063926,NA
2004,Falkirk,0.268272861,NA,-0.070931118,0.239511026,NA,0.16774622,-0.025440301,NA
2004,Fife,0.325625431,NA,-0.059467927,0.320001944,NA,0.141910844,-0.061551074,NA
2004,Glasgow City,0.268946534,NA,0.124575596,0.279145811,NA,0.175827182,-0.034435376,NA
2004,Highland,0.250161447,NA,-0.118345335,0.233916922,NA,0.166650245,0.031287217,NA
2004,Inverclyde,0.35857959,NA,0.016021327,0.306090829,NA,0.190368394,-0.232895481,NA
2004,Midlothian,0.257725959,NA,-0.092688861,0.242252325,NA,0.163701043,-0.036750745,NA
2004,Moray,0.159077088,NA,-0.127335107,0.152460386,NA,0.037397547,-0.051732659,NA
2004,North Ayrshire,0.318923817,NA,-0.05199767,0.298366211,NA,0.152075088,-0.040261599,NA
2004,North Lanarkshire,0.276810183,NA,0.052877133,0.260626538,NA,0.160623626,-0.011081138,NA
2004,Orkney Islands,0.159139495,NA,-0.08088743,0.089351993,NA,0.024988549,-0.139177259,NA
2004,Perth and Kinross,0.276033794,NA,-0.140303102,0.24360072,NA,0.109988632,-0.032314205,NA
2004,Renfrewshire,0.412715808,NA,-0.087159244,0.398304683,NA,0.293261111,-0.040983684,NA
2004,Scottish Borders,0.245854141,NA,-0.117107634,0.165943262,NA,0.099769832,-0.151528862,NA
2004,Shetland Islands,0.131692576,NA,-0.049000993,0.013989831,NA,0.041977247,-0.068942373,NA
2004,South Ayrshire,0.330744553,NA,-0.079653105,0.303620853,NA,0.269787478,0.038169935,NA
2004,South Lanarkshire,0.304147264,NA,-0.025412002,0.283482162,NA,0.19635558,-0.052750332,NA
2004,Stirling,0.340939573,NA,-0.107736773,0.375088708,NA,0.255448763,-0.140447976,NA
2004,West Dunbartonshire,0.266444293,NA,0.083977928,0.249916524,NA,0.168619403,0.03626504,NA
2004,West Lothian,0.307067462,NA,-0.092081938,0.275311912,NA,0.128884078,0.081800367,NA
2005,Aberdeen City,NA,NA,-0.04753301,0.190868828,NA,0.255403894,0.068412754,NA
2005,Aberdeenshire,NA,NA,-0.065265856,0.208308647,NA,0.20972446,-0.107365921,NA
2005,Angus,NA,NA,-0.175035306,0.267026178,NA,0.136245322,-0.098626657,NA
2005,Argyll and Bute,NA,NA,-0.067320766,0.197058458,NA,0.169983209,-0.028950696,NA
2005,Clackmannanshire,NA,NA,0.011033001,0.258656412,NA,0.175276198,0.013538975,NA
2005,Dumfries and Galloway,NA,NA,-0.105545471,0.222848782,NA,0.157634305,-0.065920431,NA
2005,Dundee City,NA,NA,-0.048322694,0.324209531,NA,0.208504538,0.016006245,NA
2005,East Ayrshire,NA,NA,0.009374306,0.326101497,NA,0.228080184,0.000637584,NA
2005,East Dunbartonshire,NA,NA,-0.220747957,0.390972297,NA,0.344412777,0.027654846,NA
2005,East Lothian,NA,NA,-0.166560178,0.227069795,NA,0.141244432,0.028354661,NA
2005,East Renfrewshire,NA,NA,-0.171355084,0.314582339,NA,0.32725297,-0.020791085,NA
2005,"Edinburgh, City of",NA,NA,-0.010175419,0.366487922,NA,0.313176642,0.11229112,NA
2005,Eilean Siar,NA,NA,-0.009844849,0.007934602,NA,0.012543616,-0.017063926,NA
2005,Falkirk,NA,NA,-0.085988398,0.286750245,NA,0.137971119,-0.036798093,NA
2005,Fife,NA,NA,-0.062212673,0.276587599,NA,0.154654407,-0.042500848,NA
2005,Glasgow City,NA,NA,0.107220203,0.248607817,NA,0.198063513,-0.029418398,NA
2005,Highland,NA,NA,-0.13241042,0.232641754,NA,0.153393396,0.045161621,NA
2005,Inverclyde,NA,NA,0.012258154,0.330609748,NA,0.204417202,-0.241210028,NA
2005,Midlothian,NA,NA,-0.090751882,0.271102198,NA,0.1964496,-0.037193928,NA
2005,Moray,NA,NA,-0.123785702,0.171357516,NA,0.10817564,-0.040743977,NA
2005,North Ayrshire,NA,NA,-0.073655309,0.323025389,NA,0.138842255,-0.033482609,NA
2005,North Lanarkshire,NA,NA,0.043471327,0.240269947,NA,0.143650386,-0.00251289,NA
2005,Orkney Islands,NA,NA,-0.02090318,-0.050442651,NA,0.055219371,-0.139177259,NA
2005,Perth and Kinross,NA,NA,-0.131481559,0.275437349,NA,0.128879703,-0.024381274,NA
2005,Renfrewshire,NA,NA,-0.10522225,0.385425003,NA,0.31100758,-0.000490006,NA
2005,Scottish Borders,NA,NA,-0.119219518,0.205459042,NA,0.08808672,-0.135556394,NA
2005,Shetland Islands,NA,NA,-0.019300802,0.126316112,NA,0.057425456,-0.068942373,NA
2005,South Ayrshire,NA,NA,-0.093575145,0.330568266,NA,0.223211081,0.055644818,NA
2005,South Lanarkshire,NA,NA,-0.060784596,0.317380456,NA,0.201583709,-0.046553018,NA
2005,Stirling,NA,NA,-0.083712969,0.398294112,NA,0.254610262,-0.098026765,NA
2005,West Dunbartonshire,NA,NA,0.068468108,0.240246319,NA,0.116558488,0.026223957,NA
2005,West Lothian,NA,NA,-0.097369418,0.265972721,NA,0.115784201,0.089242986,NA
2006,Aberdeen City,NA,NA,0.000640435,0.228553028,NA,0.278411887,0.101484837,NA
2006,Aberdeenshire,NA,NA,-0.039980973,0.208942047,NA,0.15918703,-0.106109973,NA
2006,Angus,NA,NA,-0.173285578,0.26268303,NA,0.132343214,-0.063088941,NA
2006,Argyll and Bute,NA,NA,-0.068322929,0.177346119,NA,0.176669115,-0.019663568,NA
2006,Clackmannanshire,NA,NA,0.014750982,0.334699202,NA,0.137632074,0.018392878,NA
2006,Dumfries and Galloway,NA,NA,-0.095626346,0.203814122,NA,0.15849004,-0.071016539,NA
2006,Dundee City,NA,NA,-0.058889013,0.315320355,NA,0.238489453,0.015067958,NA
2006,East Ayrshire,NA,NA,0.014089463,0.320060696,NA,0.187099015,0.036062912,NA
2006,East Dunbartonshire,NA,NA,-0.225936501,0.347875067,NA,0.385056869,0.005434799,NA
2006,East Lothian,NA,NA,-0.1569045,0.233224362,NA,0.172443179,0.046919772,NA
2006,East Renfrewshire,NA,NA,-0.155100499,0.383894237,NA,0.314956656,0.001627824,NA
2006,"Edinburgh, City of",NA,NA,0.001770657,0.370220424,NA,0.288328198,0.099860728,NA
2006,Eilean Siar,NA,NA,-0.01537541,0.001724453,NA,0.004867863,-0.020123344,NA
2006,Falkirk,NA,NA,-0.104584909,0.28541139,NA,0.171830129,-0.046957909,NA
2006,Fife,NA,NA,-0.059569358,0.286844929,NA,0.179129238,-0.033047577,NA
2006,Glasgow City,NA,NA,0.087345377,0.259207098,NA,0.167216445,-0.032624848,NA
2006,Highland,NA,NA,-0.140290496,0.235916784,NA,0.178017483,0.049951059,NA
2006,Inverclyde,NA,NA,-0.019165653,0.35079932,NA,0.222903919,-0.252759571,NA
2006,Midlothian,NA,NA,-0.108726825,0.240007891,NA,0.223234213,-0.06757691,NA
2006,Moray,NA,NA,-0.116802898,0.171575978,NA,0.119008923,-0.037499673,NA
2006,North Ayrshire,NA,NA,-0.061894433,0.325342503,NA,0.182600064,-0.010999792,NA
2006,North Lanarkshire,NA,NA,0.015240316,0.273814644,NA,0.149559806,0.003340974,NA
2006,Orkney Islands,NA,NA,-0.015277045,0.048719554,NA,0.072356188,-0.139177259,NA
2006,Perth and Kinross,NA,NA,-0.1241587,0.25786815,NA,0.115702789,-0.025501393,NA
2006,Renfrewshire,NA,NA,-0.105973613,0.403668237,NA,0.312040126,0.016119402,NA
2006,Scottish Borders,NA,NA,-0.121546023,0.19635432,NA,0.11495319,-0.133876232,NA
2006,Shetland Islands,NA,NA,-0.017192645,0.081825168,NA,0.105665327,-0.079136161,NA
2006,South Ayrshire,NA,NA,-0.103497492,0.325759832,NA,0.229577671,0.062868364,NA
2006,South Lanarkshire,NA,NA,-0.07654619,0.292050828,NA,0.212479783,-0.033064588,NA
2006,Stirling,NA,NA,-0.083603662,0.312613687,NA,0.239418693,-0.096229573,NA
2006,West Dunbartonshire,NA,NA,0.072805475,0.217950598,NA,0.168348947,0.010534642,NA
2006,West Lothian,NA,NA,-0.094932292,0.290136631,NA,0.156016225,0.095360044,NA
2007,Aberdeen City,0.389353389,NA,0.026045406,0.194866123,0.139306296,0.235568392,0.112459799,NA
2007,Aberdeenshire,0.261149061,NA,-0.009523056,0.223598069,0.0870947,0.181658449,-0.117786116,NA
2007,Angus,0.325103675,NA,-0.172695102,0.256911787,0.139036965,0.139468544,-0.03163889,NA
2007,Argyll and Bute,0.258467769,NA,-0.050493911,0.209340214,0.117870373,0.161199124,-0.013171916,NA
2007,Clackmannanshire,0.321397149,NA,-0.052609867,0.280735392,0.215131448,0.209147028,0.001986115,NA
2007,Dumfries and Galloway,0.217044006,NA,-0.121407106,0.19211111,0.119602236,0.11771239,-0.065200924,NA
2007,Dundee City,0.311583376,NA,-0.066798707,0.292259685,0.19600928,0.213857611,0.034980629,NA
2007,East Ayrshire,0.27271408,NA,-0.0128039,0.290235512,0.238479025,0.214264828,0.02691829,NA
2007,East Dunbartonshire,0.375595505,NA,-0.188441638,0.355123014,0.178221336,0.329215622,-0.012438967,NA
2007,East Lothian,0.24764783,NA,-0.133888882,0.202350359,0.179380191,0.147019284,0.033082513,NA
2007,East Renfrewshire,0.380600704,NA,-0.113704722,0.328829959,0.181651766,0.310654091,0.037159698,NA
2007,"Edinburgh, City of",0.387900242,NA,0.013447274,0.353431863,0.194448698,0.296793972,0.089033076,NA
2007,Eilean Siar,-0.003141136,NA,-0.071419375,0.030790617,0.017628444,-0.01460628,-0.020252887,NA
2007,Falkirk,0.282559788,NA,-0.11708289,0.284574858,0.19018314,0.196302295,-0.066902551,NA
2007,Fife,0.32307765,NA,-0.077585031,0.265030214,0.215538284,0.175797859,-0.036329105,NA
2007,Glasgow City,0.252930578,NA,0.02183381,0.241018357,0.147903492,0.183086615,-0.041672081,NA
2007,Highland,0.242085299,NA,-0.135164225,0.254459136,0.151538206,0.13482085,0.047640877,NA
2007,Inverclyde,0.305169196,NA,-0.022405106,0.345829078,0.207142044,0.244920383,-0.217144444,NA
2007,Midlothian,0.268088671,NA,-0.135766106,0.239503461,0.143273284,0.213006095,-0.078690739,NA
2007,Moray,0.176005503,NA,-0.08145357,0.176591196,0.139843656,0.073651587,-0.035436705,NA
2007,North Ayrshire,0.300328296,NA,-0.092089426,0.293378424,0.203303062,0.175976258,-0.031483438,NA
2007,North Lanarkshire,0.273385898,NA,-0.00779895,0.269645601,0.127232678,0.155211046,-0.010136577,NA
2007,Orkney Islands,0.046463176,NA,0.019392511,0.035671876,0.05781146,-0.018301197,-0.167848233,NA
2007,Perth and Kinross,0.27692207,NA,-0.100976539,0.251254537,0.159438962,0.15560438,-0.046589098,NA
2007,Renfrewshire,0.373040214,NA,-0.115895294,0.369980423,0.280652236,0.265651977,0.010424228,NA
2007,Scottish Borders,0.221255369,NA,-0.104785085,0.222427333,0.139268215,0.087278737,-0.116090482,NA
2007,Shetland Islands,0.143900734,NA,0.051075511,0.092774224,0.028856632,0.030953326,-0.091620417,NA
2007,South Ayrshire,0.298779151,NA,-0.107291121,0.301938814,0.190115411,0.254654106,0.051440539,NA
2007,South Lanarkshire,0.295898052,NA,-0.115674946,0.305776161,0.145674814,0.195356096,-0.044287215,NA
2007,Stirling,0.321388976,NA,-0.067636766,0.355468311,0.244393566,0.256368364,-0.069435952,NA
2007,West Dunbartonshire,0.266581101,NA,0.037895018,0.228182607,0.148050741,0.175577142,0.012967697,NA
2007,West Lothian,0.322894478,NA,-0.092715322,0.265602375,0.177868312,0.166536156,0.065833601,NA
2008,Aberdeen City,NA,NA,-0.010326177,0.178308501,0.155466873,0.235568392,0.122469497,NA
2008,Aberdeenshire,NA,NA,-0.032018899,0.230636111,0.041472797,0.181658449,-0.117416237,NA
2008,Angus,NA,NA,-0.195467776,0.216231491,0.133744324,0.139468544,-0.012305869,NA
2008,Argyll and Bute,NA,NA,-0.084649412,0.178099608,0.095191301,0.161199124,-0.014365384,NA
2008,Clackmannanshire,NA,NA,-0.045750333,0.289639863,0.268708334,0.209147028,-0.017016058,NA
2008,Dumfries and Galloway,NA,NA,-0.130654847,0.202127422,0.175457567,0.11771239,-0.06136432,NA
2008,Dundee City,NA,NA,-0.079149495,0.30192339,0.213508098,0.213857611,0.028826468,NA
2008,East Ayrshire,NA,NA,-0.041874167,0.294973432,0.139815744,0.214264828,0.044509601,NA
2008,East Dunbartonshire,NA,NA,-0.19721735,0.392114772,0.144614708,0.329215622,-0.011264761,NA
2008,East Lothian,NA,NA,-0.147533572,0.18798121,0.091414374,0.147019284,0.029500363,NA
2008,East Renfrewshire,NA,NA,-0.121549029,0.351656727,0.205383737,0.310654091,0.028690607,NA
2008,"Edinburgh, City of",NA,NA,-0.018140905,0.307792435,0.186016026,0.296793972,0.076164557,NA
2008,Eilean Siar,NA,NA,-0.034815987,0.059598616,0.008969111,-0.01460628,-0.020252887,NA
2008,Falkirk,NA,NA,-0.135584064,0.275901946,0.175865867,0.196302295,-0.064419807,NA
2008,Fife,NA,NA,-0.08023569,0.265614512,0.122747964,0.175797859,-0.033889759,NA
2008,Glasgow City,NA,NA,0.039499447,0.251592843,0.156339434,0.183086615,-0.040348718,NA
2008,Highland,NA,NA,-0.13649202,0.211064725,0.143134475,0.13482085,0.046724573,NA
2008,Inverclyde,NA,NA,-0.011852976,0.280835049,0.150443605,0.244920383,-0.22834456,NA
2008,Midlothian,NA,NA,-0.122221561,0.263401442,0.170332878,0.213006095,-0.083529961,NA
2008,Moray,NA,NA,-0.071190503,0.162698627,0.090963009,0.073651587,-0.037967047,NA
2008,North Ayrshire,NA,NA,-0.095081904,0.301920913,0.207460742,0.175976258,-0.015737916,NA
2008,North Lanarkshire,NA,NA,0.004391635,0.266603219,0.172479282,0.155211046,-0.007879621,NA
2008,Orkney Islands,NA,NA,0.01558866,0.080793703,-0.072831808,-0.018301197,-0.167848233,NA
2008,Perth and Kinross,NA,NA,-0.107531499,0.259047773,0.114007036,0.15560438,-0.031641687,NA
2008,Renfrewshire,NA,NA,-0.10461325,0.364938816,0.301801783,0.265651977,0.017240723,NA
2008,Scottish Borders,NA,NA,-0.127335962,0.214871117,0.133546647,0.087278737,-0.118510411,NA
2008,Shetland Islands,NA,NA,-0.00521164,0.094744684,-0.004024943,0.030953326,-0.089414801,NA
2008,South Ayrshire,NA,NA,-0.115755931,0.341047789,0.252597913,0.254654106,0.052877154,NA
2008,South Lanarkshire,NA,NA,-0.107844148,0.295278263,0.122620329,0.195356096,-0.042229489,NA
2008,Stirling,NA,NA,-0.083851483,0.322268454,0.230695698,0.256368364,-0.052939998,NA
2008,West Dunbartonshire,NA,NA,0.066115324,0.224287364,0.14336216,0.175577142,0.028243325,NA
2008,West Lothian,NA,NA,-0.112416215,0.267669631,0.219726021,0.166536156,0.054676957,NA
2009,Aberdeen City,NA,0.296641354,-0.04299587,0.166980993,0.107508922,0.220349724,0.118064167,NA
2009,Aberdeenshire,NA,0.37128871,-0.05500583,0.229091951,0.0320475,0.192812584,-0.131466847,NA
2009,Angus,NA,0.357595131,-0.181790793,0.224695201,0.163185978,0.117535402,-0.028545606,NA
2009,Argyll and Bute,NA,0.318894871,-0.064414192,0.214605668,0.17701796,0.169666143,-0.02836242,NA
2009,Clackmannanshire,NA,0.413179124,-0.038967037,0.306353513,0.254934051,0.087094795,-0.021646357,NA
2009,Dumfries and Galloway,NA,0.303055974,-0.102238212,0.183744537,0.143696784,0.138242064,-0.051312591,NA
2009,Dundee City,NA,0.374573544,-0.055265386,0.291218958,0.148759189,0.206405899,0.012832186,NA
2009,East Ayrshire,NA,0.375989108,-0.032354435,0.32243121,0.237410788,0.192540236,0.041648739,NA
2009,East Dunbartonshire,NA,0.450358449,-0.208008881,0.355718369,0.173506223,0.354700251,0.003811993,NA
2009,East Lothian,NA,0.3222076,-0.124573934,0.189692281,0.135944571,0.170769011,0.00451912,NA
2009,East Renfrewshire,NA,0.437380716,-0.177800059,0.325630462,0.117780816,0.248274384,0.051007025,NA
2009,"Edinburgh, City of",NA,0.479951933,-0.052306465,0.316647771,0.23532798,0.25237658,0.062797617,NA
2009,Eilean Siar,NA,0.057107162,-0.075413208,0.035571754,-0.012756651,-0.012877149,-0.044166104,NA
2009,Falkirk,NA,0.380320268,-0.09830617,0.279967569,0.179023331,0.151398168,-0.080701124,NA
2009,Fife,NA,0.406048174,-0.062519458,0.263192131,0.173804372,0.17167015,-0.044286766,NA
2009,Glasgow City,NA,0.360960054,0.075349894,0.219385054,0.145267882,0.181691591,-0.041963485,NA
2009,Highland,NA,0.320382106,-0.130377745,0.199377188,0.117992473,0.132435704,0.032767434,NA
2009,Inverclyde,NA,0.407705354,-0.006834653,0.297517156,0.219226217,0.255909932,-0.210425568,NA
2009,Midlothian,NA,0.34193702,-0.119632416,0.218017895,0.182672817,0.134095045,-0.107786285,NA
2009,Moray,NA,0.260586709,-0.076461971,0.145847626,0.131793126,0.063615716,-0.052564682,NA
2009,North Ayrshire,NA,0.387379474,-0.083193387,0.29106278,0.168416745,0.234179706,-0.007173871,NA
2009,North Lanarkshire,NA,0.357639177,0.0255993,0.263039965,0.180849578,0.153212554,-0.026451754,NA
2009,Orkney Islands,NA,0.171317506,-0.032215588,-0.066649998,0.027463538,-0.000815032,-0.166276673,NA
2009,Perth and Kinross,NA,0.312598692,-0.140569219,0.207429028,0.079534333,0.211824366,-0.0223795,NA
2009,Renfrewshire,NA,0.473319317,-0.108135899,0.378532933,0.240588143,0.316851588,0.014586916,NA
2009,Scottish Borders,NA,0.267143548,-0.121365218,0.186785038,0.073813575,0.095723247,-0.148801141,NA
2009,Shetland Islands,NA,0.177004682,0.005879823,0.102343966,0.038952346,0.062818645,-0.07791896,NA
2009,South Ayrshire,NA,0.382702062,-0.067675922,0.2663224,0.139198186,0.207473203,0.04846947,NA
2009,South Lanarkshire,NA,0.378049399,-0.0779298,0.281610673,0.125490319,0.195401885,-0.056585179,NA
2009,Stirling,NA,0.423029823,-0.100083236,0.319570306,0.238547824,0.285453792,-0.036600556,NA
2009,West Dunbartonshire,NA,0.356257483,0.080830401,0.21463213,0.107717592,0.150984138,0.02345288,NA
2009,West Lothian,NA,0.378324788,-0.105115015,0.236287406,0.170521074,0.193579248,0.046811322,NA
2010,Aberdeen City,0.370674803,0.286589391,-0.041588047,0.192867648,0.072157299,0.252266583,0.109282495,0.313814638
2010,Aberdeenshire,0.299805702,0.355248496,-0.046015101,0.222464788,0.069015802,0.153745791,-0.113218493,0.285459629
2010,Angus,0.301945132,0.336866562,-0.170836392,0.18859917,0.042534846,0.131346557,-0.031367081,0.259464498
2010,Argyll and Bute,0.272163904,0.343178449,-0.130708222,0.221784492,0.185653855,0.194122411,-0.021965331,0.204306779
2010,Clackmannanshire,0.330836941,0.385089927,-0.054882539,0.263564433,0.159445084,0.160298557,-0.021646357,0.230436655
2010,Dumfries and Galloway,0.226418244,0.284871763,-0.101765971,0.143404711,0.120192182,0.130822018,-0.053940595,0.164402221
2010,Dundee City,0.300896939,0.364968244,-0.032836554,0.291502818,0.081449849,0.211990374,0.010125013,0.180418978
2010,East Ayrshire,0.29529389,0.388106991,-0.03740577,0.29139309,0.181668485,0.185737487,0.024572294,0.075791901
2010,East Dunbartonshire,0.359028563,0.432849921,-0.207547779,0.34307402,0.156668824,0.321037221,0.003191511,0.040061793
2010,East Lothian,0.246960767,0.321086289,-0.132951368,0.201765435,0.176541795,0.155649226,-0.000122122,-0.068703534
2010,East Renfrewshire,0.398821567,0.455244105,-0.150291287,0.337243734,0.228726225,0.190882674,0.043909807,0.265365827
2010,"Edinburgh, City of",0.372584638,0.452426096,-0.049384939,0.289088859,0.174990906,0.290407798,0.054233097,0.125264367
2010,Eilean Siar,0.035269421,0.083838518,-0.007921208,-0.014589027,-0.057035292,-0.001457924,-0.038239345,-0.013207787
2010,Falkirk,0.302389971,0.370078596,-0.14082217,0.255617052,0.120059263,0.146214205,-0.083720789,0.000221823
2010,Fife,0.336467724,0.398953281,-0.082722627,0.235297504,0.138357096,0.195631179,-0.0467063,0.18482781
2010,Glasgow City,0.228600297,0.334995633,0.039418145,0.199924097,0.121256686,0.181399085,-0.049835105,0.088971449
2010,Highland,0.249701869,0.312319597,-0.151016537,0.215723958,0.119757967,0.162639458,0.034126335,0.064739604
2010,Inverclyde,0.283094599,0.388661015,-0.006971146,0.295216497,0.081076855,0.229118329,-0.205069244,0.349180379
2010,Midlothian,0.279099272,0.333044813,-0.098062557,0.226116262,0.150097841,0.2124582,-0.110590478,0.213383168
2010,Moray,0.185391373,0.237740342,-0.105787996,0.163811734,0.104293995,0.126241189,-0.054868986,0.10628224
2010,North Ayrshire,0.30221641,0.37401861,-0.080648714,0.287379656,0.103880307,0.180463289,-0.002739712,0.309116725
2010,North Lanarkshire,0.278721457,0.34198504,0.000373187,0.237594135,0.160635013,0.144527347,-0.02261939,0.188444987
2010,Orkney Islands,0.160762346,0.195566669,-0.056685218,0.00934668,0.055169605,0.127084075,-0.166276673,0.124397529
2010,Perth and Kinross,0.257673361,0.317982536,-0.172060885,0.232375606,0.058429768,0.167109327,-0.011849182,0.265331625
2010,Renfrewshire,0.365692716,0.445783155,-0.112812381,0.335774001,0.198164431,0.291108943,0.017948169,0.337259869
2010,Scottish Borders,0.245610047,0.279573222,-0.155197224,0.233874719,0.067418978,0.133101855,-0.149686727,0.183620683
2010,Shetland Islands,0.130047668,0.182678574,0.057010064,0.112341818,0.05253889,0.129579815,-0.079515947,-0.021770731
2010,South Ayrshire,0.301662209,0.371348685,-0.077421022,0.236017581,0.134070404,0.18609872,0.064517822,0.282207301
2010,South Lanarkshire,0.297753269,0.372709358,-0.085619565,0.280946933,0.158323534,0.192651886,-0.052946977,0.250642892
2010,Stirling,0.318073846,0.428077988,-0.093391926,0.368047958,0.212047627,0.269523434,-0.010181982,0.318238183
2010,West Dunbartonshire,0.233910592,0.308009144,0.060622881,0.202971445,0.132929645,0.135568718,0.03318064,0.209783665
2010,West Lothian,0.287669253,0.353293113,-0.116680726,0.260089699,0.1868401,0.188883469,0.043553706,0.238290911
2011,Aberdeen City,NA,0.289158869,-0.018262967,0.200451683,0.147237121,0.211662356,0.107897497,0.304712779
2011,Aberdeenshire,NA,0.365598697,-0.044983756,0.237719854,0.040544941,0.19332873,-0.112814759,0.289980428
2011,Angus,NA,0.343366423,-0.184819804,0.192788393,0.056811933,0.14613646,-0.027124317,0.247796551
2011,Argyll and Bute,NA,0.339278004,-0.106965208,0.223160002,0.188196112,0.183117477,-0.031537987,0.22735032
2011,Clackmannanshire,NA,0.396239055,-0.036380884,0.239620517,0.100026509,0.126395643,-0.030914324,0.220583161
2011,Dumfries and Galloway,NA,0.285398188,-0.112255053,0.147510283,0.054437563,0.144622147,-0.059385788,0.171000961
2011,Dundee City,NA,0.373019627,-0.052133571,0.317304838,0.033485426,0.220525313,0.012215132,0.169040962
2011,East Ayrshire,NA,0.385311778,-0.028281277,0.272543077,0.142727,0.221299487,0.01644166,0.048479791
2011,East Dunbartonshire,NA,0.431722922,-0.201249128,0.31535066,0.113344042,0.281619261,-0.005512275,0.048899448
2011,East Lothian,NA,0.317767318,-0.133684949,0.250229579,0.085051067,0.137973716,0.00280703,-0.083798828
2011,East Renfrewshire,NA,0.460151948,-0.131600708,0.357506387,0.079424963,0.251593282,0.060757193,0.256522413
2011,"Edinburgh, City of",NA,0.45500125,-0.04274009,0.277259686,0.102777673,0.295155109,0.050724526,0.120132725
2011,Eilean Siar,NA,0.098044521,-0.040158697,0.05379261,-0.039104289,0.008746224,-0.038239345,0.005173668
2011,Falkirk,NA,0.374360516,-0.128777915,0.266761097,0.087903217,0.177638984,-0.081600332,-0.002648183
2011,Fife,NA,0.400361146,-0.084465527,0.239405652,0.111363031,0.22936034,-0.053721074,0.180096862
2011,Glasgow City,NA,0.332630825,0.02358908,0.180050961,0.081765796,0.178406739,-0.055139812,0.085937999
2011,Highland,NA,0.312015203,-0.142648499,0.219144186,0.095564605,0.15979483,0.034209788,0.073846263
2011,Inverclyde,NA,0.389907397,0.027436253,0.275457533,0.100551398,0.259719152,-0.200802917,0.339675956
2011,Midlothian,NA,0.325170448,-0.111191769,0.200230999,0.110122154,0.193980883,-0.092112241,0.222070791
2011,Moray,NA,0.226373012,-0.097652785,0.14669846,0.102612459,0.109526465,-0.054866865,0.121418763
2011,North Ayrshire,NA,0.377571259,-0.066711073,0.25382295,0.058191189,0.184473006,-0.008814512,0.314457835
2011,North Lanarkshire,NA,0.34353179,-0.020957035,0.249292342,0.146119253,0.168956065,-0.022820791,0.192552562
2011,Orkney Islands,NA,0.245947175,-0.06669526,0.159366652,-0.042812842,0.068732481,-0.166276673,0.1131533
2011,Perth and Kinross,NA,0.310411272,-0.15818339,0.201173141,0.08713084,0.179522545,-0.000986238,0.257769712
2011,Renfrewshire,NA,0.447779369,-0.111192748,0.351120229,0.210128737,0.265946806,0.00336183,0.339280303
2011,Scottish Borders,NA,0.287076772,-0.15232323,0.21353873,0.095114281,0.111486493,-0.150423768,0.160386392
2011,Shetland Islands,NA,0.163975133,0.083689691,0.107573861,0.014954134,0.080359638,-0.07791896,0.040340684
2011,South Ayrshire,NA,0.370938045,-0.104293446,0.233223373,0.102659658,0.187619135,0.082198554,0.277466738
2011,South Lanarkshire,NA,0.368143601,-0.084460802,0.280571477,0.1302793,0.17144076,-0.050048534,0.246978493
2011,Stirling,NA,0.423491142,-8.46E-02,0.30463448,2.19E-01,0.319494095,3.75E-05,0.317806307
2011,West Dunbartonshire,NA,0.306247424,0.058429597,0.199128591,0.078134784,0.160742151,0.018997905,0.197877699
2011,West Lothian,NA,0.354955312,-0.108995565,0.227303982,0.187812255,0.187406741,0.041616162,0.248501162
2012,Aberdeen City,NA,0.284440697,0.005436487,0.182928707,0.156093623,0.253986928,0.111530368,0.300495423
2012,Aberdeenshire,NA,0.348845634,-0.020130804,0.238866824,0.012383682,0.168777871,-0.11853346,0.28293525
2012,Angus,NA,0.327941903,-0.18319042,0.162871173,0.044470399,0.148941037,-0.030291196,0.256741371
2012,Argyll and Bute,NA,0.325035486,-0.128103831,0.18061485,0.142659316,0.223612447,-0.030057931,0.209700507
2012,Clackmannanshire,NA,0.378644262,-0.064324129,0.253958803,0.223891504,0.180912435,-0.030914324,0.227925247
2012,Dumfries and Galloway,NA,0.274918127,-0.114054975,0.194292603,0.07886894,0.144294657,-0.063255609,0.182140536
2012,Dundee City,NA,0.361357626,-0.055038112,0.282200686,0.105384726,0.188752037,0.002348257,0.162769011
2012,East Ayrshire,NA,0.374800091,-0.014390344,0.299799434,0.0856276,0.212308652,0.016621975,0.052723751
2012,East Dunbartonshire,NA,0.415568817,-0.198403077,0.300635308,0.011805605,0.2555741,-0.004728494,0.051514795
2012,East Lothian,NA,0.306928417,-0.12239914,0.209472174,0.127028378,0.209438432,0.0089934,-0.083580394
2012,East Renfrewshire,NA,0.439050176,-0.111535502,0.325318809,0.129438973,0.282814091,0.051572579,0.240020126
2012,"Edinburgh, City of",NA,0.44671352,-0.036870974,0.307752719,0.182379524,0.274284376,0.055566172,0.12028487
2012,Eilean Siar,NA,0.097460267,-0.063228991,0.000739473,-0.037192606,0.008083832,-0.055163934,0.005894764
2012,Falkirk,NA,0.362600207,-0.093880031,0.267582182,0.109982436,0.198599638,-0.080760664,-0.019282104
2012,Fife,NA,0.397125261,-0.089747368,0.273517597,0.155604213,0.22943704,-0.053570252,0.186522522
2012,Glasgow City,NA,0.330121628,0.017135118,0.222860573,0.132727611,0.178839808,-0.058914403,0.083202742
2012,Highland,NA,0.299988783,-0.143994535,0.19967034,0.066074074,0.177340723,0.034424881,0.077449679
2012,Inverclyde,NA,0.389272436,0.015517872,0.282246538,0.154869317,0.257619944,-0.200575692,0.342309082
2012,Midlothian,NA,0.323933781,-0.104174861,0.242876921,0.102550513,0.209813352,-0.077495544,0.202884539
2012,Moray,NA,0.203198951,-0.092475956,0.163482149,0.071153024,0.123366947,-0.05866069,0.126472885
2012,North Ayrshire,NA,0.367765672,-0.070433789,0.253264691,0.169884858,0.208569057,-0.01547397,0.314896217
2012,North Lanarkshire,NA,0.332374925,-0.029003715,0.239577395,0.136981606,0.163749474,-0.02455019,0.196388097
2012,Orkney Islands,NA,0.198363603,-0.034809175,0.035759509,0.157541194,0.137998009,-0.166276673,0.154346208
2012,Perth and Kinross,NA,0.292320014,-0.166605347,0.216725961,0.098799298,0.202106914,0.00401674,0.262228737
2012,Renfrewshire,NA,0.43857474,-0.11650021,0.326164895,0.204344544,0.30190705,-0.001859752,0.3418727
2012,Scottish Borders,NA,0.260175124,-0.14389777,0.165014426,0.111808863,0.147046018,-0.157224321,0.181517645
2012,Shetland Islands,NA,0.171335075,0.089004556,0.030970982,-0.047271652,0.17048296,-0.07791896,0.050884555
2012,South Ayrshire,NA,0.35386482,-0.075209472,0.23205997,0.151890053,0.224157567,0.071381417,0.26965143
2012,South Lanarkshire,NA,0.361491162,-0.077687438,0.271659956,0.112101238,0.180318264,-0.052963421,0.244449859
2012,Stirling,NA,0.385955184,-0.102891237,0.277860861,0.24593008,0.287126595,-0.004880571,0.310868544
2012,West Dunbartonshire,NA,0.298688061,0.088583297,0.217098752,0.150443432,0.146075972,0.016835975,0.192383083
2012,West Lothian,NA,0.344980824,-0.104927926,0.220575674,0.151213633,0.178064809,0.043031048,0.249464583
2013,Aberdeen City,NA,0.416064417,0.016861903,NA,NA,0.291757866,-0.15131031,0.283228933
2013,Aberdeenshire,NA,0.36356245,-0.020457977,NA,NA,0.223344499,-0.195251815,0.283460745
2013,Angus,NA,0.342282381,-0.132246861,NA,NA,0.165385311,-0.075193594,0.272272688
2013,Argyll and Bute,NA,0.321457002,-0.081309519,NA,NA,0.245384375,-0.131790639,0.224899275
2013,Clackmannanshire,NA,0.412614075,0.104417775,NA,NA,0.182341601,-0.062162766,0.232615769
2013,Dumfries and Galloway,NA,0.307996694,-0.085844429,NA,NA,0.172804826,-0.105603391,0.245075926
2013,Dundee City,NA,0.389060665,-0.055229757,NA,NA,0.210937414,0.053048679,0.351375621
2013,East Ayrshire,NA,0.378942371,-0.043301485,NA,NA,0.215654163,0.060648778,0.213008059
2013,East Dunbartonshire,NA,0.449143667,-0.209312163,NA,NA,0.331403091,-0.011467585,0.385109666
2013,East Lothian,NA,0.328651902,-0.042637787,NA,NA,0.223406326,0.024529329,0.420447101
2013,East Renfrewshire,NA,0.45702952,-0.09658762,NA,NA,0.310966136,-0.051663155,0.032330287
2013,"Edinburgh, City of",NA,0.482038883,0.024000759,NA,NA,0.311289236,-0.086313074,0.220549544
2013,Eilean Siar,NA,0.094175451,-0.002477731,NA,NA,0.05369089,-0.058523838,0.332557315
2013,Falkirk,NA,0.378323798,-0.063994452,NA,NA,0.191874675,-0.031395551,0.241178579
2013,Fife,NA,0.423470566,-0.051746481,NA,NA,0.22611801,-0.113949021,0.22745162
2013,Glasgow City,NA,0.36587635,0.038701303,NA,NA,0.190158839,-0.119483818,0.356511096
2013,Highland,NA,0.327988111,-0.101363145,NA,NA,0.194058626,-0.113665088,0.24401731
2013,Inverclyde,NA,0.417398748,-0.048330144,NA,NA,0.258257122,0.001699766,0.134084005
2013,Midlothian,NA,0.350638039,-0.145435525,NA,NA,0.189479996,0.034842623,0.308366315
2013,Moray,NA,0.250152771,-0.06416854,NA,NA,0.057735156,-0.039106284,0.19570029
2013,North Ayrshire,NA,0.363339442,-0.028861215,NA,NA,0.20861812,-0.200598507,0.16015012
2013,North Lanarkshire,NA,0.361078437,-0.018629324,NA,NA,0.172423888,0.092674486,0.343844592
2013,Orkney Islands,NA,0.23931432,0.061316171,NA,NA,0.095951997,-0.197647758,0.179711216
2013,Perth and Kinross,NA,0.335209526,-0.134977177,NA,NA,0.221423313,-0.122357302,0.064537087
2013,Renfrewshire,NA,0.456189976,-0.062053526,NA,NA,0.273498714,-0.07552634,0.273092747
2013,Scottish Borders,NA,0.277635445,-0.12397378,NA,NA,0.142555121,-0.053463218,0.247063881
2013,Shetland Islands,NA,0.187159765,0.049076283,NA,NA,0.094896304,-0.064752434,0.330002821
2013,South Ayrshire,NA,0.398248908,-0.034569097,NA,NA,0.195269196,-0.056054455,0.178599188
2013,South Lanarkshire,NA,0.391218817,-0.0590546,NA,NA,0.182500033,0.016866589,0.221056949
2013,Stirling,NA,0.452852313,-0.123551429,NA,NA,0.328679286,-0.170824549,0.195085883
2013,West Dunbartonshire,NA,0.328771718,0.06615387,NA,NA,0.151900199,-0.056547824,0.199440496
2013,West Lothian,NA,0.381029427,-0.052691373,NA,NA,0.187268381,-0.105358568,0.258360695
2014,Aberdeen City,0.342001438,0.402839152,0.021616865,NA,NA,0.282819231,-0.148374439,0.283435723
2014,Aberdeenshire,0.292409269,0.361291515,0.03514488,NA,NA,0.199698275,-0.191115683,0.275477429
2014,Angus,0.290479514,0.337564502,-0.161114973,NA,NA,0.192249872,-0.083141713,0.262303831
2014,Argyll and Bute,0.272197615,0.32436712,-0.10041928,NA,NA,0.20429231,-0.131790639,0.235681575
2014,Clackmannanshire,0.331840525,0.414400589,0.023216298,NA,NA,0.199320425,-0.047745266,0.225363289
2014,Dumfries and Galloway,0.207536109,0.291380304,-0.103923369,NA,NA,0.190623688,-0.105050345,0.247375305
2014,Dundee City,0.319947622,0.371233002,-0.052969279,NA,NA,0.194673246,0.055510856,0.348691156
2014,East Ayrshire,0.294510809,0.383578229,-0.055505657,NA,NA,0.187623825,0.056323696,0.218357182
2014,East Dunbartonshire,0.350742575,0.44140467,-0.162539588,NA,NA,0.320072931,-0.009832891,0.376891944
2014,East Lothian,0.272937408,0.332896006,-0.105830335,NA,NA,0.235189444,0.025662479,0.421826898
2014,East Renfrewshire,0.378287763,0.452502539,-0.045458913,NA,NA,0.344372571,-0.05087838,0.030418565
2014,"Edinburgh, City of",0.330756056,0.478905399,0.036088218,NA,NA,0.294060328,-0.080365785,0.250879843
2014,Eilean Siar,0.035297434,0.096553546,-0.031157616,NA,NA,-0.006324218,-0.055917644,0.331190733
2014,Falkirk,0.298250629,0.369447918,-0.069339112,NA,NA,0.207898876,-0.031447535,0.236451881
2014,Fife,0.35370838,0.425725938,-0.060328939,NA,NA,0.244412421,-0.113862368,0.213093975
2014,Glasgow City,0.252227968,0.350488449,0.026378669,NA,NA,0.18266589,-0.115289497,0.357215058
2014,Highland,0.264523683,0.324949852,-0.126899213,NA,NA,0.203189028,-0.11053051,0.237769875
2014,Inverclyde,0.344851069,0.412100084,-0.076373038,NA,NA,0.259648918,-0.00041096,0.133205887
2014,Midlothian,0.241504385,0.347751392,-0.105513026,NA,NA,0.173948576,0.036125976,0.309357069
2014,Moray,0.161030569,0.223418585,-0.043345843,NA,NA,0.086372117,-0.038854275,0.196695913
2014,North Ayrshire,0.289638883,0.369222809,-0.035502441,NA,NA,0.200052279,-0.200598507,0.112757147
2014,North Lanarkshire,0.281719761,0.357490876,-0.030969323,NA,NA,0.1790177,0.106395849,0.343380976
2014,Orkney Islands,0.157064356,0.25196871,0.114956209,NA,NA,0.087365344,-0.201725157,0.181956982
2014,Perth and Kinross,0.2608764,0.331133179,-0.108907758,NA,NA,0.195172146,-0.122357302,0.07639033
2014,Renfrewshire,0.352466981,0.454963956,-0.086149928,NA,NA,0.284702436,-0.095690386,0.281476755
2014,Scottish Borders,0.247094018,0.266440831,-0.129920111,NA,NA,0.200875891,-0.053590153,0.245715424
2014,Shetland Islands,0.126047501,0.164320464,0.136169142,NA,NA,0.080831535,-0.063678345,0.332906443
2014,South Ayrshire,0.325289516,0.394324035,-0.034913102,NA,NA,0.190314953,-0.051420174,0.17391887
2014,South Lanarkshire,0.299699058,0.39493473,-0.088576909,NA,NA,0.18654965,0.020685681,0.233460468
2014,Stirling,0.340577528,0.449780996,-0.129568598,NA,NA,0.284905928,-0.159709968,0.200403371
2014,West Dunbartonshire,0.253962282,0.325260513,0.032988931,NA,NA,0.123899539,-0.058309822,0.191788043
2014,West Lothian,0.312201494,0.384648722,-0.107599205,NA,NA,0.224944364,-0.105545693,0.254675912
2015,Aberdeen City,NA,0.408766884,-0.027397939,NA,NA,0.295773545,-0.149671549,0.285880767
2015,Aberdeenshire,NA,0.363506406,-0.019218568,NA,NA,0.21872238,-0.187284571,0.280451507
2015,Angus,NA,0.345972331,-0.166716616,NA,NA,0.122222057,-0.070279853,0.285442462
2015,Argyll and Bute,NA,0.31504994,-0.078369959,NA,NA,0.156266786,-0.118584731,0.238110652
2015,Clackmannanshire,NA,0.416910815,-0.006715021,NA,NA,0.153680503,-0.045362312,0.258566953
2015,Dumfries and Galloway,NA,0.291933552,-0.093712371,NA,NA,0.168960857,-0.104664119,0.24275013
2015,Dundee City,NA,0.38928927,-0.050618559,NA,NA,0.241141915,0.056998634,0.348586339
2015,East Ayrshire,NA,0.389264586,-0.050193905,NA,NA,0.208134361,0.059242532,0.187027461
2015,East Dunbartonshire,NA,0.444357264,-0.141167826,NA,NA,0.312766286,-0.009141872,0.389280917
2015,East Lothian,NA,0.332822817,-0.060020959,NA,NA,0.195704292,0.028455809,0.432723983
2015,East Renfrewshire,NA,0.452217889,0.023509615,NA,NA,0.2743412,-0.051663155,0.043495403
2015,"Edinburgh, City of",NA,0.478603572,0.069642235,NA,NA,0.278801241,-0.074195912,0.24592147
2015,Eilean Siar,NA,0.066573817,-0.040967527,NA,NA,0.001074411,-0.051835674,0.33894352
2015,Falkirk,NA,0.371625225,-0.094048906,NA,NA,0.216538033,-0.027275223,0.251521406
2015,Fife,NA,0.427953217,-0.053002608,NA,NA,0.230013223,-0.114206564,0.227097315
2015,Glasgow City,NA,0.371619186,0.000992044,NA,NA,0.191418809,-0.115289497,0.354898075
2015,Highland,NA,0.323370521,-0.122701138,NA,NA,0.222466526,-0.111951986,0.250173762
2015,Inverclyde,NA,0.412990548,-8.48E-02,NA,NA,0.230152666,-6.84E-06,0.123635019
2015,Midlothian,NA,0.347065849,-0.126391716,NA,NA,0.192477329,0.034471633,0.301051314
2015,Moray,NA,0.230961915,-0.058644538,NA,NA,0.086743435,-0.037683592,0.205581713
2015,North Ayrshire,NA,0.373616489,-0.052044754,NA,NA,0.182511872,-0.200598507,0.161814983
2015,North Lanarkshire,NA,0.358234404,-0.055771498,NA,NA,0.168162542,0.102667447,0.341886844
2015,Orkney Islands,NA,0.273817447,0.131532709,NA,NA,0.063637384,-0.200587279,0.200595235
2015,Perth and Kinross,NA,0.330451121,-0.102920945,NA,NA,0.220224498,-0.123496605,0.080384977
2015,Renfrewshire,NA,0.455180877,-0.099619273,NA,NA,0.263301176,-0.095690386,0.282270935
2015,Scottish Borders,NA,0.270444064,-0.148773525,NA,NA,0.164499615,-0.055111951,0.248265047
2015,Shetland Islands,NA,0.157192475,0.129315001,NA,NA,0.072231961,-0.07026228,0.331550973
2015,South Ayrshire,NA,0.399485139,-0.050370351,NA,NA,0.202870579,-0.042813368,0.195198279
2015,South Lanarkshire,NA,0.396982871,-0.094394844,NA,NA,0.190758747,0.018515289,0.232916289
2015,Stirling,NA,0.45080952,-0.103721938,NA,NA,0.284450067,-0.159742429,0.213710781
2015,West Dunbartonshire,NA,0.334620589,-0.032640255,NA,NA,0.157163197,-0.054064149,0.214159121
2015,West Lothian,NA,0.39202438,-0.087705746,NA,NA,0.220268697,-0.105398867,0.25569753
2016,Aberdeen City,NA,NA,-0.070831896,NA,NA,0.286140756,-0.152500358,0.282021928
2016,Aberdeenshire,NA,NA,-0.063835874,NA,NA,0.263371517,-0.180024699,0.291481851
2016,Angus,NA,NA,-0.147110369,NA,NA,0.158096317,-0.073103829,0.278235443
2016,Argyll and Bute,NA,NA,-0.087713331,NA,NA,0.163734081,-0.145806969,0.223245654
2016,Clackmannanshire,NA,NA,-0.033780712,NA,NA,0.16884394,-0.049825808,0.284028711
2016,Dumfries and Galloway,NA,NA,-0.086457001,NA,NA,0.124297084,-0.10494031,0.252490518
2016,Dundee City,NA,NA,-0.054608763,NA,NA,0.250446083,0.054607456,0.345286467
2016,East Ayrshire,NA,NA,-0.065172896,NA,NA,0.160065699,0.061234567,0.186134445
2016,East Dunbartonshire,NA,NA,-0.087941366,NA,NA,0.338623939,-0.009326227,0.388208382
2016,East Lothian,NA,NA,-0.037382564,NA,NA,0.191309146,0.030703571,0.433777347
2016,East Renfrewshire,NA,NA,-0.026199869,NA,NA,0.27248356,-0.051663155,0.040234563
2016,"Edinburgh, City of",NA,NA,0.065424121,NA,NA,0.25148638,-0.072321413,0.244585648
2016,Eilean Siar,NA,NA,-0.013105751,NA,NA,-0.001247308,-0.050062394,0.33945446
2016,Falkirk,NA,NA,-0.10403934,NA,NA,0.187459173,-0.024575522,0.253900563
2016,Fife,NA,NA,-0.063258435,NA,NA,0.24361446,-0.111883297,0.217915165
2016,Glasgow City,NA,NA,-0.021207951,NA,NA,0.19855115,-0.115289497,0.359681298
2016,Highland,NA,NA,-0.136493903,NA,NA,0.210134912,-0.115561842,0.256059185
2016,Inverclyde,NA,NA,-0.102740856,NA,NA,0.209104351,-0.003103921,0.126833473
2016,Midlothian,NA,NA,-0.111477938,NA,NA,0.198429102,0.043831551,0.303739186
2016,Moray,NA,NA,-0.105729585,NA,NA,0.075958228,-0.036635929,0.199785422
2016,North Ayrshire,NA,NA,-0.062406444,NA,NA,0.241272112,-0.200598507,0.174086588
2016,North Lanarkshire,NA,NA,-0.06570887,NA,NA,0.163315188,0.103228354,0.339915825
2016,Orkney Islands,NA,NA,0.071722502,NA,NA,0.04144397,-0.199300502,0.201487315
2016,Perth and Kinross,NA,NA,-0.105537666,NA,NA,0.227960859,-0.123496605,0.063550959
2016,Renfrewshire,NA,NA,-0.119776808,NA,NA,0.266215118,-0.085709037,0.303582083
2016,Scottish Borders,NA,NA,-0.158644737,NA,NA,0.153572585,-0.05494969,0.249067701
2016,Shetland Islands,NA,NA,0.067185144,NA,NA,0.067023325,-0.070523302,0.330901758
2016,South Ayrshire,NA,NA,-0.041554173,NA,NA,0.21276957,-0.038282122,0.196044127
2016,South Lanarkshire,NA,NA,-0.095167052,NA,NA,0.182349625,0.015549032,0.240391056
2016,Stirling,NA,NA,-0.115070277,NA,NA,0.300215815,-0.161937351,0.200943651
2016,West Dunbartonshire,NA,NA,-0.019746748,NA,NA,0.181921299,-0.052962951,0.208914487
2016,West Lothian,NA,NA,-0.112602332,NA,NA,0.241582289,-0.109168382,0.250100819
2004,Scotland,0.286937088,NA,-0.062658689,0.253936527,NA,0.166987783,-0.033310872,NA
2005,Scotland,NA,NA,-0.066757979,0.255554195,NA,0.177108332,-0.026016782,NA
2006,Scotland,NA,NA,-0.066766915,0.257632021,NA,0.186063555,-0.022044614,NA
2007,Scotland,0.273005308,NA,-0.068700535,0.250302834,0.159435905,0.17701266,-0.024694677,NA
2008,Scotland,NA,NA,-0.075961617,0.247989514,0.146594722,0.17701266,-0.023086365,NA
2009,Scotland,NA,0.346904041,-0.073559081,0.233332935,0.145476174,0.172981049,-0.028895206,NA
2010,Scotland,0.276726212,0.338662004,-0.079456612,0.230019735,0.123354933,0.180507853,-0.02776456,0.17987644
2011,Scotland,NA,0.340654545,-0.076985109,0.231054258,0.096288249,0.181774454,-0.027806149,0.179776376
2012,Scotland,NA,0.327932352,-0.073194744,0.221200654,0.115608375,0.196075032,-0.029617101,0.180564883
2013,Scotland,NA,0.357153624,-0.047571159,NA,NA,0.203157272,-0.067678145,0.245474557
2014,Scotland,0.277552456,0.352727769,-0.050820823,NA,NA,0.201107485,-0.066454028,0.244391058
2015,Scotland,NA,0.355428593,-0.054612842,NA,NA,0.193358756,-0.064890998,0.251549724
2016,Scotland,NA,NA,-0.065967867,NA,NA,0.19470451,-0.065137472,0.25206519
