"AreaLabel","CPP","InterZone_Name","Most_Deprived_Comm","CPPScore","Child.Poverty_2014.15","Child.Poverty_2023.24","Attainment_2013.14","Attainment_2023.24","Participation.Rate_2016.17","Participation.Rate_2023.24","Out.of.Work.Benefits_2013.14","Out.of.Work.Benefits_2023.24","Crime.Rate_2012.13","Crime.Rate_2023.24","Emergency.Admissions_2012.13","Emergency.Admissions_2023.24","Early.Mortality_2012.13","Early.Mortality_2023.24","Depopulation_2012.13","Depopulation_2023.24"
"Aberdeen City","Aberdeen City","Heathryfold and Middlefield","1st Most Vulnerable","Faster",23.8,18.9,4.3,4.5,82.8,84.5,16.8,27.2,2369.7,1989,34320.6,26649,584,743.3,100,111.7
"Aberdeenshire","Aberdeenshire","Fraserburgh Harbour and Broadsea","1st Most Vulnerable","Slower",27.4,24.6,4.6,4.2,81.5,86.2,16.9,27.2,4026.6,3432.9,28729.3,25750.6,798,723.5,100,111.2
"Angus","Angus","Arbroath Harbour","1st Most Vulnerable","Faster",23.3,36.7,5,4.9,77.7,85.2,18.5,26.7,2401.7,3007.3,24923.4,29914.5,617,687.7,100,106.2
"Argyll and Bute","Argyll and Bute","Dunoon","1st Most Vulnerable","Slower",18.5,20.2,5.4,5.2,93.4,91.5,20.1,25.1,2922.2,1954.5,30464.9,24927.5,585,505.1,100,107.9
"Clackmannanshire","Clackmannanshire","Alloa South and East","1st Most Vulnerable","Faster",38.6,36.6,4.5,4.8,74,84.3,32.2,37.1,3832.6,3627.2,22923.1,25308.4,624,712.6,100,101.4
"Dumfries and Galloway","Dumfries and Galloway","Lochside and Lincluden","1st Most Vulnerable","Faster",30.3,29.1,4.9,5,81.7,89.2,24.5,33,1219.8,2194.8,31317.5,36307.2,597,787.4,100,113.5
"Dundee City","Dundee City","Douglas East","1st Most Vulnerable","Faster",23.3,32.7,4.7,4.7,78.1,85.6,26,34.2,1363.4,2314.3,34375,29870.5,682,792.5,100,111.8
"East Ayrshire","East Ayrshire","Altonhill South, Longpark and Hillhead","1st Most Vulnerable","Slower",24,21.5,4.8,5,79.7,88.8,28.2,31.5,4175.3,1979.4,31250,34021.9,961,711,100,94.9
"East Dunbartonshire","East Dunbartonshire","Hillhead","1st Most Vulnerable","Faster",23.2,19,5.2,5.4,88.1,95.3,23.5,29.5,NA,1122.6,36020.6,32590,641,628.9,100,98.6
"East Lothian","East Lothian","Musselburgh Levenhall","1st Most Vulnerable","Faster",29,15.2,5,5,74.5,95.2,17.3,17.6,1041.7,932.7,24014.3,20670,557,477.3,100,92
"East Renfrewshire","East Renfrewshire","Auchenback","1st Most Vulnerable","Faster",21.4,22.9,5.4,5.4,88.1,92.8,19.8,23.2,1397.5,895.4,34469.7,28520.9,585,826.1,100,99.1
"Edinburgh, City of","Edinburgh, City of","Craigmillar","1st Most Vulnerable","Slower",27.8,19.2,4.4,5.2,83.5,90.4,24.3,17.8,3228.6,2115.3,39510.5,31685.7,1669,1031.2,100,41.1
"Eilean Siar","Eilean Siar","Stornoway West","1st Most Vulnerable","Faster",16.6,17.9,5.8,4.9,96.4,93.9,13.1,17.8,374.3,2814.4,28278,29587.7,603,686.2,100,115
"Falkirk","Falkirk","Falkirk - Bainsford and Langlees","1st Most Vulnerable","Slower",32.4,33.4,5,4.8,81.9,82,27.6,34.7,2270.5,1497.9,36382.1,37336.3,769,787.4,100,107.2
"Fife","Fife","Methil West","1st Most Vulnerable","Faster",39.5,39,4.5,4.4,76.8,78.4,32.6,45.3,3457.3,3046.3,27992.3,43735.5,693,1056.8,100,104.9
"Glasgow City","Glasgow City","North Barlanark and Easterhouse South","1st Most Vulnerable","Slower",29,26.6,4.6,4.9,83.3,85.9,38.7,41.6,4375.6,1513.3,50349.7,43055.4,1121,1024.6,100,99.9
"Highland","Highland","Inverness Merkinch","1st Most Vulnerable","Faster",33.5,34.8,4.3,4.6,82.6,84.7,29.3,33.2,1846.2,3297.7,33521.1,36358.8,921,889.3,100,100.4
"Inverclyde","Inverclyde","Greenock Town Centre and East Central","1st Most Vulnerable","Slower",26.4,18.9,5.2,5.3,84.4,88.8,32,35.6,8424.5,4645.1,39014.5,33716.3,847,829.9,100,96.6
"Midlothian","Midlothian","Dalkeith","1st Most Vulnerable","Faster",23.3,27.4,5,5.1,75.8,90.3,25.7,30.2,4406.7,2949.2,24677.7,23442.7,648,707.6,100,96.6
"Moray","Moray","Elgin Cathedral to Ashgrove and Pinefield","1st Most Vulnerable","Faster",18.7,28.1,5.4,4.9,85.7,92.1,13.9,21.1,2008.6,2371.6,21118,22644.3,550,575.5,100,111.5
"North Ayrshire","North Ayrshire","Irvine Fullarton","1st Most Vulnerable","Slower",30.3,34,5.2,4.9,81.3,78.2,34,41.1,6091.8,5627.6,39593.1,35498.8,792,809.7,100,126.4
"North Lanarkshire","North Lanarkshire","Craigneuk Wishaw","1st Most Vulnerable","Slower",33.4,27.8,4.4,4.4,79.2,82.4,31.6,34.9,4645.2,2981,39966.8,33932.7,887,1094.7,100,92.9
"Orkney Islands","Orkney Islands","East Kirkwall","1st Most Vulnerable","Slower",14.8,17.2,5.4,5.4,94.1,87.7,7.5,12.4,444.3,1022.6,27397.3,21296.3,408,371.2,100,106.1
"Perth and Kinross","Perth and Kinross","Muirton","1st Most Vulnerable","Faster",16.3,21.5,5,5,90.6,81.9,12.7,19.8,1257,1222.2,27294.7,40157.1,528,650.6,100,87
"Renfrewshire","Renfrewshire","Paisley Ferguslie","1st Most Vulnerable","Slower",24.4,28.9,4.6,5.1,83.3,85.1,34.2,32.7,4446.4,1528.8,44444.4,28700.3,1080,817.9,100,100.5
"Scottish Borders","Scottish Borders","Langlee","1st Most Vulnerable","Faster",27.8,32.6,4.7,5.2,83.2,86.8,22.3,32.1,1107.4,1933,29047.6,21070.4,616,547,100,114.8
"Shetland Islands","Shetland Islands","Lerwick North","1st Most Vulnerable","Faster",10.2,12.8,5.4,5.5,97.3,98.2,8.4,12.5,428.3,1485.1,29466.1,23913.6,465,515.7,100,107.7
"South Ayrshire","South Ayrshire","Lochside, Braehead and Whitletts","1st Most Vulnerable","Faster",31.2,29,4.7,4.8,78.5,87.6,29.5,38.1,3605.2,2294.3,34761.1,35492.7,641,760.7,100,101.6
"South Lanarkshire","South Lanarkshire","Fairhill","1st Most Vulnerable","Faster",30.4,30.1,4.9,5,78,87.9,26.1,30.4,2672.8,2396.3,30860.5,36794.2,717,615.1,100,101
"Stirling","Stirling","Raploch","1st Most Vulnerable","Slower",36.2,26.7,4.5,4.7,78.9,81.3,31,26.2,3310.8,1909.8,35920.2,28204,881,929,100,70.3
"West Dunbartonshire","West Dunbartonshire","Singer & Clydebank South","1st Most Vulnerable","Faster",23,23.2,5.2,5.1,82.3,90.8,24.1,29.1,5833.3,653.7,40108.4,38722.5,990,907.8,100,93.7
"West Lothian","West Lothian","Craigshill","1st Most Vulnerable","Faster",20.8,29.6,5,5.1,82.8,90,19.8,26.9,1249,1520.2,41893.6,33371.8,618,662.2,100,113.2
"Aberdeen City","Aberdeen City","Woodside",NA,"Slower",22.9,25.8,4.8,5.2,83.2,83.7,20.3,24.6,3098,2000.1,30661.3,28596.9,961,895.4,100,104.6
"Aberdeenshire","Aberdeenshire","Peterhead Harbour",NA,"Faster",25,24.4,4.4,5,82.8,83.2,16.2,23.3,3646.4,2427.2,26612.9,16281.8,663,848,100,101.2
"Angus","Angus","Forfar Central",NA,"Slower",22,24.6,5.2,5,88.2,86.2,15.7,26.2,1900.1,1912.2,29778.2,22216,510,555.6,100,109.4
"Argyll and Bute","Argyll and Bute","Campbeltown",NA,"Slower",15,16.2,5.3,5.2,94.8,92.6,15.3,20.2,2904.3,1618,32596.2,25615.6,606,512.3,100,112
"Clackmannanshire","Clackmannanshire","Tullibody North and Glenochil",NA,"Faster",18.7,21.1,4.9,5.1,91.4,87.8,12,15.6,1038.2,1101,22007.7,26019.5,517,474.1,100,98.3
"Dumfries and Galloway","Dumfries and Galloway","Stranraer East",NA,"Faster",23.1,34.7,5.3,5.4,84.6,90.8,18.3,26.7,3883.8,4933.9,24780.3,20966.3,599,650.5,100,116.2
"Dundee City","Dundee City","Linlathen and Midcraigie",NA,"Slower",20.7,22.7,4.8,4.5,84.2,83.7,28.4,34.4,1848.4,2984.5,29668.7,29933.5,862,814.9,100,99.5
"East Ayrshire","East Ayrshire","Shortlees",NA,"Faster",31.2,30.9,4.8,4.8,79.4,87.8,27.3,36.3,1986.7,1469.3,37185.9,34682,633,687,100,103.2
"East Dunbartonshire","East Dunbartonshire","Harestanes",NA,"Faster",15.5,23.2,5.7,5.5,91.1,93.7,15.8,24.9,1217.6,981.9,27323.9,28652.3,611,506.6,100,110.1
"East Lothian","East Lothian","Prestonpans South",NA,"Faster",17.1,14.6,5.1,5.2,83.8,93.9,11.8,14.8,994.1,2000.1,29674.8,23805.4,407,366.8,100,99.6
"East Renfrewshire","East Renfrewshire","Dunterlie, East Arthurlie and Dovecothall",NA,"Faster",22.3,20.3,5.4,5.3,88.5,95.8,21.2,27.4,3794.8,2314.6,36026.2,24811.6,799,614.9,100,100.3
"Edinburgh, City of","Edinburgh, City of","Murrayburn and Wester Hailes North",NA,"Faster",22.6,30.4,4.9,4.7,75.5,86.1,32.8,40.7,2988,3106.7,34868.4,31124.2,837,852.8,100,105.5
"Eilean Siar","Eilean Siar","Stornoway East",NA,"Faster",10,20.5,5.7,5.2,98.1,98,11.2,14.3,364.4,1200.9,27912.9,29884.9,690,524.9,100,116.6
"Falkirk","Falkirk","Falkirk - Camelon West",NA,"Faster",29.8,28.5,5,5.1,87.5,83.1,21,25.6,1570.7,1033.3,28498.7,35923.8,578,773.4,100,107.8
"Fife","Fife","Glenrothes Macedonia and Tanshall",NA,"Faster",30.1,26.4,4.7,4.9,84.8,87.5,25.7,30.7,1771.8,1410.8,20727.8,29229.7,648,691.6,100,98.1
"Glasgow City","Glasgow City","Drumry East",NA,"Faster",30.3,25.5,4.4,5,86.3,83.9,36.4,41.3,5139.4,1880.1,56750,41979.6,851,944.3,100,95.6
"Highland","Highland","Inverness Ballifeary and Dalneigh",NA,"Faster",22.8,24.4,4.9,4.8,82.9,88.5,13.8,23,892.6,1592.7,27578.7,24976.7,717,553.5,100,112.8
"Inverclyde","Inverclyde","Port Glasgow Mid, East and Central",NA,"Faster",23.4,23.7,5.2,5.3,86.8,92.7,25.9,31.8,1913.6,1224.3,29956,26915.5,713,584.1,100,108.6
"Midlothian","Midlothian","North Gorebridge",NA,"Slower",23.8,17.2,4.9,5.1,81.1,91,17.5,17.2,1302.8,806,35326.1,26705.2,589,475,100,71.1
"Moray","Moray","Buckie Central East",NA,"Faster",16.5,20.5,5.3,5.6,88.6,95.4,12.8,18,1378.8,1421.8,18896.6,16641.7,475,374,100,103
"North Ayrshire","North Ayrshire","Saltcoats Central",NA,"Faster",24,29,5.1,5.2,84.2,84.7,31.1,43.4,5586.5,4331.4,40625,32512.6,738,878.3,100,109.9
"North Lanarkshire","North Lanarkshire","Airdrie North",NA,"Faster",27.1,37.5,4.9,4.7,80.9,79.8,25.8,32.8,3231,1893,33589.5,42732.8,764,868.3,100,121.7
"Orkney Islands","Orkney Islands","West Kirkwall",NA,"Faster",8,10.7,5.7,5.6,91.6,93.5,8.3,14.6,373.6,1569.6,27706.2,27992.2,515,546.1,100,111.1
"Perth and Kinross","Perth and Kinross","Central and South Inch",NA,"Slower",29.5,39.2,5.3,5.4,85,82.8,19.9,22.2,3387.4,3992.2,31259.5,32332.9,596,632.9,100,99
"Renfrewshire","Renfrewshire","Paisley North West",NA,"Slower",24.7,19.4,5.4,5.3,85.6,85.4,27.9,27.9,4570.4,2446.1,37957.6,29439.2,990,908.1,100,85.7
"Scottish Borders","Scottish Borders","Burnfoot",NA,"Faster",28.8,36,4.7,4.6,83.7,85.8,21.3,34.6,1329.4,1669.6,28536,26793.3,467,616.9,100,110.3
"Shetland Islands","Shetland Islands","North Mainland",NA,"Slower",7.5,9.6,5.4,5.6,96.4,97.8,5.9,10.4,106.4,379.7,32249.3,18950,435,258.5,100,99.6
"South Ayrshire","South Ayrshire","Ayr North Harbour, Wallacetown and Newton South",NA,"Faster",38,37,5,5,71,86.2,30.3,39.8,5025.4,3672.9,30085.3,33205.9,740,1002.3,100,106.1
"South Lanarkshire","South Lanarkshire","Whitehill",NA,"Faster",20.6,22.5,4.7,4.9,73,87.8,20.8,26.8,5349.1,3097.7,28795.8,38811.7,619,667.5,100,104.5
"Stirling","Stirling","City Centre",NA,"Faster",25.1,20.1,5,4.9,71.7,81.8,10,8.8,3388.2,2081.3,23529.4,50108.3,507,617.6,100,92.5
"West Dunbartonshire","West Dunbartonshire","Whitecrook",NA,"Slower",25.6,21.6,5,4.9,89.3,90,24.4,27.5,2488.8,586.7,26666.7,25318,789,526.3,100,109.8
"West Lothian","West Lothian","Whitburn Central",NA,"Faster",25.1,33.6,4.9,5.2,84.9,90.8,24.1,28.4,2158.1,2004.8,28835.7,29765.6,577,665,100,103.8
"Aberdeen City","Aberdeen City","Torry East",NA,"Slower",25,26.9,4.6,4.7,81.9,81.9,18.4,24.8,1586.9,1284.2,33504.3,26941.2,689,745.8,100,112.7
"Aberdeenshire","Aberdeenshire","Peterhead Bay",NA,"Faster",18.2,19.1,4.7,4.8,88.2,83.1,13.6,20.2,1703.5,2221,18654.4,20696.2,576,514.9,100,108.9
"Angus","Angus","Arbroath Warddykes",NA,"Faster",25.4,34.5,5,4.5,88.7,87.9,17.9,28.5,1208,1436.3,17223,21259,503,530.5,100,109.8
"Argyll and Bute","Argyll and Bute","Rothesay Town",NA,"Faster",21.9,24.4,5.3,5.2,88.9,87.5,21.8,33.5,2949.7,2213.8,26735.8,22435,592,640.8,100,111
"Clackmannanshire","Clackmannanshire","Sauchie",NA,"Faster",20.6,32.4,5.3,5,84.2,88.7,18.6,24.9,1298.9,1256.5,21581.2,26744,552,683.8,100,105.8
"Dumfries and Galloway","Dumfries and Galloway","Stranraer West",NA,"Faster",31.5,29.8,5.1,5,82.1,89,21,31.9,1189,2242.9,24449.6,22515.3,462,550.6,100,104.7
"Dundee City","Dundee City","Hilltown",NA,"Faster",28,29,5.1,4.8,78,86.5,24.6,31.4,1534,2263.5,32309.6,35763.9,851,869.2,100,98.8
"East Ayrshire","East Ayrshire","Doon Valley South",NA,"Faster",29.8,30,4.6,5.1,92.7,88.8,24,32.9,1674.8,1201.9,42113.3,28389.9,621,724.9,100,110.3
"East Dunbartonshire","East Dunbartonshire","Auchinairn",NA,"Slower",16.6,16.1,5.7,6,93.3,93.5,15.1,16,1723.1,612.5,32584.3,28360.3,652,414.6,100,87.7
"East Lothian","East Lothian","Musselburgh North",NA,"Faster",12.8,12.3,5.2,5.3,84.3,91,12.7,15.5,1763.6,1012.2,29059.8,25612.2,505,371.8,100,107.3
"East Renfrewshire","East Renfrewshire","West Neilston and Uplawmoor",NA,"Slower",10.8,9.8,5.8,5.8,94.6,94.5,10.5,11.8,824.5,531.6,22643.3,18970.9,459,348.6,100,94.5
"Edinburgh, City of","Edinburgh, City of","Broomhouse and Bankhead",NA,"Faster",22.3,21.2,4.8,5.1,80.8,91.8,17.3,20.2,2999.1,1914.4,43418,30965.5,700,722.4,100,84.2
"Eilean Siar","Eilean Siar","Northwest Lewis",NA,"Slower",12.5,10.8,5.6,5.2,97.2,97.2,10.4,10.9,129.6,440.3,25874.1,22629.8,379,410.9,100,105.5
"Falkirk","Falkirk","Falkirk - Camelon East",NA,"Faster",23,22,5.3,5.2,79.4,83.5,24.2,30.1,2730.5,2651.1,26916.8,35703.9,585,857.9,100,107.9
"Fife","Fife","Methil East",NA,"Slower",34.5,27.7,4.6,4.7,83,81.7,26.6,36.9,2904.9,2307.4,30000,33784.4,744,735,100,99.4
"Glasgow City","Glasgow City","Drumchapel North",NA,"Slower",31.5,32.2,4.6,4.9,77.3,75.3,35.9,38.8,2418.9,1295.2,53103.4,32966.6,1067,818.9,100,101.5
"Highland","Highland","Inverness Central, Raigmore and Longman",NA,"Slower",17.6,21,5.3,5.4,84.6,81.6,14.4,17.7,1080.8,9513.3,22682.9,19967.2,937,723,100,103.7
"Inverclyde","Inverclyde","Greenock Upper Central",NA,"Faster",18.4,24.3,5.2,5.5,86.4,89.7,30.5,35.4,3412.1,1554,30102,21723,740,774.4,100,107.4
"Midlothian","Midlothian","Easthouses",NA,"Faster",20.5,25.7,5,5,75.7,94.6,16.9,20.1,1580,1091.9,27912.1,24984.5,515,506.9,100,97
"Moray","Moray","Elgin Bishopmill East and Ladyhill",NA,"Slower",13.6,20.5,5.5,5.3,89.5,93.9,9.4,12.6,2601.4,2599.2,18894.8,19259.9,443,412.4,100,103.8
"North Ayrshire","North Ayrshire","Irvine Castlepark South",NA,"Faster",28.1,27.3,4.9,5,84.5,90.6,26.4,29.6,1669.9,1145.5,25450.9,31097.4,727,727,100,94.5
"North Lanarkshire","North Lanarkshire","Cliftonville",NA,"Faster",21.3,36.9,5.4,5.3,86.7,92.3,23.7,26.2,7983.5,9918.7,25641,39147.4,563,767.8,100,148.6
"Orkney Islands","Orkney Islands","Stromness, Sandwick and Stenness",NA,"Slower",13.3,9.6,5.7,5.7,96.2,96.7,5.7,9.2,86.7,480.1,19262.3,14689.3,318,282.6,100,101.5
"Perth and Kinross","Perth and Kinross","Hillyland, Tulloch and Inveralmond",NA,"Faster",23.2,23.5,5.1,5.2,86.3,85.1,15.8,22.2,1269.8,1665.5,25869.3,28322.4,566,560,100,102.7
"Renfrewshire","Renfrewshire","Johnstone North West",NA,"Faster",17,24.4,4.7,5.2,81.8,85.4,24.2,27.7,2273.9,1195,29566.6,29104.4,814,666.2,100,99.8
"Scottish Borders","Scottish Borders","Galashiels West",NA,"Faster",23.6,25.2,5.1,5,87.1,93.3,12.6,17.5,1132.7,1565.1,42335.8,30340.5,510,483.8,100,102
"Shetland Islands","Shetland Islands","Lerwick South",NA,"Slower",8,8.1,5.6,5.7,99.5,95,6.8,10.3,442.8,661.6,25256.7,18118.2,464,295,100,101.6
"South Ayrshire","South Ayrshire","Craigie",NA,"Slower",17.6,20.6,5.6,5.5,88.7,92.4,16.7,18.5,1294.8,921.9,35804.4,24742.2,732,533.4,100,117
"South Lanarkshire","South Lanarkshire","Burnhill and Bankhead North",NA,"Slower",29,21.5,4.9,5,80,85.2,21.6,26.3,1961.3,1136.8,30835.7,23084.7,620,622.6,100,100.7
"Stirling","Stirling","Cowie",NA,"Faster",25.9,27.1,5.1,5.1,88.3,91.6,15.2,18.2,876.6,832.9,22352.9,30450.8,583,573.7,100,97.9
"West Dunbartonshire","West Dunbartonshire","Clydebank East",NA,"Faster",25.5,27.8,5.1,5.2,85.5,91,21.7,26.2,1873.4,620.1,34639.5,32448.8,702,527.5,100,104.2
"West Lothian","West Lothian","Dedridge East",NA,"Faster",22.8,24.8,5.1,5.2,85.2,89.9,16.7,22.1,3101.5,3191.8,36546.8,35080.8,592,584.3,100,97.2
"Aberdeen City","Aberdeen City","Seaton",NA,"Faster",17.2,24.6,4.7,5.3,66.7,85.2,11.1,13.8,1819.7,1262.7,34501.8,27465.7,662,745.3,100,95.2
"Aberdeenshire","Aberdeenshire","Fraserburgh Lochpots",NA,"Faster",18.1,17.9,4.6,4.6,85.9,87,14.7,22.5,1102.9,1335.4,16720.3,16298.8,583,693.6,100,110.1
"Angus","Angus","Brechin East",NA,"Faster",20.4,30.3,5.1,4.7,91.1,88.8,15.4,26.4,1203.2,1262.8,23227.8,29717.9,607,590.2,100,106.7
"Argyll and Bute","Argyll and Bute","Helensburgh Centre",NA,"Faster",13.9,16.3,5.6,5.8,91.1,90.5,13.4,14.1,5263.7,2197.5,23642.9,24606.4,357,413.4,100,100.8
"Clackmannanshire","Clackmannanshire","Alloa North",NA,"Slower",17.5,21.8,5.3,5.3,91.8,89.2,14.2,16.3,912.8,679.4,25967.4,23105.6,479,468.3,100,96.4
"Dumfries and Galloway","Dumfries and Galloway","Dumfries Central",NA,"Slower",21.6,26,5.4,5.2,87,90.7,22.9,25.5,6142,6197.5,33962.3,37958.1,582,694,100,92.7
"Dundee City","Dundee City","City Centre",NA,"Faster",27.8,28.9,5,5.3,69.7,80.7,15,14.5,3806,4770.2,27003,27047.4,814,892.3,100,95.1
"East Ayrshire","East Ayrshire","Auchinleck",NA,"Slower",24.8,22.6,5,5.1,85.8,89.6,20.9,26.7,2545,2012.8,42334.7,28499.5,615,557.6,100,102.1
"East Dunbartonshire","East Dunbartonshire","East Clober and Mains Estate",NA,"Slower",16.5,11.3,5.7,6.1,94.8,93.8,11.4,13.4,984.9,295.6,32998.3,21701.3,447,242.2,100,97.8
"East Lothian","East Lothian","Prestonpans North",NA,"Faster",17.1,15.8,5.1,5.1,81.4,93.2,15.2,17,1385.4,1981.5,26002.6,21982.6,543,441.1,100,92.8
"East Renfrewshire","East Renfrewshire","West Arthurlie and North Neilston",NA,"Slower",16.9,11.2,5.9,5.7,93.4,94.2,11.5,13.7,1039.3,502.4,25908,19613.2,477,359.8,100,84.3
"Edinburgh, City of","Edinburgh, City of","Clovenstone and Wester Hailes",NA,"Faster",26.6,26.7,4.7,4.8,83.9,91.2,26.1,27.8,1517.9,1302.5,34158.4,28546.6,837,826,100,96.9
"Eilean Siar","Eilean Siar","South Lewis",NA,"Faster",9.4,18.9,5.6,5.5,95,96,10.2,10.9,13.1,447.2,19598.8,20726,379,372.7,100,101.4
"Falkirk","Falkirk","Grangemouth - Bowhouse",NA,"Faster",27.5,22.6,5.1,5.2,75.8,87.1,20,26.2,1983.1,1587.1,26897.5,30484.7,569,690.8,100,107.6
"Fife","Fife","Kirkcaldy Hayfield and Smeaton",NA,"Faster",26.7,29.5,4.6,4.7,84.2,88.2,22.2,28.1,1880.5,4077.3,28089.9,30601.9,676,715,100,101
"Glasgow City","Glasgow City","City Centre South",NA,"Faster",18.9,48.5,3.9,4.3,75,95.8,9.6,16.8,57603.1,20541.8,29078,24713,767,667.7,100,67.2
"Highland","Highland","Wick South",NA,"Slower",24.4,22.8,5.1,4.9,89.1,86.9,17.4,21.6,1010.8,1773.6,28633.7,21023.2,504,571.5,100,107.5
"Inverclyde","Inverclyde","Port Glasgow Upper East",NA,"Slower",22,20.5,5.2,5.4,89.7,90.3,23.2,27.4,936.1,646.7,27118.6,21236.4,562,480.5,100,106.1
"Midlothian","Midlothian","Mayfield",NA,"Slower",23.9,20.3,5.1,5.1,88.3,92.6,17.9,22.1,1290.5,1176.5,24590.2,22617.9,524,514.8,100,101.8
"Moray","Moray","Forres South West and Mannachie",NA,"Slower",22.3,20.8,5.4,5,90.1,91.3,11.9,18.2,973.7,884.4,17576.3,20428,441,489,100,108.1
"North Ayrshire","North Ayrshire","Stevenston Hayocks",NA,"Faster",26.6,35.3,5.1,5.2,88,86.3,25,30.5,1895.2,1798.1,30386.7,30085.9,682,513.9,100,109.3
"North Lanarkshire","North Lanarkshire","Motherwell South",NA,"Faster",32.1,26.8,5.2,5.3,79.8,88.5,28.8,30.4,12818.8,5800.9,35642.7,42206.7,695,825.2,100,105.5
"Orkney Islands","Orkney Islands","Isles",NA,"Faster",20.7,20.1,5.7,5.8,95.2,93,8.8,12.5,20.3,443,16404.1,13553.7,355,379,100,99.7
"Perth and Kinross","Perth and Kinross","North Inch",NA,"Slower",26.8,32.9,5.4,5.1,75,91.5,12.8,16.5,2605.7,3365.4,34722.2,33124.2,596,373.1,100,102.8
"Renfrewshire","Renfrewshire","Paisley North",NA,"Slower",17.8,22.3,5.2,5.2,87.2,87.1,20.5,21.9,11095.6,3370.4,29756.1,28112.4,768,683,100,76.5
"Scottish Borders","Scottish Borders","Eyemouth",NA,"Faster",19,21.4,5.1,5,85.9,91,14.1,17,872,1277.7,20102.4,22799.5,475,422.1,100,99.1
"Shetland Islands","Shetland Islands","Central Shetland",NA,"Faster",4.6,10.3,5.6,5.7,97,97.5,4.6,8.3,42.4,621.2,19163,17557.3,449,241.7,100,91.9
"South Ayrshire","South Ayrshire","Dalmilling",NA,"Faster",30.2,33.9,4.9,4.8,86.4,96.3,25.8,35.6,1567,1398.6,40082.6,38124.1,733,734.9,100,106.2
"South Lanarkshire","South Lanarkshire","Spittal",NA,"Slower",27.4,22.5,5,5.1,88.5,90.8,21,20,1405.7,683.3,25925.9,23936.1,626,548.9,100,88.2
"Stirling","Stirling","Plean and Rural SE",NA,"Slower",19.2,16.4,5.2,5.2,85.8,90.1,15.4,17.2,1387.2,1429.7,32186.2,23213,560,487.3,100,81.9
"West Dunbartonshire","West Dunbartonshire","Drumry",NA,"Faster",25.2,23.1,5,5.3,83.8,87.9,24.9,29.3,2538.6,2383.9,37183.4,32601.8,646,572.7,100,101.7
"West Lothian","West Lothian","Howden",NA,"Faster",19.7,20.5,5.2,5.4,88.9,93.2,13.7,16.5,2184.7,2806,25549.9,30315.9,513,452.9,100,95.6
"Aberdeen City","Aberdeen City","Northfield","5th Most Vulnerable","Faster",16.3,19,4.4,4.6,83,81.2,15.2,21.7,2138.6,1514.3,25038.2,29947.8,492,586.4,100,108.6
"Aberdeenshire","Aberdeenshire","Banff","5th Most Vulnerable","Faster",16.8,22,4.9,5.2,87.4,87.5,12.9,20.8,1907.8,1845.4,24482.8,18850.8,503,472.9,100,109.9
"Angus","Angus","Montrose South","5th Most Vulnerable","Faster",21,27.1,5.2,5.1,89.3,89.2,13.8,24,1523.8,1555.2,25925.9,25857,554,524.9,100,111
"Argyll and Bute","Argyll and Bute","Hunter's Quay","5th Most Vulnerable","Faster",17,22.1,5.3,5.5,95.8,92.4,16.2,21.7,1548.9,1473,22803.3,23165.6,478,442.7,100,107.4
"Clackmannanshire","Clackmannanshire","Tullibody South","5th Most Vulnerable","Faster",17.6,14.6,5.2,5.2,86.5,90.8,13.7,17.3,1192,1111.4,20000,25398.8,498,487.1,100,104.4
"Dumfries and Galloway","Dumfries and Galloway","Upper Nithsdale","5th Most Vulnerable","Slower",23.4,26.7,5.5,5,87,94.4,18.7,23.4,919.5,878.6,21107.9,28307.3,491,398.3,100,105.1
"Dundee City","Dundee City","Whitfield","5th Most Vulnerable","Faster",22.6,21.9,4.8,4.7,81.5,85.1,24.9,31.9,1189.2,1300.1,20231.2,29173.2,779,518.1,100,99.8
"East Ayrshire","East Ayrshire","Altonhill North and Onthank","5th Most Vulnerable","Slower",29.9,26.5,5.1,5.1,85.5,90.6,24.1,28.1,2111.9,1240.4,36711,35515.4,775,751.4,100,100.4
"East Dunbartonshire","East Dunbartonshire","Kirkintilloch West","5th Most Vulnerable","Slower",8.3,11,6,6,94,92.1,11.8,15.4,4855.9,1534,30237.8,24630,488,476.1,100,91.4
"East Lothian","East Lothian","Tranent North","5th Most Vulnerable","Slower",19.2,15.2,5.2,5.2,89,90.3,12.5,14.6,1337.7,774.8,25252.5,21145.8,567,324.5,100,81.5
"East Renfrewshire","East Renfrewshire","Busby","5th Most Vulnerable","Faster",11.7,10.2,6,6.1,96.5,97.2,9.8,10.8,885.6,614.5,27616.3,23260.2,395,352.6,100,95.6
"Edinburgh, City of","Edinburgh, City of","Niddrie","5th Most Vulnerable","Faster",24.4,25.4,4.6,4.9,79.7,88.3,31.6,30.4,2526,1300.3,34451.9,31072.9,892,889.9,100,90
"Eilean Siar","Eilean Siar","Benbecula and North Uist","5th Most Vulnerable","Slower",8.4,11.5,5.5,5.6,95.3,97.4,7.5,7.8,117.8,462.1,30345.9,26138.6,552,385.6,100,104.5
"Falkirk","Falkirk","Grangemouth - Newlands","5th Most Vulnerable","Faster",20.7,26.3,5,5.1,86.7,92.9,15.8,21.3,1772.9,1517.1,30746.3,29726.8,538,590.7,100,106
"Fife","Fife","Ballingry","5th Most Vulnerable","Faster",31.3,28.8,4.8,4.8,73.1,81.8,25.3,33,1120.1,972.7,33620.7,32058.2,503,653.4,100,101.7
"Glasgow City","Glasgow City","Keppochhill","5th Most Vulnerable","Faster",24,33.3,4.8,5.3,76.6,88.6,32.6,30.2,6303.4,1366.7,38808.7,37372.7,989,767.1,100,91.9
"Highland","Highland","Alness","5th Most Vulnerable","Slower",17.9,20,5.1,5,89.8,90.1,15.7,21.7,1055.3,2263.3,22952.5,22192.7,582,646.5,100,97.6
"Inverclyde","Inverclyde","Lower Bow and Larkfield, Fancy Farm, Mallard Bowl","5th Most Vulnerable","Slower",19.3,17.3,5.3,5.3,90,90.4,22.3,27.7,1561.1,980.2,34161.5,25616.2,720,697,100,102.9
"Midlothian","Midlothian","Gorebridge and Middleton","5th Most Vulnerable","Faster",21.3,24.6,5.2,5.3,83.2,94.1,17.4,19.5,1633.6,1172.1,37876.1,25135.4,403,472.5,100,102.7
"Moray","Moray","Lossiemouth East and Seatown","5th Most Vulnerable","Slower",13.4,12.7,5.4,5.4,90.2,94.8,6.7,9.1,859.6,601,17033,16798.1,432,324.8,100,105.1
"North Ayrshire","North Ayrshire","Ardrossan Central","5th Most Vulnerable","Faster",34.4,28.3,5.1,5.2,88.7,89.1,35.1,43.5,4193.9,2678.5,33789.9,34668.4,761,965.5,100,106.5
"North Lanarkshire","North Lanarkshire","Thrashbush","5th Most Vulnerable","Faster",26.2,30,5.2,4.9,83.3,86.8,21.8,27.7,1470.8,1405.7,33039.7,31198.1,645,646.9,100,107.4
"Orkney Islands","Orkney Islands","West Mainland","5th Most Vulnerable","Slower",11.3,6.5,5.5,5.6,93.1,94.6,4.7,6.4,11.7,401.8,19101.1,16449.3,370,252.5,100,99.9
"Perth and Kinross","Perth and Kinross","Letham","5th Most Vulnerable","Faster",26.1,29.2,4.8,5,87.2,87.1,17.1,22.9,1056,1214.2,28828.8,32155.6,530,535.9,100,105.1
"Renfrewshire","Renfrewshire","Paisley Central","5th Most Vulnerable","Slower",16.8,17.4,5,5.2,84,86.4,18.9,17.4,8058.1,3409.2,36272.3,25812.3,723,612.7,100,86.9
"Scottish Borders","Scottish Borders","Peebles North","5th Most Vulnerable","Slower",14.1,17.7,5.5,5.5,93.3,94.3,9.2,13,917.9,1359.2,36255,28944,447,436.7,100,100.8
"Shetland Islands","Shetland Islands","Shetland South","5th Most Vulnerable","Slower",6,10.5,5.7,5.3,96.2,95.5,5.3,7.5,80.4,223.3,21374,17480.1,423,351.7,100,95.6
"South Ayrshire","South Ayrshire","Girvan Glendoune","5th Most Vulnerable","Faster",27.1,26.7,5.3,5.3,86.1,98.7,21,27.9,1324.4,1175.5,31459,28596.6,424,580.8,100,105.6
"South Lanarkshire","South Lanarkshire","Strutherhill","5th Most Vulnerable","Faster",25.2,23.7,4.4,5.1,80.4,88.5,25.9,31.5,1751.4,1660.8,25177.3,31455.5,744,675.2,100,96.8
"Stirling","Stirling","Fallin","5th Most Vulnerable","Faster",20.6,25.5,4.8,5,87.5,90.7,17.8,19.4,1129.9,927.7,28450.7,27801.9,588,780.9,100,102.1
"West Dunbartonshire","West Dunbartonshire","Dalmuir","5th Most Vulnerable","Slower",21.7,19.3,5.3,5.4,88.1,89.8,25,27.5,2741.7,887,38703.5,30103.8,742,674.3,100,101.5
"West Lothian","West Lothian","Armadale South","5th Most Vulnerable","Faster",18.4,17.6,5.3,5.5,86.3,94.2,12.9,17,939.6,1154.7,28325.5,29673.7,530,379,100,105.2
"CPP Average","Aberdeen City","Aberdeen City Average","6","Faster",10.5,12.9,5.4,5.5,87.9,90,7.6,11.8,1739.2,1364.1,26118.2,22898.9,497.3,444.1,100,99.4
"CPP Average","Aberdeenshire","Aberdeenshire Average","6","Slower",8.9,10.2,5.4,5.5,93.2,92.4,5.8,9.6,821.9,779.9,19799.7,17648.7,373.1,352.4,100,99.2
"CPP Average","Angus","Angus Average","6","Faster",14.2,16.7,5.5,5.3,91.6,91.6,9.2,14.7,719.2,978.4,19851.8,22158.2,400.8,382.9,100,101.8
"CPP Average","Argyll and Bute","Argyll and Bute Average","6","Slower",14.7,15.3,5.6,5.6,94.5,94.8,10,13.2,1718.8,1137,22306.8,21504.4,434.6,383.7,100,101.1
"CPP Average","Clackmannanshire","Clackmannanshire Average","6","Faster",17.9,20,5.4,5.4,89.8,91.4,14.2,17.5,1163.3,1134.4,20978.4,23367.6,458.2,466.5,100,98.8
"CPP Average","Dumfries and Galloway","Dumfries and Galloway Average","6","Faster",17,18.8,5.6,5.5,91.5,94.2,11,15.9,911.6,1387.6,21449.2,22522.9,406.2,404.7,100,103.8
"CPP Average","Dundee City","Dundee City Average","6","Faster",17.7,18.3,5.4,5.2,87.6,89.5,16.1,19.4,NA,1633.6,26055.5,29094.6,595.5,547.8,100,99.8
"CPP Average","East Ayrshire","East Ayrshire Average","6","Slower",19.5,21,5.4,5.4,89,92.1,15.9,20.2,2132.3,1274.2,30637.4,27775,510.5,525.5,100,102.5
"CPP Average","East Dunbartonshire","East Dunbartonshire Average","6","Faster",8.5,8.2,6,6.1,95.5,96.1,7.5,9.6,NA,537.9,24566.6,21359.6,344.4,288.9,100,97.9
"CPP Average","East Lothian","East Lothian Average","6","Faster",13.9,11.4,5.5,5.5,90.3,94.8,9.6,11.9,846,1406.2,23511.3,19759.1,414,345.4,100,91.3
"CPP Average","East Renfrewshire","East Renfrewshire Average","6","Faster",9,8,6.1,6.2,96.1,96.7,7.2,8.6,1174.5,587.2,24724.8,19931.4,347.4,297.5,100,94.6
"CPP Average","Edinburgh, City of","Edinburgh, City of Average","6","Slower",10.7,12.2,5.6,5.7,90.3,93.2,9.9,10.5,1262.4,1169.8,25324.9,22314.8,469.8,399.6,100,94.4
"CPP Average","Eilean Siar","Eilean Siar Average","6","Faster",11.4,13.8,5.7,5.4,95.9,97.4,9.7,11,132.4,771.8,24464.9,25346.1,478.4,423.5,100,105.7
"CPP Average","Falkirk","Falkirk Average","6","Slower",17.2,18.1,5.5,5.5,89.8,91.2,12.6,15.6,1411.9,1151,24210.3,26352,461,469.6,100,100.3
"CPP Average","Fife","Fife Average","6","Faster",17.6,17.7,5.4,5.4,88.8,91.4,12.6,16.3,923,1192.3,22948,25995.3,445.9,431,100,99.4
"CPP Average","Glasgow City","Glasgow City Average","6","Slower",22.4,25.5,5.3,5.4,87.4,90.8,19.8,21.5,3819.6,1480.4,34268.7,29805.7,702.6,624.3,100,96.1
"CPP Average","Highland","Highland Average","6","Faster",14.7,15.5,5.5,5.4,93.4,92.9,9.2,12.7,330.7,1313.3,21522.5,20234,432.4,399.2,100,100.1
"CPP Average","Inverclyde","Inverclyde Average","6","Slower",14.2,15.2,5.6,5.6,91.3,93.1,16.3,19.9,1940.4,1100,27954.1,23879.1,551.2,502.5,100,103.9
"CPP Average","Midlothian","Midlothian Average","6","Faster",14.5,14.9,5.4,5.4,88.3,94.4,11.9,14.5,1272.5,1226.5,25046.1,21360.7,420.1,426.6,100,89.4
"CPP Average","Moray","Moray Average","6","Faster",13.6,16.2,5.5,5.4,90.9,94.8,7.8,11.8,1012,1037.2,17486.9,17580.6,400.1,370.1,100,100.2
"CPP Average","North Ayrshire","North Ayrshire Average","6","Slower",20.4,20.4,5.4,5.4,90,91.8,17.2,22.3,2154.3,1404.5,27804.7,26839.5,515.5,526.3,100,102.8
"CPP Average","North Lanarkshire","North Lanarkshire Average","6","Slower",18.9,19.2,5.4,5.3,89.2,90.9,15.3,18.4,2190.2,1318.8,29416,31054.2,555.3,542.5,100,100.9
"CPP Average","Orkney Islands","Orkney Islands Average","6","Slower",12.8,12.6,5.6,5.6,94.4,93.7,6.5,10.4,171.2,774.7,20828.1,17876.5,368.7,346.2,100,99.3
"CPP Average","Perth and Kinross","Perth and Kinross Average","6","Faster",13.5,14,5.6,5.6,92.3,92.4,8.2,11.7,745.4,1038.7,22241.7,25364,368.6,356.1,100,96.8
"CPP Average","Renfrewshire","Renfrewshire Average","6","Slower",12.9,15,5.5,5.6,91.1,92.9,13.7,15.3,1975.7,965.3,28093.6,24249,531.6,464.8,100,96.9
"CPP Average","Scottish Borders","Scottish Borders Average","6","Faster",15,16.5,5.5,5.5,91.3,94.1,9.8,14.1,764.1,1046.6,25375.9,21981.9,380.3,359.6,100,98.7
"CPP Average","Shetland Islands","Shetland Islands Average","6","Faster",7.1,8.9,5.6,5.6,97.3,97.4,5.8,9,162.2,559.5,23492.9,17578,412.9,321.7,100,100.2
"CPP Average","South Ayrshire","South Ayrshire Average","6","Faster",16.6,17.4,5.6,5.6,90.8,95.3,13.5,17.4,1947.6,1257.9,29687.4,26368.1,451.2,451.9,100,101.8
"CPP Average","South Lanarkshire","South Lanarkshire Average","6","Faster",15.6,15.2,5.4,5.6,90.3,93,13.5,16.1,2123.5,1163,26799,25599.7,489.4,462.2,100,97.6
"CPP Average","Stirling","Stirling Average","6","Slower",13.9,13.9,5.6,5.6,91,93.5,10.4,12,1450.4,1071.7,22971.1,24196.8,417.6,405.2,100,96.8
"CPP Average","West Dunbartonshire","West Dunbartonshire Average","6","Faster",18.4,17.8,5.4,5.3,88.6,90.9,17.7,21.3,2357.6,1128.8,29715.2,27574.9,598.1,543.6,100,102.6
"CPP Average","West Lothian","West Lothian Average","6","Faster",15,16.5,5.5,5.5,89.7,93.4,12.2,15.4,1070.8,1189.7,26444.1,26157.3,476.9,434.9,100,96.7
