Strategic Area,InterZone,SAChangeScore,Indicator
South West Fife,S02001738,0.13044937057083106,Child Poverty
South West Fife,S02001739,0.4966870840246531,Child Poverty
South West Fife,S02001740,-0.3505575935215096,Child Poverty
South West Fife,S02001741,-0.027063132536402752,Child Poverty
South West Fife,S02001742,-2.5507289023410142,Child Poverty
South West Fife,S02001743,-1.6835765872698665,Child Poverty
Dunfermline,S02001744,-3.093200597964775,Child Poverty
Dunfermline,S02001745,-0.37125390011091003,Child Poverty
Dunfermline,S02001746,0.09703484058792432,Child Poverty
Dunfermline,S02001747,0.10136331989790387,Child Poverty
Dunfermline,S02001748,-0.30974214375553716,Child Poverty
Dunfermline,S02001749,0.8347924272599773,Child Poverty
Dunfermline,S02001750,0.6129139466556601,Child Poverty
Dunfermline,S02001751,0.8035935442968761,Child Poverty
Dunfermline,S02001752,0.6331497021037098,Child Poverty
Dunfermline,S02001753,0.729966854200281,Child Poverty
Dunfermline,S02001754,-0.550520948627312,Child Poverty
Dunfermline,S02001755,0.9525351118464602,Child Poverty
Dunfermline,S02001756,0.1718774583029904,Child Poverty
Dunfermline,S02001757,0.07018131702161827,Child Poverty
Dunfermline,S02001758,-1.0654719386117648,Child Poverty
South West Fife,S02001759,0.1136868660964162,Child Poverty
South West Fife,S02001760,0.511262633467465,Child Poverty
South West Fife,S02001761,0.06882294499931409,Child Poverty
South West Fife,S02001762,0.523572137315514,Child Poverty
South West Fife,S02001763,0.03668646109951883,Child Poverty
South West Fife,S02001764,1.0109830155924295,Child Poverty
South West Fife,S02001765,1.5916413486618017,Child Poverty
South West Fife,S02001766,-0.8345658807512532,Child Poverty
South West Fife,S02001767,0.44830149768247785,Child Poverty
Dunfermline,S02001768,0.3827810068968975,Child Poverty
Cowdenbeath,S02001769,0.031997087817700325,Child Poverty
Cowdenbeath,S02001770,-0.9452133000031169,Child Poverty
Cowdenbeath,S02001771,-0.1947505566881116,Child Poverty
Cowdenbeath,S02001772,0.8663056992529168,Child Poverty
Cowdenbeath,S02001773,-0.3042859909244695,Child Poverty
Cowdenbeath,S02001774,-1.5702981894111951,Child Poverty
Cowdenbeath,S02001775,-0.3656873598199582,Child Poverty
Cowdenbeath,S02001776,1.5167367070682496,Child Poverty
Cowdenbeath,S02001777,1.4466231696539487,Child Poverty
Cowdenbeath,S02001778,-0.48142726694596416,Child Poverty
South West Fife,S02001779,0.5143987369096249,Child Poverty
Kirkcaldy,S02001780,0.7272779599763183,Child Poverty
Kirkcaldy,S02001781,0.10205300416354014,Child Poverty
Kirkcaldy,S02001782,-1.2163052461214738,Child Poverty
Kirkcaldy,S02001783,-0.008429331801192487,Child Poverty
Kirkcaldy,S02001784,-1.9486238811831806,Child Poverty
Kirkcaldy,S02001785,-1.0595392431743886,Child Poverty
Kirkcaldy,S02001786,-0.04634247646284999,Child Poverty
Kirkcaldy,S02001787,0.2984942667118569,Child Poverty
Kirkcaldy,S02001788,0.6459490505367641,Child Poverty
Kirkcaldy,S02001789,0.4122191310874688,Child Poverty
Kirkcaldy,S02001790,0.5069192230546475,Child Poverty
Kirkcaldy,S02001791,0.5340806249109733,Child Poverty
Kirkcaldy,S02001792,1.3458377324719066,Child Poverty
Kirkcaldy,S02001793,0.35605789455807474,Child Poverty
Kirkcaldy,S02001794,-2.07219900132699,Child Poverty
Kirkcaldy,S02001795,1.2575826429656327,Child Poverty
Kirkcaldy,S02001796,0.16496764963289218,Child Poverty
Levenmouth,S02001797,1.160208023495263,Child Poverty
Glenrothes,S02001798,0.5678262023839767,Child Poverty
Glenrothes,S02001799,0.37533302521852235,Child Poverty
Glenrothes,S02001800,0.6674805225273021,Child Poverty
Glenrothes,S02001801,0.5678486987781549,Child Poverty
Glenrothes,S02001802,0.02784757976517277,Child Poverty
Glenrothes,S02001803,0.4362317233223688,Child Poverty
Glenrothes,S02001804,-0.7488424362631858,Child Poverty
Glenrothes,S02001805,0.3689970698604681,Child Poverty
Glenrothes,S02001806,-0.14692051977111978,Child Poverty
Glenrothes,S02001807,-3.1397162493743975,Child Poverty
Glenrothes,S02001808,0.728608175650217,Child Poverty
Glenrothes,S02001809,0.2510090561805731,Child Poverty
Glenrothes,S02001810,0.4729580649545211,Child Poverty
Glenrothes,S02001811,-0.4286609132325734,Child Poverty
Levenmouth,S02001812,0.7497383086940381,Child Poverty
Levenmouth,S02001813,-0.3696813956732813,Child Poverty
Levenmouth,S02001814,-1.9193889640034334,Child Poverty
Levenmouth,S02001815,-0.07185784275093907,Child Poverty
Levenmouth,S02001816,0.9872116952403833,Child Poverty
Levenmouth,S02001817,0.7845174239484574,Child Poverty
Levenmouth,S02001818,0.3198323403147471,Child Poverty
Levenmouth,S02001819,-1.5889754640324156,Child Poverty
Levenmouth,S02001820,0.12815599645651407,Child Poverty
Levenmouth,S02001821,-0.17976012168933314,Child Poverty
North East Fife,S02001822,0.04083487993058081,Child Poverty
North East Fife,S02001823,0.12843651133027956,Child Poverty
North East Fife,S02001824,0.44898347835339575,Child Poverty
North East Fife,S02001825,0.1214894891118234,Child Poverty
North East Fife,S02001826,-0.7870480789034464,Child Poverty
North East Fife,S02001827,0.4346234759647366,Child Poverty
North East Fife,S02001828,0.549762341561296,Child Poverty
North East Fife,S02001829,0.5662865407806326,Child Poverty
North East Fife,S02001830,0.6737213479264723,Child Poverty
North East Fife,S02001831,0.41686597607921133,Child Poverty
North East Fife,S02001832,0.4592948197131991,Child Poverty
North East Fife,S02001833,0.45380575987498806,Child Poverty
North East Fife,S02001834,-1.9791297872505662,Child Poverty
North East Fife,S02001835,0.6996255755405049,Child Poverty
North East Fife,S02001836,0.7761002823455528,Child Poverty
North East Fife,S02001837,-1.0090330589337817,Child Poverty
North East Fife,S02001838,-3.0327194955294563,Child Poverty
North East Fife,S02001839,-0.24490226874496374,Child Poverty
North East Fife,S02001840,0.3395588283284777,Child Poverty
North East Fife,S02001841,0.9434433825210636,Child Poverty
South West Fife,S02001738,-1.359798105664294,Attainment
South West Fife,S02001739,1.0463024395305391,Attainment
South West Fife,S02001740,-0.587257342431304,Attainment
South West Fife,S02001741,-0.45118004204165624,Attainment
South West Fife,S02001742,0.2554949812486907,Attainment
South West Fife,S02001743,-0.42332967511249325,Attainment
Dunfermline,S02001744,-0.20148511600107788,Attainment
Dunfermline,S02001745,-0.1366115848163277,Attainment
Dunfermline,S02001746,-0.8441863441357574,Attainment
Dunfermline,S02001747,-1.4992219847125208,Attainment
Dunfermline,S02001748,-0.3435743130019542,Attainment
Dunfermline,S02001749,0.25386586139032447,Attainment
Dunfermline,S02001750,-0.13394906250449784,Attainment
Dunfermline,S02001751,-0.14512650954367887,Attainment
Dunfermline,S02001752,-1.6970704513713695,Attainment
Dunfermline,S02001753,2.109227478784295,Attainment
Dunfermline,S02001754,0.5738498504376855,Attainment
Dunfermline,S02001755,0.748490321691917,Attainment
Dunfermline,S02001756,1.5850583918973273,Attainment
Dunfermline,S02001757,0.6940668411520755,Attainment
Dunfermline,S02001758,-0.27874543841102256,Attainment
South West Fife,S02001759,0.545635765825392,Attainment
South West Fife,S02001760,0.3531490911806841,Attainment
South West Fife,S02001761,0.701541707304826,Attainment
South West Fife,S02001762,1.3477607910622829,Attainment
South West Fife,S02001763,1.474560544726112,Attainment
South West Fife,S02001764,0.3949648041652237,Attainment
South West Fife,S02001765,-0.01636135702453533,Attainment
South West Fife,S02001766,0.1356080487444269,Attainment
South West Fife,S02001767,-1.2932227565998429,Attainment
Dunfermline,S02001768,-0.6845879408554185,Attainment
Cowdenbeath,S02001769,1.7326464731914122,Attainment
Cowdenbeath,S02001770,-0.6120073923633379,Attainment
Cowdenbeath,S02001771,-0.5357261175411252,Attainment
Cowdenbeath,S02001772,0.13763494420466996,Attainment
Cowdenbeath,S02001773,-0.6353283005988049,Attainment
Cowdenbeath,S02001774,-0.1919157281193331,Attainment
Cowdenbeath,S02001775,0.23682814730850213,Attainment
Cowdenbeath,S02001776,1.007853244115812,Attainment
Cowdenbeath,S02001777,0.6860576549652436,Attainment
Cowdenbeath,S02001778,-1.8260429251630386,Attainment
South West Fife,S02001779,-2.123868894914052,Attainment
Kirkcaldy,S02001780,1.2892635729036528,Attainment
Kirkcaldy,S02001781,-0.49396595993067677,Attainment
Kirkcaldy,S02001782,0.392518431554911,Attainment
Kirkcaldy,S02001783,0.8324251513044908,Attainment
Kirkcaldy,S02001784,-0.32975685436326463,Attainment
Kirkcaldy,S02001785,-1.4066693571807296,Attainment
Kirkcaldy,S02001786,1.683724468057373,Attainment
Kirkcaldy,S02001787,-0.6891670616730657,Attainment
Kirkcaldy,S02001788,-0.7461588280218273,Attainment
Kirkcaldy,S02001789,-0.8545025549092787,Attainment
Kirkcaldy,S02001790,-0.03989878711677972,Attainment
Kirkcaldy,S02001791,-0.7007827518965439,Attainment
Kirkcaldy,S02001792,1.490121197046742,Attainment
Kirkcaldy,S02001793,0.5476161483074267,Attainment
Kirkcaldy,S02001794,-0.9478721748126006,Attainment
Kirkcaldy,S02001795,-1.1646799615882297,Attainment
Kirkcaldy,S02001796,1.1377853223183998,Attainment
Levenmouth,S02001797,-0.509468428527086,Attainment
Glenrothes,S02001798,-0.21670367324024314,Attainment
Glenrothes,S02001799,0.38201412389979694,Attainment
Glenrothes,S02001800,0.46239419402111653,Attainment
Glenrothes,S02001801,-0.2869777327569756,Attainment
Glenrothes,S02001802,2.0877857890386227,Attainment
Glenrothes,S02001803,-0.4361077280550363,Attainment
Glenrothes,S02001804,-0.19142655182748508,Attainment
Glenrothes,S02001805,-1.1407226199248628,Attainment
Glenrothes,S02001806,-0.0896098354320031,Attainment
Glenrothes,S02001807,-1.2403995091463076,Attainment
Glenrothes,S02001808,2.0310309481014768,Attainment
Glenrothes,S02001809,-0.8857857800017326,Attainment
Glenrothes,S02001810,-0.07246078884204826,Attainment
Glenrothes,S02001811,-0.4030308358343187,Attainment
Levenmouth,S02001812,-0.4676834031429754,Attainment
Levenmouth,S02001813,-1.0353583874288537,Attainment
Levenmouth,S02001814,-0.5852865535672447,Attainment
Levenmouth,S02001815,-0.6099962993712575,Attainment
Levenmouth,S02001816,-0.14484907252651205,Attainment
Levenmouth,S02001817,-0.7329480471956038,Attainment
Levenmouth,S02001818,-0.2311364509096908,Attainment
Levenmouth,S02001819,0.8671173070133829,Attainment
Levenmouth,S02001820,2.1839770037886903,Attainment
Levenmouth,S02001821,1.2656323318671505,Attainment
North East Fife,S02001822,0.5510679066429326,Attainment
North East Fife,S02001823,-0.7764726817404433,Attainment
North East Fife,S02001824,-0.25862518581925925,Attainment
North East Fife,S02001825,1.3560233936256034,Attainment
North East Fife,S02001826,-0.6158947253406072,Attainment
North East Fife,S02001827,1.1308330395354684,Attainment
North East Fife,S02001828,0.5235895228320536,Attainment
North East Fife,S02001829,-0.9724249695223268,Attainment
North East Fife,S02001830,-1.7901561871298453,Attainment
North East Fife,S02001831,0.6786041412345745,Attainment
North East Fife,S02001832,2.142405069432603,Attainment
North East Fife,S02001833,-0.3171213279009854,Attainment
North East Fife,S02001834,0.622273966887192,Attainment
North East Fife,S02001835,-0.4727670093456492,Attainment
North East Fife,S02001836,1.2417452738670525,Attainment
North East Fife,S02001837,0.07777309195935277,Attainment
North East Fife,S02001838,-1.0308972028601189,Attainment
North East Fife,S02001839,-0.8688459616423655,Attainment
North East Fife,S02001840,-0.9513797246066273,Attainment
North East Fife,S02001841,-0.26973043010860454,Attainment
South West Fife,S02001738,0.796997026255369,Participation Rate
South West Fife,S02001739,1.9678542370645582,Participation Rate
South West Fife,S02001740,-0.9364900628607941,Participation Rate
South West Fife,S02001741,1.0321941364999514,Participation Rate
South West Fife,S02001742,-0.25775211799327014,Participation Rate
South West Fife,S02001743,-0.7934405173723517,Participation Rate
Dunfermline,S02001744,-1.170832389876119,Participation Rate
Dunfermline,S02001745,-0.5039034755189019,Participation Rate
Dunfermline,S02001746,-1.121907008342403,Participation Rate
Dunfermline,S02001747,1.1998643753643459,Participation Rate
Dunfermline,S02001748,1.6809469879069046,Participation Rate
Dunfermline,S02001749,0.38658272275379757,Participation Rate
Dunfermline,S02001750,-0.5588992706751004,Participation Rate
Dunfermline,S02001751,0.11875677491152982,Participation Rate
Dunfermline,S02001752,-0.8440063630477236,Participation Rate
Dunfermline,S02001753,0.1553361449700334,Participation Rate
Dunfermline,S02001754,2.0853662350277933,Participation Rate
Dunfermline,S02001755,-0.183223371180741,Participation Rate
Dunfermline,S02001756,0.6476219562253309,Participation Rate
Dunfermline,S02001757,-0.8060154621350356,Participation Rate
Dunfermline,S02001758,-1.0897209813910445,Participation Rate
South West Fife,S02001759,-0.42771741550858966,Participation Rate
South West Fife,S02001760,-0.7881624340606359,Participation Rate
South West Fife,S02001761,0.6463318618764489,Participation Rate
South West Fife,S02001762,-0.6111281784723464,Participation Rate
South West Fife,S02001763,1.6391602905326634,Participation Rate
South West Fife,S02001764,0.8872510371439762,Participation Rate
South West Fife,S02001765,-0.9097029510740855,Participation Rate
South West Fife,S02001766,-0.36048121330595034,Participation Rate
South West Fife,S02001767,-1.1014245697992304,Participation Rate
Dunfermline,S02001768,0.004033125007333627,Participation Rate
Cowdenbeath,S02001769,0.6345337398535631,Participation Rate
Cowdenbeath,S02001770,-0.48770192827103903,Participation Rate
Cowdenbeath,S02001771,-1.4173665892157727,Participation Rate
Cowdenbeath,S02001772,-1.0303253810779125,Participation Rate
Cowdenbeath,S02001773,0.4617385956090653,Participation Rate
Cowdenbeath,S02001774,0.4184014012233963,Participation Rate
Cowdenbeath,S02001775,1.9860130024059894,Participation Rate
Cowdenbeath,S02001776,0.5442500541713863,Participation Rate
Cowdenbeath,S02001777,-0.4051810482096214,Participation Rate
Cowdenbeath,S02001778,-0.7043618464890543,Participation Rate
South West Fife,S02001779,-0.7834891289257129,Participation Rate
Kirkcaldy,S02001780,1.9467627790117241,Participation Rate
Kirkcaldy,S02001781,-1.4136335928032275,Participation Rate
Kirkcaldy,S02001782,-1.297616431927729,Participation Rate
Kirkcaldy,S02001783,0.5481737365827936,Participation Rate
Kirkcaldy,S02001784,1.578279439338103,Participation Rate
Kirkcaldy,S02001785,-0.5387648797204558,Participation Rate
Kirkcaldy,S02001786,0.07074250739231802,Participation Rate
Kirkcaldy,S02001787,-0.30489441496735303,Participation Rate
Kirkcaldy,S02001788,0.4474825686863202,Participation Rate
Kirkcaldy,S02001789,-0.9472816273756305,Participation Rate
Kirkcaldy,S02001790,-0.04356420377931677,Participation Rate
Kirkcaldy,S02001791,-0.6026647769688375,Participation Rate
Kirkcaldy,S02001792,0.3139932603108324,Participation Rate
Kirkcaldy,S02001793,0.2949998921240908,Participation Rate
Kirkcaldy,S02001794,-0.9246180030665209,Participation Rate
Kirkcaldy,S02001795,1.5463274582945818,Participation Rate
Kirkcaldy,S02001796,-0.6737237111316925,Participation Rate
Levenmouth,S02001797,1.2042008939933602,Participation Rate
Glenrothes,S02001798,0.2049359263496796,Participation Rate
Glenrothes,S02001799,0.9488255205294664,Participation Rate
Glenrothes,S02001800,0.2045290953674153,Participation Rate
Glenrothes,S02001801,0.13969217971755443,Participation Rate
Glenrothes,S02001802,1.244719129214992,Participation Rate
Glenrothes,S02001803,0.28889336978080005,Participation Rate
Glenrothes,S02001804,-0.38182671451688177,Participation Rate
Glenrothes,S02001805,-1.6717844975673313,Participation Rate
Glenrothes,S02001806,-0.8035416788094722,Participation Rate
Glenrothes,S02001807,-0.39240758437699125,Participation Rate
Glenrothes,S02001808,-1.0287623647852353,Participation Rate
Glenrothes,S02001809,1.6820327008247846,Participation Rate
Glenrothes,S02001810,0.931466903972063,Participation Rate
Glenrothes,S02001811,-1.3667719857008436,Participation Rate
Levenmouth,S02001812,-1.3123669640520714,Participation Rate
Levenmouth,S02001813,1.1718552723963698,Participation Rate
Levenmouth,S02001814,1.8151154524824427,Participation Rate
Levenmouth,S02001815,-0.10445014621535904,Participation Rate
Levenmouth,S02001816,-1.074525518256633,Participation Rate
Levenmouth,S02001817,-0.40535375527978756,Participation Rate
Levenmouth,S02001818,0.10672509693886605,Participation Rate
Levenmouth,S02001819,-0.7170191391858551,Participation Rate
Levenmouth,S02001820,-0.5295993153512324,Participation Rate
Levenmouth,S02001821,-0.1545818774701003,Participation Rate
North East Fife,S02001822,6.98543315207202e-4,Participation Rate
North East Fife,S02001823,-1.1543801548801134,Participation Rate
North East Fife,S02001824,-0.11918521457079516,Participation Rate
North East Fife,S02001825,0.7625264957021908,Participation Rate
North East Fife,S02001826,-0.3366822164824988,Participation Rate
North East Fife,S02001827,1.3117832764122335,Participation Rate
North East Fife,S02001828,-0.26865280036197786,Participation Rate
North East Fife,S02001829,-0.4737750986639265,Participation Rate
North East Fife,S02001830,1.3375132512108918,Participation Rate
North East Fife,S02001831,0.09793593955899157,Participation Rate
North East Fife,S02001832,-1.1080850346824183,Participation Rate
North East Fife,S02001833,-0.24284820817953187,Participation Rate
North East Fife,S02001834,1.957149285235519,Participation Rate
North East Fife,S02001835,1.418778896500479,Participation Rate
North East Fife,S02001836,-0.6505461330161396,Participation Rate
North East Fife,S02001837,-1.9694818215499865,Participation Rate
North East Fife,S02001838,0.7784201008199536,Participation Rate
North East Fife,S02001839,-0.9880804933390726,Participation Rate
North East Fife,S02001840,-0.357670517248779,Participation Rate
North East Fife,S02001841,0.004581904219772463,Participation Rate
South West Fife,S02001738,-0.058938825303710383,Out of Work Benefits
South West Fife,S02001739,-0.2276244417519111,Out of Work Benefits
South West Fife,S02001740,0.6170999061436223,Out of Work Benefits
South West Fife,S02001741,1.150384140145856,Out of Work Benefits
South West Fife,S02001742,-0.14935158362252135,Out of Work Benefits
South West Fife,S02001743,-2.860262574855851,Out of Work Benefits
Dunfermline,S02001744,-1.4133910056684906,Out of Work Benefits
Dunfermline,S02001745,0.5090289929590401,Out of Work Benefits
Dunfermline,S02001746,0.4963236167225244,Out of Work Benefits
Dunfermline,S02001747,1.2001010445717561,Out of Work Benefits
Dunfermline,S02001748,-0.04904941789457828,Out of Work Benefits
Dunfermline,S02001749,1.4164726388559492,Out of Work Benefits
Dunfermline,S02001750,-0.7036048951514542,Out of Work Benefits
Dunfermline,S02001751,0.1745135390680745,Out of Work Benefits
Dunfermline,S02001752,0.518963375441227,Out of Work Benefits
Dunfermline,S02001753,0.15770107404443653,Out of Work Benefits
Dunfermline,S02001754,-0.07866521234373026,Out of Work Benefits
Dunfermline,S02001755,-0.8700992211032786,Out of Work Benefits
Dunfermline,S02001756,-2.6249034921984977,Out of Work Benefits
Dunfermline,S02001757,0.46530542293645544,Out of Work Benefits
Dunfermline,S02001758,0.537025609954541,Out of Work Benefits
South West Fife,S02001759,0.17730979375616263,Out of Work Benefits
South West Fife,S02001760,-1.215093664175094,Out of Work Benefits
South West Fife,S02001761,0.35891594753754985,Out of Work Benefits
South West Fife,S02001762,0.48751682060160906,Out of Work Benefits
South West Fife,S02001763,-0.7368681927365721,Out of Work Benefits
South West Fife,S02001764,0.176732552111653,Out of Work Benefits
South West Fife,S02001765,1.3677079957278788,Out of Work Benefits
South West Fife,S02001766,0.8456420515699539,Out of Work Benefits
South West Fife,S02001767,0.01687887443813526,Out of Work Benefits
Dunfermline,S02001768,0.2642779298060253,Out of Work Benefits
Cowdenbeath,S02001769,0.22820501943391688,Out of Work Benefits
Cowdenbeath,S02001770,-0.09350131692010315,Out of Work Benefits
Cowdenbeath,S02001771,1.8572727817919916,Out of Work Benefits
Cowdenbeath,S02001772,1.1300306390689852,Out of Work Benefits
Cowdenbeath,S02001773,-0.024992916778505,Out of Work Benefits
Cowdenbeath,S02001774,-0.4697541966000251,Out of Work Benefits
Cowdenbeath,S02001775,-0.8215835149973467,Out of Work Benefits
Cowdenbeath,S02001776,-1.772438444360745,Out of Work Benefits
Cowdenbeath,S02001777,0.27864779921295774,Out of Work Benefits
Cowdenbeath,S02001778,-0.3118858498511261,Out of Work Benefits
South West Fife,S02001779,0.04995120041323859,Out of Work Benefits
Kirkcaldy,S02001780,1.3255836184744139,Out of Work Benefits
Kirkcaldy,S02001781,-0.33056927898311617,Out of Work Benefits
Kirkcaldy,S02001782,-0.5901052319527987,Out of Work Benefits
Kirkcaldy,S02001783,1.208107581747414,Out of Work Benefits
Kirkcaldy,S02001784,-0.6852526347966057,Out of Work Benefits
Kirkcaldy,S02001785,0.3615131664237897,Out of Work Benefits
Kirkcaldy,S02001786,-1.577620758787134,Out of Work Benefits
Kirkcaldy,S02001787,-1.6790977837195897,Out of Work Benefits
Kirkcaldy,S02001788,-0.41542679766690654,Out of Work Benefits
Kirkcaldy,S02001789,-0.04499107980317304,Out of Work Benefits
Kirkcaldy,S02001790,0.37518851767583883,Out of Work Benefits
Kirkcaldy,S02001791,0.5917178198212563,Out of Work Benefits
Kirkcaldy,S02001792,-0.3390426872940713,Out of Work Benefits
Kirkcaldy,S02001793,0.6066721557618987,Out of Work Benefits
Kirkcaldy,S02001794,-0.9905702237247737,Out of Work Benefits
Kirkcaldy,S02001795,2.067359089101929,Out of Work Benefits
Kirkcaldy,S02001796,0.11653452772162835,Out of Work Benefits
Levenmouth,S02001797,1.2674682263766235,Out of Work Benefits
Glenrothes,S02001798,-0.9525951557157483,Out of Work Benefits
Glenrothes,S02001799,-0.02192152261690986,Out of Work Benefits
Glenrothes,S02001800,1.2700491232123559,Out of Work Benefits
Glenrothes,S02001801,-0.35827591901828365,Out of Work Benefits
Glenrothes,S02001802,1.2401748482946406,Out of Work Benefits
Glenrothes,S02001803,1.0019573762769791,Out of Work Benefits
Glenrothes,S02001804,-2.1899631251523846,Out of Work Benefits
Glenrothes,S02001805,0.06352095730916722,Out of Work Benefits
Glenrothes,S02001806,-0.012861894946014911,Out of Work Benefits
Glenrothes,S02001807,-0.9372783286923193,Out of Work Benefits
Glenrothes,S02001808,-0.24890432881963054,Out of Work Benefits
Glenrothes,S02001809,0.29834497528995546,Out of Work Benefits
Glenrothes,S02001810,-0.47607019946496415,Out of Work Benefits
Glenrothes,S02001811,1.3238231940431575,Out of Work Benefits
Levenmouth,S02001812,-0.6138093706442419,Out of Work Benefits
Levenmouth,S02001813,0.03150616829755985,Out of Work Benefits
Levenmouth,S02001814,0.10953354344993621,Out of Work Benefits
Levenmouth,S02001815,-0.6471980418214608,Out of Work Benefits
Levenmouth,S02001816,-0.5954540064167533,Out of Work Benefits
Levenmouth,S02001817,0.9909558024613582,Out of Work Benefits
Levenmouth,S02001818,1.2583249306363655,Out of Work Benefits
Levenmouth,S02001819,0.47497634672441535,Out of Work Benefits
Levenmouth,S02001820,-2.0995530518096106,Out of Work Benefits
Levenmouth,S02001821,-0.17675054725419234,Out of Work Benefits
North East Fife,S02001822,-1.0394195732985,Out of Work Benefits
North East Fife,S02001823,-1.1241754458867461,Out of Work Benefits
North East Fife,S02001824,0.5868448658337759,Out of Work Benefits
North East Fife,S02001825,0.15863287578640617,Out of Work Benefits
North East Fife,S02001826,0.10918427447150476,Out of Work Benefits
North East Fife,S02001827,0.7088450280172174,Out of Work Benefits
North East Fife,S02001828,-0.021608321348326052,Out of Work Benefits
North East Fife,S02001829,1.067330981647612,Out of Work Benefits
North East Fife,S02001830,0.45483436846705677,Out of Work Benefits
North East Fife,S02001831,-0.8113790644736196,Out of Work Benefits
North East Fife,S02001832,0.9427007568518281,Out of Work Benefits
North East Fife,S02001833,0.3061082254862791,Out of Work Benefits
North East Fife,S02001834,0.37295230748674907,Out of Work Benefits
North East Fife,S02001835,0.47909128965705905,Out of Work Benefits
North East Fife,S02001836,0.4140640186851239,Out of Work Benefits
North East Fife,S02001837,0.5554008157695602,Out of Work Benefits
North East Fife,S02001838,-0.20944554927568917,Out of Work Benefits
North East Fife,S02001839,-3.1912728201757954,Out of Work Benefits
North East Fife,S02001840,1.0368697182417044,Out of Work Benefits
North East Fife,S02001841,-0.7955587519432002,Out of Work Benefits
South West Fife,S02001738,-0.8576006440522955,Crime Rate
South West Fife,S02001739,1.0373985294971406,Crime Rate
South West Fife,S02001740,0.5652393660448092,Crime Rate
South West Fife,S02001741,0.5578730613199658,Crime Rate
South West Fife,S02001742,-0.24013663120060294,Crime Rate
South West Fife,S02001743,-1.4521718430655983,Crime Rate
Dunfermline,S02001744,-0.6898551613945884,Crime Rate
Dunfermline,S02001745,0.3319381840538927,Crime Rate
Dunfermline,S02001746,0.45557487717626793,Crime Rate
Dunfermline,S02001747,1.445445284197545,Crime Rate
Dunfermline,S02001748,-0.2724607502031545,Crime Rate
Dunfermline,S02001749,0.17802752843300132,Crime Rate
Dunfermline,S02001750,-0.15434362432259519,Crime Rate
Dunfermline,S02001751,1.2394913609362919,Crime Rate
Dunfermline,S02001752,0.9847131837673642,Crime Rate
Dunfermline,S02001753,0.8523516131624974,Crime Rate
Dunfermline,S02001754,0.44643650437203386,Crime Rate
Dunfermline,S02001755,-2.1401369698628905,Crime Rate
Dunfermline,S02001756,-1.7063515313025364,Crime Rate
Dunfermline,S02001757,-0.9935110153643033,Crime Rate
Dunfermline,S02001758,0.20673075507819,Crime Rate
South West Fife,S02001759,0.9603173803665522,Crime Rate
South West Fife,S02001760,0.16429446395314395,Crime Rate
South West Fife,S02001761,0.5934648510666569,Crime Rate
South West Fife,S02001762,0.5052831788991405,Crime Rate
South West Fife,S02001763,0.28615020162779464,Crime Rate
South West Fife,S02001764,1.1719902496283086,Crime Rate
South West Fife,S02001765,-0.9726647899602037,Crime Rate
South West Fife,S02001766,-2.45875481259118,Crime Rate
South West Fife,S02001767,-0.3649246028374493,Crime Rate
Dunfermline,S02001768,-0.18405023872701584,Crime Rate
Cowdenbeath,S02001769,-0.09976128666126582,Crime Rate
Cowdenbeath,S02001770,0.7379620503026835,Crime Rate
Cowdenbeath,S02001771,-0.9891505795613417,Crime Rate
Cowdenbeath,S02001772,-0.04165845121538224,Crime Rate
Cowdenbeath,S02001773,-0.8637826288247192,Crime Rate
Cowdenbeath,S02001774,0.38228590912753607,Crime Rate
Cowdenbeath,S02001775,1.4110456491850076,Crime Rate
Cowdenbeath,S02001776,-1.731978088587514,Crime Rate
Cowdenbeath,S02001777,1.2563765535251825,Crime Rate
Cowdenbeath,S02001778,-0.06133912729018735,Crime Rate
South West Fife,S02001779,0.5042420413038174,Crime Rate
Kirkcaldy,S02001780,0.5213989385428355,Crime Rate
Kirkcaldy,S02001781,-0.08466133956251588,Crime Rate
Kirkcaldy,S02001782,-0.14358194891424558,Crime Rate
Kirkcaldy,S02001783,0.5420252657075312,Crime Rate
Kirkcaldy,S02001784,1.083576087087616,Crime Rate
Kirkcaldy,S02001785,0.7223142069466104,Crime Rate
Kirkcaldy,S02001786,0.5496284712908104,Crime Rate
Kirkcaldy,S02001787,-0.33957173779805705,Crime Rate
Kirkcaldy,S02001788,1.1934099457092853,Crime Rate
Kirkcaldy,S02001789,-0.45349799775354316,Crime Rate
Kirkcaldy,S02001790,0.4301937976185026,Crime Rate
Kirkcaldy,S02001791,-1.39956450511973,Crime Rate
Kirkcaldy,S02001792,-2.6305052103435274,Crime Rate
Kirkcaldy,S02001793,-0.754156001326412,Crime Rate
Kirkcaldy,S02001794,0.623869974529313,Crime Rate
Kirkcaldy,S02001795,0.9729871925100622,Crime Rate
Kirkcaldy,S02001796,-0.8338651391245359,Crime Rate
Levenmouth,S02001797,0.663091380102897,Crime Rate
Glenrothes,S02001798,-0.05128658267892758,Crime Rate
Glenrothes,S02001799,0.4983423285816066,Crime Rate
Glenrothes,S02001800,0.852959549413235,Crime Rate
Glenrothes,S02001801,1.465803439643905,Crime Rate
Glenrothes,S02001802,0.7032830858053606,Crime Rate
Glenrothes,S02001803,0.2081110932617418,Crime Rate
Glenrothes,S02001804,0.8029214686953937,Crime Rate
Glenrothes,S02001805,-1.2549474594406118,Crime Rate
Glenrothes,S02001806,0.154070911817047,Crime Rate
Glenrothes,S02001807,-2.50333856882112,Crime Rate
Glenrothes,S02001808,0.15037341819775932,Crime Rate
Glenrothes,S02001809,-0.29494345250210774,Crime Rate
Glenrothes,S02001810,0.10757482456406943,Crime Rate
Glenrothes,S02001811,-0.8389240565373512,Crime Rate
Levenmouth,S02001812,-0.4296707793181185,Crime Rate
Levenmouth,S02001813,0.20247344361283864,Crime Rate
Levenmouth,S02001814,0.42109626067721356,Crime Rate
Levenmouth,S02001815,0.7130420214104839,Crime Rate
Levenmouth,S02001816,0.8934891400843933,Crime Rate
Levenmouth,S02001817,-0.09361587058079467,Crime Rate
Levenmouth,S02001818,0.2752794756893142,Crime Rate
Levenmouth,S02001819,-0.010975264526676062,Crime Rate
Levenmouth,S02001820,-2.7827838738356694,Crime Rate
Levenmouth,S02001821,0.14857406668411788,Crime Rate
North East Fife,S02001822,0.4230974609683702,Crime Rate
North East Fife,S02001823,0.26776662687405345,Crime Rate
North East Fife,S02001824,1.363199566414985,Crime Rate
North East Fife,S02001825,-0.7437088621395831,Crime Rate
North East Fife,S02001826,0.4006105210229359,Crime Rate
North East Fife,S02001827,0.4712167926257202,Crime Rate
North East Fife,S02001828,-0.6043249403557804,Crime Rate
North East Fife,S02001829,0.3489913177597768,Crime Rate
North East Fife,S02001830,-0.13374321722111326,Crime Rate
North East Fife,S02001831,0.6423830294822728,Crime Rate
North East Fife,S02001832,0.9401483404584886,Crime Rate
North East Fife,S02001833,-0.6065403754115657,Crime Rate
North East Fife,S02001834,0.5762982519389594,Crime Rate
North East Fife,S02001835,0.42859778100336915,Crime Rate
North East Fife,S02001836,-1.3078291595356777,Crime Rate
North East Fife,S02001837,-1.679975221494441,Crime Rate
North East Fife,S02001838,1.172353928519059,Crime Rate
North East Fife,S02001839,-1.1787003114801404,Crime Rate
North East Fife,S02001840,1.2937728725311628,Crime Rate
North East Fife,S02001841,-2.0736144019608527,Crime Rate
South West Fife,S02001738,-0.6475497552360348,Emergency Admissions
South West Fife,S02001739,0.057384085949862704,Emergency Admissions
South West Fife,S02001740,-1.2776590611353797,Emergency Admissions
South West Fife,S02001741,-0.7159607111963998,Emergency Admissions
South West Fife,S02001742,0.9911737672617562,Emergency Admissions
South West Fife,S02001743,-0.22773260282929292,Emergency Admissions
Dunfermline,S02001744,0.485601251219512,Emergency Admissions
Dunfermline,S02001745,2.1684114765384606,Emergency Admissions
Dunfermline,S02001746,-0.5911763345586906,Emergency Admissions
Dunfermline,S02001747,0.23676015750459217,Emergency Admissions
Dunfermline,S02001748,1.0617062627698923,Emergency Admissions
Dunfermline,S02001749,0.6498719231825583,Emergency Admissions
Dunfermline,S02001750,-1.3038238752143347,Emergency Admissions
Dunfermline,S02001751,-0.031167453421813974,Emergency Admissions
Dunfermline,S02001752,0.5374123437190041,Emergency Admissions
Dunfermline,S02001753,0.5893671212714292,Emergency Admissions
Dunfermline,S02001754,-0.5693668990247067,Emergency Admissions
Dunfermline,S02001755,-0.8735300213809696,Emergency Admissions
Dunfermline,S02001756,0.2801379168781434,Emergency Admissions
Dunfermline,S02001757,-2.1026986778060457,Emergency Admissions
Dunfermline,S02001758,-0.13003965954058816,Emergency Admissions
South West Fife,S02001759,-0.8514133151457993,Emergency Admissions
South West Fife,S02001760,0.8279936083135371,Emergency Admissions
South West Fife,S02001761,0.9684395240202821,Emergency Admissions
South West Fife,S02001762,1.7342311485391526,Emergency Admissions
South West Fife,S02001763,-0.837188566090973,Emergency Admissions
South West Fife,S02001764,-1.5006796764117676,Emergency Admissions
South West Fife,S02001765,-0.9049525097300285,Emergency Admissions
South West Fife,S02001766,0.6646830273360614,Emergency Admissions
South West Fife,S02001767,0.44090851067404413,Emergency Admissions
Dunfermline,S02001768,-0.4074655321364417,Emergency Admissions
Cowdenbeath,S02001769,0.38269349246780215,Emergency Admissions
Cowdenbeath,S02001770,-0.9550313713597314,Emergency Admissions
Cowdenbeath,S02001771,-0.5036523889400648,Emergency Admissions
Cowdenbeath,S02001772,0.7566458302489272,Emergency Admissions
Cowdenbeath,S02001773,1.1290245506546515,Emergency Admissions
Cowdenbeath,S02001774,0.0012726100572934974,Emergency Admissions
Cowdenbeath,S02001775,0.5820980797497752,Emergency Admissions
Cowdenbeath,S02001776,0.9287136876527496,Emergency Admissions
Cowdenbeath,S02001777,-2.1467680426271176,Emergency Admissions
Cowdenbeath,S02001778,-0.1749964479042848,Emergency Admissions
South West Fife,S02001779,1.2783225256809807,Emergency Admissions
Kirkcaldy,S02001780,0.9164331067322052,Emergency Admissions
Kirkcaldy,S02001781,-0.530881142047207,Emergency Admissions
Kirkcaldy,S02001782,0.5011415027040419,Emergency Admissions
Kirkcaldy,S02001783,-0.3127871115881019,Emergency Admissions
Kirkcaldy,S02001784,0.3520664736299652,Emergency Admissions
Kirkcaldy,S02001785,-0.3124503613297521,Emergency Admissions
Kirkcaldy,S02001786,-2.4345033227062274,Emergency Admissions
Kirkcaldy,S02001787,0.9515700000606809,Emergency Admissions
Kirkcaldy,S02001788,1.053728108146778,Emergency Admissions
Kirkcaldy,S02001789,0.9936745544431366,Emergency Admissions
Kirkcaldy,S02001790,0.7947587121221683,Emergency Admissions
Kirkcaldy,S02001791,-0.9961844996165984,Emergency Admissions
Kirkcaldy,S02001792,-1.6993706123584735,Emergency Admissions
Kirkcaldy,S02001793,0.18632977450662286,Emergency Admissions
Kirkcaldy,S02001794,0.0863475752483142,Emergency Admissions
Kirkcaldy,S02001795,-0.37592290958864555,Emergency Admissions
Kirkcaldy,S02001796,0.8260501516410912,Emergency Admissions
Levenmouth,S02001797,0.39414960579448644,Emergency Admissions
Glenrothes,S02001798,-0.7464751270820925,Emergency Admissions
Glenrothes,S02001799,1.5205827815306727,Emergency Admissions
Glenrothes,S02001800,-1.18872459011873,Emergency Admissions
Glenrothes,S02001801,-0.10576583838463018,Emergency Admissions
Glenrothes,S02001802,-0.16599447521415556,Emergency Admissions
Glenrothes,S02001803,0.07120872142057924,Emergency Admissions
Glenrothes,S02001804,-1.1336517712434333,Emergency Admissions
Glenrothes,S02001805,0.6347045727248307,Emergency Admissions
Glenrothes,S02001806,-1.2059940372800975,Emergency Admissions
Glenrothes,S02001807,-1.2966945486529768,Emergency Admissions
Glenrothes,S02001808,0.8060949231325096,Emergency Admissions
Glenrothes,S02001809,1.3897393876347757,Emergency Admissions
Glenrothes,S02001810,1.0704352826220334,Emergency Admissions
Glenrothes,S02001811,0.3505347189107149,Emergency Admissions
Levenmouth,S02001812,0.4406639829078002,Emergency Admissions
Levenmouth,S02001813,0.2737380367703981,Emergency Admissions
Levenmouth,S02001814,-0.30307390891609437,Emergency Admissions
Levenmouth,S02001815,-1.7901541175977262,Emergency Admissions
Levenmouth,S02001816,0.21231792398967791,Emergency Admissions
Levenmouth,S02001817,-0.5105239819354178,Emergency Admissions
Levenmouth,S02001818,0.31832195497781923,Emergency Admissions
Levenmouth,S02001819,-1.569410689242559,Emergency Admissions
Levenmouth,S02001820,1.5819664301732654,Emergency Admissions
Levenmouth,S02001821,0.9520047630783506,Emergency Admissions
North East Fife,S02001822,-0.7637183082225278,Emergency Admissions
North East Fife,S02001823,0.8717207826731732,Emergency Admissions
North East Fife,S02001824,1.0431238423059257,Emergency Admissions
North East Fife,S02001825,-0.8620939542862727,Emergency Admissions
North East Fife,S02001826,-0.8677139635813115,Emergency Admissions
North East Fife,S02001827,0.314722362168338,Emergency Admissions
North East Fife,S02001828,-1.9498373006826055,Emergency Admissions
North East Fife,S02001829,1.007529779466458,Emergency Admissions
North East Fife,S02001830,-1.3658011848549132,Emergency Admissions
North East Fife,S02001831,0.49132344375226966,Emergency Admissions
North East Fife,S02001832,-0.7380179710198325,Emergency Admissions
North East Fife,S02001833,0.8718239547544718,Emergency Admissions
North East Fife,S02001834,0.32517895702780014,Emergency Admissions
North East Fife,S02001835,-1.1108600333554841,Emergency Admissions
North East Fife,S02001836,1.2803931510739515,Emergency Admissions
North East Fife,S02001837,0.4774044100103523,Emergency Admissions
North East Fife,S02001838,1.608072525851717,Emergency Admissions
North East Fife,S02001839,-0.8855123489993005,Emergency Admissions
North East Fife,S02001840,0.3869804591702787,Emergency Admissions
North East Fife,S02001841,-0.13471860325249113,Emergency Admissions
South West Fife,S02001738,-3.045113549599367,Early Mortality
South West Fife,S02001739,0.10568503576478414,Early Mortality
South West Fife,S02001740,-0.5619833583055109,Early Mortality
South West Fife,S02001741,-0.6795204508286173,Early Mortality
South West Fife,S02001742,0.8557404886161553,Early Mortality
South West Fife,S02001743,-0.06597950209750773,Early Mortality
Dunfermline,S02001744,0.9785640473501923,Early Mortality
Dunfermline,S02001745,-0.10330631863133259,Early Mortality
Dunfermline,S02001746,0.30103412466864926,Early Mortality
Dunfermline,S02001747,-1.247030582821012,Early Mortality
Dunfermline,S02001748,1.008351381040919,Early Mortality
Dunfermline,S02001749,0.8526364660026237,Early Mortality
Dunfermline,S02001750,0.715086278763004,Early Mortality
Dunfermline,S02001751,-0.20630454098983442,Early Mortality
Dunfermline,S02001752,-1.710980481840687,Early Mortality
Dunfermline,S02001753,-0.3981757586981253,Early Mortality
Dunfermline,S02001754,0.24661293629298328,Early Mortality
Dunfermline,S02001755,-2.0638930956366974,Early Mortality
Dunfermline,S02001756,1.5624758654229944,Early Mortality
Dunfermline,S02001757,-0.15682479641557434,Early Mortality
Dunfermline,S02001758,-0.19845981582736968,Early Mortality
South West Fife,S02001759,-0.135058464437972,Early Mortality
South West Fife,S02001760,0.31863545236322327,Early Mortality
South West Fife,S02001761,0.011706252758516696,Early Mortality
South West Fife,S02001762,0.8960189712676873,Early Mortality
South West Fife,S02001763,0.0052402804446509705,Early Mortality
South West Fife,S02001764,-0.19128974853168215,Early Mortality
South West Fife,S02001765,0.022057072806789806,Early Mortality
South West Fife,S02001766,1.2990967302194159,Early Mortality
South West Fife,S02001767,-0.07944945251911259,Early Mortality
Dunfermline,S02001768,0.4202142913192668,Early Mortality
Cowdenbeath,S02001769,0.7504916195996227,Early Mortality
Cowdenbeath,S02001770,-0.9251891950597501,Early Mortality
Cowdenbeath,S02001771,0.2642490272548071,Early Mortality
Cowdenbeath,S02001772,1.0120313238384042,Early Mortality
Cowdenbeath,S02001773,0.11166560215160878,Early Mortality
Cowdenbeath,S02001774,-0.8365507898084603,Early Mortality
Cowdenbeath,S02001775,-1.314685981972852,Early Mortality
Cowdenbeath,S02001776,1.049205692553282,Early Mortality
Cowdenbeath,S02001777,1.1566308985330551,Early Mortality
Cowdenbeath,S02001778,-1.267848197089717,Early Mortality
South West Fife,S02001779,1.2442142420785463,Early Mortality
Kirkcaldy,S02001780,0.731368357125801,Early Mortality
Kirkcaldy,S02001781,-1.776467941421109,Early Mortality
Kirkcaldy,S02001782,0.6854189710747892,Early Mortality
Kirkcaldy,S02001783,0.29360756823591866,Early Mortality
Kirkcaldy,S02001784,0.4565314363789587,Early Mortality
Kirkcaldy,S02001785,-0.7209156976375478,Early Mortality
Kirkcaldy,S02001786,-0.2840195749227312,Early Mortality
Kirkcaldy,S02001787,2.2057020938856575,Early Mortality
Kirkcaldy,S02001788,0.29251680249071293,Early Mortality
Kirkcaldy,S02001789,-1.0125830350782177,Early Mortality
Kirkcaldy,S02001790,-1.515844258211729,Early Mortality
Kirkcaldy,S02001791,-0.17272228366306883,Early Mortality
Kirkcaldy,S02001792,1.33578424906851,Early Mortality
Kirkcaldy,S02001793,-0.4292143368883661,Early Mortality
Kirkcaldy,S02001794,0.3716559877304282,Early Mortality
Kirkcaldy,S02001795,-0.6929950703463781,Early Mortality
Kirkcaldy,S02001796,0.23217673217837193,Early Mortality
Levenmouth,S02001797,0.6778124578749228,Early Mortality
Glenrothes,S02001798,0.07455123863175195,Early Mortality
Glenrothes,S02001799,1.1831404807835681,Early Mortality
Glenrothes,S02001800,-0.4474070430227808,Early Mortality
Glenrothes,S02001801,1.4678159425762072,Early Mortality
Glenrothes,S02001802,-0.2382859902815719,Early Mortality
Glenrothes,S02001803,0.446874212384274,Early Mortality
Glenrothes,S02001804,0.47167596629508834,Early Mortality
Glenrothes,S02001805,-0.14969565746858424,Early Mortality
Glenrothes,S02001806,-1.2785538299851282,Early Mortality
Glenrothes,S02001807,1.8315985361746914,Early Mortality
Glenrothes,S02001808,-1.0937216118077346,Early Mortality
Glenrothes,S02001809,-0.4686140827005054,Early Mortality
Glenrothes,S02001810,-1.4973679784875877,Early Mortality
Glenrothes,S02001811,-0.3020101830916884,Early Mortality
Levenmouth,S02001812,0.7022916675008611,Early Mortality
Levenmouth,S02001813,-0.9387558603634163,Early Mortality
Levenmouth,S02001814,-0.05749511740697992,Early Mortality
Levenmouth,S02001815,-1.5953205287312482,Early Mortality
Levenmouth,S02001816,0.19551403805196138,Early Mortality
Levenmouth,S02001817,-1.6251275262841371,Early Mortality
Levenmouth,S02001818,0.5557306888878553,Early Mortality
Levenmouth,S02001819,0.8309041443388692,Early Mortality
Levenmouth,S02001820,1.3863079613456961,Early Mortality
Levenmouth,S02001821,-0.13186192521438422,Early Mortality
North East Fife,S02001822,-0.784686394121359,Early Mortality
North East Fife,S02001823,1.715068815658523,Early Mortality
North East Fife,S02001824,-0.3014485590124876,Early Mortality
North East Fife,S02001825,0.5711987818501286,Early Mortality
North East Fife,S02001826,1.811617986976087,Early Mortality
North East Fife,S02001827,-1.946955402738796,Early Mortality
North East Fife,S02001828,0.6036344597682952,Early Mortality
North East Fife,S02001829,-0.4871182805386829,Early Mortality
North East Fife,S02001830,-0.36534549543997513,Early Mortality
North East Fife,S02001831,-0.04929652100341598,Early Mortality
North East Fife,S02001832,0.22473368839751423,Early Mortality
North East Fife,S02001833,-0.6142638329831767,Early Mortality
North East Fife,S02001834,0.3567302895792972,Early Mortality
North East Fife,S02001835,-1.2422679028734034,Early Mortality
North East Fife,S02001836,-1.2821692721269702,Early Mortality
North East Fife,S02001837,-0.24846475982189936,Early Mortality
North East Fife,S02001838,0.695174798746884,Early Mortality
North East Fife,S02001839,-0.7969375785446887,Early Mortality
North East Fife,S02001840,1.0419195440876916,Early Mortality
North East Fife,S02001841,1.0988756341404335,Early Mortality
South West Fife,S02001738,-0.19733869035676346,Depopulation
South West Fife,S02001739,-0.32157077409272355,Depopulation
South West Fife,S02001740,-2.5821045136471663,Depopulation
South West Fife,S02001741,-0.48790724061627555,Depopulation
South West Fife,S02001742,0.01251611578054978,Depopulation
South West Fife,S02001743,0.3568602615224695,Depopulation
Dunfermline,S02001744,0.3443642782056878,Depopulation
Dunfermline,S02001745,0.034528603563712096,Depopulation
Dunfermline,S02001746,0.23281366789864544,Depopulation
Dunfermline,S02001747,0.38691013574190275,Depopulation
Dunfermline,S02001748,0.41039276691153753,Depopulation
Dunfermline,S02001749,0.6824658372090202,Depopulation
Dunfermline,S02001750,0.6274488923870039,Depopulation
Dunfermline,S02001751,-2.4678826513004366,Depopulation
Dunfermline,S02001752,-0.1834265716671994,Depopulation
Dunfermline,S02001753,-0.3214059386616533,Depopulation
Dunfermline,S02001754,0.4478547216253874,Depopulation
Dunfermline,S02001755,0.6476728665898251,Depopulation
Dunfermline,S02001756,-2.3059493344279707,Depopulation
Dunfermline,S02001757,0.8883890898788861,Depopulation
Dunfermline,S02001758,0.8020011151371802,Depopulation
South West Fife,S02001759,0.6470840504359195,Depopulation
South West Fife,S02001760,0.2567287266125227,Depopulation
South West Fife,S02001761,0.07712167508278146,Depopulation
South West Fife,S02001762,0.06796861147324669,Depopulation
South West Fife,S02001763,0.8890923223017155,Depopulation
South West Fife,S02001764,-0.34527257994553906,Depopulation
South West Fife,S02001765,1.3522108744931836,Depopulation
South West Fife,S02001766,0.780855974371528,Depopulation
South West Fife,S02001767,1.1349664183633577,Depopulation
Dunfermline,S02001768,-0.22617747909152933,Depopulation
Cowdenbeath,S02001769,-0.3039632468909101,Depopulation
Cowdenbeath,S02001770,1.0070204071534277,Depopulation
Cowdenbeath,S02001771,-1.441320223502048,Depopulation
Cowdenbeath,S02001772,-0.06800830766037046,Depopulation
Cowdenbeath,S02001773,-0.46676898150027396,Depopulation
Cowdenbeath,S02001774,0.8752031858382979,Depopulation
Cowdenbeath,S02001775,0.42003724589122077,Depopulation
Cowdenbeath,S02001776,-1.4355280212917445,Depopulation
Cowdenbeath,S02001777,-0.18544401164238342,Depopulation
Cowdenbeath,S02001778,1.5987719536047837,Depopulation
South West Fife,S02001779,-1.6412112317788068,Depopulation
Kirkcaldy,S02001780,-0.1586043706291099,Depopulation
Kirkcaldy,S02001781,0.8895120227155009,Depopulation
Kirkcaldy,S02001782,1.0834781137920484,Depopulation
Kirkcaldy,S02001783,-0.2200299367063912,Depopulation
Kirkcaldy,S02001784,-0.8561995778450786,Depopulation
Kirkcaldy,S02001785,-0.15304123157345947,Depopulation
Kirkcaldy,S02001786,0.10236003163235748,Depopulation
Kirkcaldy,S02001787,0.37370267747727987,Depopulation
Kirkcaldy,S02001788,0.22255502818641576,Depopulation
Kirkcaldy,S02001789,-0.14852761058214672,Depopulation
Kirkcaldy,S02001790,1.3055418833382249,Depopulation
Kirkcaldy,S02001791,0.8493955000832116,Depopulation
Kirkcaldy,S02001792,-0.6573697251116881,Depopulation
Kirkcaldy,S02001793,0.21259220167257692,Depopulation
Kirkcaldy,S02001794,0.6130429756829774,Depopulation
Kirkcaldy,S02001795,-3.093699488400067,Depopulation
Kirkcaldy,S02001796,-0.3647084937326523,Depopulation
Levenmouth,S02001797,-1.7005687478143041,Depopulation
Glenrothes,S02001798,-0.031451311329022326,Depopulation
Glenrothes,S02001799,-0.7093934949325383,Depopulation
Glenrothes,S02001800,-0.901284745106988,Depopulation
Glenrothes,S02001801,-0.42049036536873874,Depopulation
Glenrothes,S02001802,0.29727128126180014,Depopulation
Glenrothes,S02001803,0.2727312503736038,Depopulation
Glenrothes,S02001804,1.6726132427249278,Depopulation
Glenrothes,S02001805,0.010632806353745182,Depopulation
Glenrothes,S02001806,-0.5222366423872503,Depopulation
Glenrothes,S02001807,-0.12732293157749913,Depopulation
Glenrothes,S02001808,-0.06165936505592629,Depopulation
Glenrothes,S02001809,0.37358552752784363,Depopulation
Glenrothes,S02001810,2.0863398259879022,Depopulation
Glenrothes,S02001811,-1.9393350784718606,Depopulation
Levenmouth,S02001812,1.102655811500511,Depopulation
Levenmouth,S02001813,0.6110823092490046,Depopulation
Levenmouth,S02001814,0.8422969618864548,Depopulation
Levenmouth,S02001815,0.9168204437322061,Depopulation
Levenmouth,S02001816,0.28375478529665144,Depopulation
Levenmouth,S02001817,-0.11565758823743943,Depopulation
Levenmouth,S02001818,-1.6757698504078475,Depopulation
Levenmouth,S02001819,0.42640361753656447,Depopulation
Levenmouth,S02001820,-0.9138836402180175,Depopulation
Levenmouth,S02001821,0.22286589747621646,Depopulation
North East Fife,S02001822,0.40708811341613066,Depopulation
North East Fife,S02001823,0.7514813234573593,Depopulation
North East Fife,S02001824,0.2950472074073423,Depopulation
North East Fife,S02001825,0.10481967898864016,Depopulation
North East Fife,S02001826,-0.3024360545904463,Depopulation
North East Fife,S02001827,0.5790243752479827,Depopulation
North East Fife,S02001828,0.9692789170149552,Depopulation
North East Fife,S02001829,-0.16437478681178977,Depopulation
North East Fife,S02001830,-0.3389050531483114,Depopulation
North East Fife,S02001831,-0.03542983294540818,Depopulation
North East Fife,S02001832,-1.5251647633076126,Depopulation
North East Fife,S02001833,-0.21500978343876614,Depopulation
North East Fife,S02001834,2.292785927907789,Depopulation
North East Fife,S02001835,0.4141802485880078,Depopulation
North East Fife,S02001836,1.316387432718554,Depopulation
North East Fife,S02001837,-1.1101935948091495,Depopulation
North East Fife,S02001838,-1.9334983807129245,Depopulation
North East Fife,S02001839,-1.321949542968419,Depopulation
North East Fife,S02001840,-0.534981712027099,Depopulation
North East Fife,S02001841,0.35185028001316454,Depopulation
